commande_id,date_commande,client_id,produit_id,quantite,remise,statut,mode_paiement
CMD00001,2025-01-01 11:22,C0863,P030,1,0.1,Livrée,PayPal
CMD00002,2025-01-01 11:44,C0885,P016,1,0.0,Livrée,Carte bancaire
CMD00003,2025-01-01 12:10,C0329,P021,1,0.0,Livrée,Carte bancaire
CMD00004,2025-01-01 12:12,C0484,P005,1,0.0,Livrée,Paiement en 3x
CMD00005,2025-01-01 12:26,C0135,P016,1,0.2,Livrée,Carte bancaire
CMD00006,2025-01-01 14:09,C0875,P013,1,0.2,Livrée,Carte bancaire
CMD00007,2025-01-01 17:35,C0145,P015,4,0.1,Livrée,PayPal
CMD00008,2025-01-01 19:28,C0497,P026,2,0.1,Livrée,Carte bancaire
CMD00009,2025-01-01 20:01,C1081,P004,1,0.2,Retournée,Paiement en 3x
CMD00010,2025-01-01 20:45,C1093,P040,3,0.0,Annulée,Carte bancaire
CMD00011,2025-01-01 21:04,C0322,P040,2,0.0,Livrée,Carte bancaire
CMD00012,2025-01-01 21:05,C0253,P035,2,0.0,Livrée,PayPal
CMD00013,2025-01-01 21:06,C0421,P040,2,0.0,Livrée,Carte bancaire
CMD00014,2025-01-01 23:03,C0971,P033,1,0.0,Livrée,Carte bancaire
CMD00015,2025-01-02 08:57,C1125,P022,1,0.0,Livrée,PayPal
CMD00016,2025-01-02 12:49,C1070,P019,1,0.0,Livrée,Carte bancaire
CMD00017,2025-01-02 13:04,C0421,P024,1,0.2,Livrée,Carte bancaire
CMD00018,2025-01-02 13:17,C1038,P020,2,0.1,Livrée,PayPal
CMD00019,2025-01-02 13:59,C0859,P040,2,0.0,Livrée,Carte bancaire
CMD00020,2025-01-02 15:23,C0382,P014,5,0.0,Livrée,Carte bancaire
CMD00021,2025-01-02 15:45,C0903,P013,1,0.1,Livrée,Carte bancaire
CMD00022,2025-01-02 17:15,C0254,P021,1,0.1,Annulée,Carte bancaire
CMD00023,2025-01-02 17:47,C0666,P025,5,0.2,Livrée,PayPal
CMD00024,2025-01-02 18:12,C0594,P036,1,0.0,Livrée,Carte bancaire
CMD00025,2025-01-02 18:20,C1121,P019,1,0.0,Retournée,Carte bancaire
CMD00026,2025-01-02 18:45,C1034,P031,4,0.0,Livrée,Carte bancaire
CMD00027,2025-01-02 20:02,C0973,P010,1,0.0,Livrée,PayPal
CMD00028,2025-01-02 20:10,C0065,P021,1,0.0,Livrée,Carte bancaire
CMD00029,2025-01-02 20:14,C0044,P014,5,0.0,Livrée,PayPal
CMD00030,2025-01-02 21:18,C0348,P006,2,0.0,Livrée,PayPal
CMD00031,2025-01-02 21:28,C0085,P036,1,0.0,Retournée,Carte bancaire
CMD00032,2025-01-02 22:37,C0994,P016,1,0.0,Livrée,Carte bancaire
CMD00033,2025-01-02 22:57,C0192,P008,1,0.1,Annulée,Carte bancaire
CMD00034,2025-01-03 07:17,C0821,P028,5,0.0,Livrée,Carte bancaire
CMD00035,2025-01-03 08:50,C0857,P024,2,0.1,Retournée,Carte bancaire
CMD00036,2025-01-03 09:03,C0072,P037,3,0.0,Livrée,Carte bancaire
CMD00037,2025-01-03 12:12,C0660,P021,1,0.0,Livrée,PayPal
CMD00038,2025-01-03 13:32,C0875,P016,2,0.0,Livrée,Carte bancaire
CMD00039,2025-01-03 16:41,C0044,P035,1,0.0,Livrée,Carte bancaire
CMD00040,2025-01-03 17:47,C0381,P021,1,0.0,Livrée,PayPal
CMD00041,2025-01-03 18:56,C0419,P008,2,0.1,Retournée,Carte bancaire
CMD00042,2025-01-03 18:58,C0254,P006,2,0.0,Livrée,Carte bancaire
CMD00043,2025-01-03 19:55,C0182,P016,1,0.0,Livrée,PayPal
CMD00044,2025-01-03 20:35,C0660,P036,1,0.0,Livrée,Carte bancaire
CMD00045,2025-01-03 20:44,C0168,P017,1,0.0,Livrée,Carte bancaire
CMD00046,2025-01-03 20:52,C0107,P034,2,0.0,Livrée,Carte bancaire
CMD00047,2025-01-03 20:54,C0444,P026,1,0.0,Livrée,Paiement en 3x
CMD00048,2025-01-03 21:10,C0385,P015,1,0.0,Livrée,PayPal
CMD00049,2025-01-03 21:51,C0096,P027,1,0.0,Annulée,Virement
CMD00050,2025-01-03 22:09,C0339,P037,2,0.1,Livrée,Paiement en 3x
CMD00051,2025-01-03 22:40,C0803,P017,3,0.1,Retournée,Carte bancaire
CMD00052,2025-01-03 23:13,C1193,P019,4,0.0,Livrée,Paiement en 3x
CMD00053,2025-01-04 07:11,C0834,P027,1,0.0,Livrée,PayPal
CMD00054,2025-01-04 09:42,C0938,P011,2,0.0,Livrée,Carte bancaire
CMD00055,2025-01-04 10:23,C0010,P004,1,0.0,Livrée,Paiement en 3x
CMD00056,2025-01-04 12:13,C0687,P013,1,0.1,Livrée,Carte bancaire
CMD00057,2025-01-04 13:28,C0672,P012,2,0.0,Livrée,Paiement en 3x
CMD00058,2025-01-04 14:39,C0079,P032,1,0.0,Livrée,PayPal
CMD00059,2025-01-04 15:57,C0777,P008,1,0.0,Livrée,Carte bancaire
CMD00060,2025-01-04 17:18,C0894,P008,1,0.0,Livrée,Virement
CMD00061,2025-01-04 17:47,C0254,P001,1,0.1,Livrée,Carte bancaire
CMD00062,2025-01-04 17:47,C0786,P040,2,0.1,Livrée,Paiement en 3x
CMD00063,2025-01-04 17:53,C0898,P036,2,0.0,Livrée,Carte bancaire
CMD00064,2025-01-04 18:16,C0836,P030,1,0.0,Livrée,Carte bancaire
CMD00065,2025-01-04 18:40,C0213,P020,2,0.1,Livrée,Carte bancaire
CMD00066,2025-01-04 18:54,C0224,P017,1,0.0,Livrée,Carte bancaire
CMD00067,2025-01-04 19:47,C0632,P027,1,0.1,Livrée,Carte bancaire
CMD00068,2025-01-04 20:25,C0858,P032,1,0.0,Retournée,Carte bancaire
CMD00069,2025-01-04 20:51,C0384,P019,1,0.0,Livrée,Carte bancaire
CMD00070,2025-01-04 21:16,C1185,P035,2,0.2,Livrée,Carte bancaire
CMD00071,2025-01-05 09:50,C0365,P024,1,0.1,Livrée,Carte bancaire
CMD00072,2025-01-05 10:38,C0920,P014,2,0.0,Livrée,Carte bancaire
CMD00073,2025-01-05 10:55,C1085,P015,1,0.0,Livrée,PayPal
CMD00074,2025-01-05 11:22,C0716,P012,1,0.0,Livrée,Carte bancaire
CMD00075,2025-01-05 12:39,C0581,P025,1,0.0,Livrée,Paiement en 3x
CMD00076,2025-01-05 12:45,C0876,P025,4,0.0,Livrée,Carte bancaire
CMD00077,2025-01-05 12:49,C0859,P002,2,0.1,Livrée,Paiement en 3x
CMD00078,2025-01-05 12:50,C0459,P008,1,0.0,Livrée,Carte bancaire
CMD00079,2025-01-05 13:08,C0213,P031,2,0.0,Livrée,Carte bancaire
CMD00080,2025-01-05 13:49,C0044,P040,1,0.0,Livrée,PayPal
CMD00081,2025-01-05 15:20,C1034,P022,1,0.1,Livrée,PayPal
CMD00082,2025-01-05 15:29,C0762,P011,1,0.0,Livrée,Carte bancaire
CMD00083,2025-01-05 18:22,C0221,P016,1,0.0,Livrée,Carte bancaire
CMD00084,2025-01-05 20:15,C0046,P003,1,0.0,Livrée,Carte bancaire
CMD00085,2025-01-05 20:40,C0692,P039,3,0.0,Livrée,Carte bancaire
CMD00086,2025-01-05 20:49,C0044,P035,5,0.0,Livrée,Carte bancaire
CMD00087,2025-01-05 23:17,C0384,P034,1,0.0,Annulée,Carte bancaire
CMD00088,2025-01-06 08:31,C0576,P013,1,0.0,Livrée,Paiement en 3x
CMD00089,2025-01-06 08:38,C0562,P016,1,0.0,Livrée,Paiement en 3x
CMD00090,2025-01-06 13:28,C1116,P017,2,0.0,Livrée,PayPal
CMD00091,2025-01-06 17:49,C0458,P001,1,0.0,Livrée,Carte bancaire
CMD00092,2025-01-06 18:27,C0811,P018,3,0.0,Livrée,PayPal
CMD00093,2025-01-06 19:34,C0796,P013,1,0.0,Retournée,PayPal
CMD00094,2025-01-06 20:25,C0107,P024,1,0.1,Livrée,Carte bancaire
CMD00095,2025-01-06 20:29,C0418,P021,1,0.0,Livrée,PayPal
CMD00096,2025-01-06 22:34,C1094,P018,2,0.0,Livrée,Carte bancaire
CMD00097,2025-01-07 06:47,C0282,P014,1,0.0,Livrée,Carte bancaire
CMD00098,2025-01-07 09:01,C1040,P037,1,0.2,Livrée,PayPal
CMD00099,2025-01-07 11:40,C0016,P011,1,0.0,Livrée,PayPal
CMD00100,2025-01-07 12:53,C0094,P004,1,0.0,Livrée,Paiement en 3x
CMD00101,2025-01-07 13:12,C0276,P035,1,0.0,Livrée,Carte bancaire
CMD00102,2025-01-07 13:18,C0405,P012,1,0.2,Livrée,Carte bancaire
CMD00103,2025-01-07 14:40,C0110,P026,2,0.0,Livrée,Carte bancaire
CMD00104,2025-01-07 18:06,C0856,P021,2,0.0,Livrée,Carte bancaire
CMD00105,2025-01-07 18:31,C0544,P016,1,0.1,Livrée,Carte bancaire
CMD00106,2025-01-07 18:35,C0796,P036,1,0.0,Livrée,PayPal
CMD00107,2025-01-07 20:04,C0116,P002,2,0.1,Livrée,Carte bancaire
CMD00108,2025-01-07 21:18,C0337,P019,1,0.0,Livrée,Carte bancaire
CMD00109,2025-01-07 21:56,C0069,P021,1,0.0,Livrée,Carte bancaire
CMD00110,2025-01-07 22:27,C0404,P014,1,0.2,Livrée,Carte bancaire
CMD00111,2025-01-07 23:28,C0118,P021,1,0.0,Livrée,PayPal
CMD00112,2025-01-08 06:11,C0761,P040,1,0.0,Livrée,PayPal
CMD00113,2025-01-08 08:22,C0335,P001,1,0.0,Livrée,Carte bancaire
CMD00114,2025-01-08 10:53,C0184,P024,1,0.0,Livrée,Carte bancaire
CMD00115,2025-01-08 11:52,C0099,P026,3,0.0,Livrée,Virement
CMD00116,2025-01-08 12:33,C0449,P016,1,0.0,Livrée,Carte bancaire
CMD00117,2025-01-08 13:37,C0879,P005,2,0.0,Livrée,Carte bancaire
CMD00118,2025-01-08 18:03,C1086,P029,1,0.0,Livrée,Carte bancaire
CMD00119,2025-01-08 20:12,C0661,P011,1,0.0,Livrée,Carte bancaire
CMD00120,2025-01-08 21:11,C0215,P015,3,0.0,Retournée,Virement
CMD00121,2025-01-08 22:20,C0182,P021,1,0.0,Retournée,Carte bancaire
CMD00122,2025-01-09 00:06,C0878,P039,3,0.0,Livrée,Carte bancaire
CMD00123,2025-01-09 06:05,C1184,P020,1,0.0,Livrée,Carte bancaire
CMD00124,2025-01-09 07:55,C0309,P004,1,0.0,Livrée,Paiement en 3x
CMD00125,2025-01-09 10:13,C0190,P019,1,0.0,Livrée,Carte bancaire
CMD00126,2025-01-09 12:51,C0011,P025,1,0.0,Livrée,PayPal
CMD00127,2025-01-09 13:07,C0046,P024,1,0.1,Livrée,Paiement en 3x
CMD00128,2025-01-09 13:18,C0672,P031,1,0.0,Livrée,Virement
CMD00129,2025-01-09 13:28,C0135,P026,1,0.0,Livrée,PayPal
CMD00130,2025-01-09 14:08,C0010,P039,2,0.0,Livrée,Carte bancaire
CMD00131,2025-01-09 14:20,C0803,P008,1,0.2,Livrée,PayPal
CMD00132,2025-01-09 16:24,C1066,P005,1,0.2,Livrée,Carte bancaire
CMD00133,2025-01-09 16:54,C0489,P039,5,0.1,Livrée,Carte bancaire
CMD00134,2025-01-09 19:06,C0750,P014,2,0.0,Livrée,Carte bancaire
CMD00135,2025-01-09 19:31,C0705,P027,4,0.0,Retournée,Carte bancaire
CMD00136,2025-01-09 20:10,C0152,P024,5,0.0,Livrée,Carte bancaire
CMD00137,2025-01-09 20:28,C0868,P029,1,0.0,Livrée,Carte bancaire
CMD00138,2025-01-09 23:47,C0798,P011,2,0.0,Livrée,Carte bancaire
CMD00139,2025-01-10 08:19,C0167,P020,1,0.0,Livrée,PayPal
CMD00140,2025-01-10 11:06,C0855,P020,1,0.0,Livrée,Virement
CMD00141,2025-01-10 11:29,C0612,P026,1,0.0,Livrée,Virement
CMD00142,2025-01-10 15:00,C0542,P020,1,0.2,Livrée,Carte bancaire
CMD00143,2025-01-10 18:16,C0971,P031,2,0.1,Livrée,Virement
CMD00144,2025-01-10 18:36,C0430,P010,1,0.0,Livrée,Carte bancaire
CMD00145,2025-01-10 18:43,C0698,P034,1,0.0,Livrée,Carte bancaire
CMD00146,2025-01-10 19:55,C0338,P034,2,0.0,Livrée,Carte bancaire
CMD00147,2025-01-10 22:37,C0919,P009,1,0.0,Livrée,Carte bancaire
CMD00148,2025-01-11 08:36,C0050,P026,1,0.1,Livrée,Carte bancaire
CMD00149,2025-01-11 11:26,C0620,P040,2,0.0,Livrée,Carte bancaire
CMD00150,2025-01-11 11:38,C0633,P035,3,0.0,Livrée,Carte bancaire
CMD00151,2025-01-11 12:01,C0978,P011,1,0.0,Livrée,Carte bancaire
CMD00152,2025-01-11 12:05,C1056,P016,1,0.0,Livrée,Carte bancaire
CMD00153,2025-01-11 12:34,C0584,P030,1,0.1,Livrée,Carte bancaire
CMD00154,2025-01-11 13:03,C0609,P040,3,0.1,Livrée,Carte bancaire
CMD00155,2025-01-11 13:13,C0037,P026,2,0.1,Livrée,Carte bancaire
CMD00156,2025-01-11 14:57,C0676,P012,3,0.0,Livrée,Carte bancaire
CMD00157,2025-01-11 15:09,C0102,P001,1,0.0,Livrée,Paiement en 3x
CMD00158,2025-01-11 15:59,C0418,P016,1,0.0,Livrée,Carte bancaire
CMD00159,2025-01-11 16:53,C0043,P010,2,0.0,Annulée,PayPal
CMD00160,2025-01-11 17:10,C0472,P014,2,0.0,Livrée,Carte bancaire
CMD00161,2025-01-11 18:32,C0597,P026,1,0.0,Livrée,PayPal
CMD00162,2025-01-11 19:28,C0931,P019,1,0.1,Livrée,PayPal
CMD00163,2025-01-11 19:40,C1026,P028,2,0.0,Livrée,Paiement en 3x
CMD00164,2025-01-11 20:10,C0111,P013,2,0.0,Annulée,Carte bancaire
CMD00165,2025-01-11 20:35,C0046,P020,1,0.1,Livrée,PayPal
CMD00166,2025-01-11 21:27,C0436,P028,1,0.0,Livrée,Carte bancaire
CMD00167,2025-01-11 22:00,C0547,P015,1,0.0,Livrée,Carte bancaire
CMD00168,2025-01-11 22:26,C0969,P016,4,0.0,Annulée,Carte bancaire
CMD00169,2025-01-11 22:49,C0705,P036,3,0.1,Livrée,Carte bancaire
CMD00170,2025-01-12 06:27,C0335,P024,1,0.1,Livrée,Carte bancaire
CMD00171,2025-01-12 10:50,C0217,P013,1,0.0,Livrée,Carte bancaire
CMD00172,2025-01-12 11:05,C0118,P018,1,0.0,Livrée,Carte bancaire
CMD00173,2025-01-12 11:36,C0430,P034,1,0.0,Livrée,Paiement en 3x
CMD00174,2025-01-12 14:11,C0408,P028,1,0.0,Livrée,Carte bancaire
CMD00175,2025-01-12 14:40,C0489,P032,2,0.0,Livrée,PayPal
CMD00176,2025-01-12 15:27,C0353,P016,1,0.2,Livrée,PayPal
CMD00177,2025-01-12 15:59,C0181,P036,2,0.0,Livrée,Paiement en 3x
CMD00178,2025-01-12 16:00,C0700,P040,2,0.2,Livrée,PayPal
CMD00179,2025-01-12 17:38,C0656,P025,1,0.0,Livrée,Carte bancaire
CMD00180,2025-01-12 18:11,C0894,P038,3,0.0,Livrée,PayPal
CMD00181,2025-01-12 18:44,C0409,P016,2,0.1,Livrée,PayPal
CMD00182,2025-01-12 19:12,C0923,P013,2,0.1,Livrée,Paiement en 3x
CMD00183,2025-01-12 19:33,C0432,P023,1,0.0,Livrée,Carte bancaire
CMD00184,2025-01-12 20:37,C0244,P034,2,0.2,Livrée,PayPal
CMD00185,2025-01-12 20:39,C0334,P001,1,0.0,Livrée,Paiement en 3x
CMD00186,2025-01-12 20:46,C0849,P002,2,0.0,Livrée,Paiement en 3x
CMD00187,2025-01-12 21:02,C0853,P010,1,0.0,Livrée,Carte bancaire
CMD00188,2025-01-12 21:21,C0094,P039,3,0.0,Livrée,PayPal
CMD00189,2025-01-12 21:31,C0821,P039,3,0.2,Livrée,Virement
CMD00190,2025-01-12 21:53,C0145,P023,1,0.0,Livrée,Carte bancaire
CMD00191,2025-01-12 22:20,C0448,P029,2,0.0,Livrée,Carte bancaire
CMD00192,2025-01-12 22:26,C0889,P018,1,0.1,Livrée,Carte bancaire
CMD00193,2025-01-13 08:44,C0044,P022,1,0.2,Livrée,Carte bancaire
CMD00194,2025-01-13 09:04,C0497,P016,1,0.0,Livrée,Paiement en 3x
CMD00195,2025-01-13 09:22,C0599,P017,1,0.0,Livrée,Paiement en 3x
CMD00196,2025-01-13 09:43,C0401,P014,2,0.0,Livrée,Paiement en 3x
CMD00197,2025-01-13 13:52,C0563,P031,2,0.0,Livrée,Carte bancaire
CMD00198,2025-01-13 15:11,C0649,P031,5,0.0,Livrée,PayPal
CMD00199,2025-01-13 18:47,C1112,P015,2,0.0,Livrée,Carte bancaire
CMD00200,2025-01-13 20:20,C0002,P021,1,0.1,Livrée,Carte bancaire
CMD00201,2025-01-13 20:25,C1032,P024,2,0.0,Livrée,Carte bancaire
CMD00202,2025-01-13 20:26,C0878,P015,1,0.0,Retournée,PayPal
CMD00203,2025-01-13 22:01,C0534,P003,1,0.0,Livrée,Carte bancaire
CMD00204,2025-01-14 11:04,C0785,P014,2,0.1,Livrée,Carte bancaire
CMD00205,2025-01-14 12:32,C0057,P022,1,0.1,Livrée,Paiement en 3x
CMD00206,2025-01-14 13:06,C0211,P004,3,0.0,Livrée,Paiement en 3x
CMD00207,2025-01-14 13:41,C0450,P035,4,0.2,Livrée,PayPal
CMD00208,2025-01-14 13:43,C0886,P002,5,0.0,Livrée,Paiement en 3x
CMD00209,2025-01-14 14:26,C0330,P002,1,0.0,Livrée,PayPal
CMD00210,2025-01-14 16:09,C0282,P003,2,0.1,Livrée,Paiement en 3x
CMD00211,2025-01-14 16:59,C0988,P008,1,0.0,Livrée,Carte bancaire
CMD00212,2025-01-14 17:50,C0476,P032,2,0.0,Livrée,Virement
CMD00213,2025-01-14 18:59,C0995,P034,2,0.1,Livrée,PayPal
CMD00214,2025-01-14 19:58,C0789,P015,1,0.0,Livrée,Carte bancaire
CMD00215,2025-01-14 20:26,C1007,P027,2,0.0,Livrée,Carte bancaire
CMD00216,2025-01-14 21:44,C0044,P017,1,0.0,Livrée,Carte bancaire
CMD00217,2025-01-14 23:24,C0894,P018,3,0.0,Livrée,Carte bancaire
CMD00218,2025-01-15 07:12,C0421,P039,2,0.0,Annulée,Carte bancaire
CMD00219,2025-01-15 07:58,C0508,P022,1,0.0,Livrée,Paiement en 3x
CMD00220,2025-01-15 10:49,C0791,P006,1,0.0,Livrée,PayPal
CMD00221,2025-01-15 11:48,C1075,P038,2,0.1,Livrée,Carte bancaire
CMD00222,2025-01-15 12:14,C1092,P012,1,0.0,Livrée,Carte bancaire
CMD00223,2025-01-15 12:38,C0564,P027,1,0.0,Livrée,Carte bancaire
CMD00224,2025-01-15 12:54,C0251,P017,2,0.0,Livrée,Carte bancaire
CMD00225,2025-01-15 13:09,C1196,P039,2,0.1,Livrée,PayPal
CMD00226,2025-01-15 13:41,C0402,P016,1,0.0,Retournée,Carte bancaire
CMD00227,2025-01-15 19:52,C0213,P038,2,0.0,Livrée,Carte bancaire
CMD00228,2025-01-15 20:14,C0094,P028,1,0.0,Livrée,Carte bancaire
CMD00229,2025-01-15 22:09,C0879,P031,2,0.0,Livrée,Carte bancaire
CMD00230,2025-01-16 01:43,C0827,P033,1,0.1,Livrée,Paiement en 3x
CMD00231,2025-01-16 09:21,C0818,P002,1,0.0,Livrée,Carte bancaire
CMD00232,2025-01-16 11:31,C1192,P027,4,0.0,Livrée,Carte bancaire
CMD00233,2025-01-16 12:29,C1013,P001,1,0.0,Livrée,Paiement en 3x
CMD00234,2025-01-16 12:50,C0029,P009,1,0.0,Annulée,Carte bancaire
CMD00235,2025-01-16 18:00,C0047,P023,3,0.0,Livrée,Carte bancaire
CMD00236,2025-01-16 18:04,C0661,P020,1,0.0,Livrée,Paiement en 3x
CMD00237,2025-01-16 19:04,C0835,P007,1,0.0,Livrée,Carte bancaire
CMD00238,2025-01-16 19:42,C0325,P034,1,0.1,Livrée,Paiement en 3x
CMD00239,2025-01-16 20:16,C0911,P027,1,0.0,Livrée,PayPal
CMD00240,2025-01-16 20:17,C0016,P026,1,0.0,Livrée,Carte bancaire
CMD00241,2025-01-16 21:51,C1075,P025,2,0.1,Livrée,Carte bancaire
CMD00242,2025-01-16 23:24,C0181,P035,4,0.0,Livrée,Carte bancaire
CMD00243,2025-01-17 07:19,C0898,P024,1,0.0,Annulée,Carte bancaire
CMD00244,2025-01-17 08:18,C0228,P013,1,0.1,Livrée,Carte bancaire
CMD00245,2025-01-17 09:17,C0687,P035,2,0.2,Livrée,Carte bancaire
CMD00246,2025-01-17 11:12,C1077,P038,1,0.0,Livrée,Carte bancaire
CMD00247,2025-01-17 11:50,C1007,P015,2,0.0,Livrée,Carte bancaire
CMD00248,2025-01-17 12:41,C0253,P016,1,0.0,Livrée,Paiement en 3x
CMD00249,2025-01-17 13:03,C0278,P038,1,0.1,Livrée,PayPal
CMD00250,2025-01-17 13:19,C1196,P028,2,0.0,Livrée,Carte bancaire
CMD00251,2025-01-17 14:10,C0309,P040,3,0.0,Livrée,Carte bancaire
CMD00252,2025-01-17 15:24,C0817,P015,1,0.1,Retournée,Carte bancaire
CMD00253,2025-01-17 15:29,C0309,P023,1,0.0,Livrée,Carte bancaire
CMD00254,2025-01-17 15:48,C0867,P038,2,0.0,Livrée,Carte bancaire
CMD00255,2025-01-17 15:55,C0445,P027,1,0.2,Livrée,PayPal
CMD00256,2025-01-17 18:18,C0248,P014,1,0.0,Livrée,Carte bancaire
CMD00257,2025-01-17 18:20,C0221,P014,1,0.0,Livrée,Carte bancaire
CMD00258,2025-01-17 18:32,C0124,P024,1,0.0,Livrée,Carte bancaire
CMD00259,2025-01-17 19:20,C0993,P021,5,0.0,Annulée,Carte bancaire
CMD00260,2025-01-17 19:28,C0102,P010,1,0.0,Livrée,Carte bancaire
CMD00261,2025-01-17 21:07,C0325,P012,2,0.0,Livrée,PayPal
CMD00262,2025-01-17 21:34,C0217,P037,2,0.2,Livrée,PayPal
CMD00263,2025-01-17 22:07,C0275,P001,2,0.0,Livrée,Carte bancaire
CMD00264,2025-01-17 23:52,C0053,P016,1,0.2,Livrée,Carte bancaire
CMD00265,2025-01-18 06:57,C0990,P030,1,0.0,Livrée,Paiement en 3x
CMD00266,2025-01-18 10:22,C0073,P030,1,0.0,Livrée,Carte bancaire
CMD00267,2025-01-18 14:02,C0816,P021,1,0.0,Livrée,PayPal
CMD00268,2025-01-18 14:32,C0330,P040,1,0.0,Livrée,Carte bancaire
CMD00269,2025-01-18 15:15,C1117,P030,2,0.0,Livrée,Virement
CMD00270,2025-01-18 16:12,C0898,P015,1,0.2,Livrée,Carte bancaire
CMD00271,2025-01-18 18:00,C1031,P036,3,0.0,Livrée,Carte bancaire
CMD00272,2025-01-18 18:15,C0107,P016,1,0.0,Livrée,Carte bancaire
CMD00273,2025-01-18 18:59,C1064,P025,1,0.0,Livrée,Paiement en 3x
CMD00274,2025-01-18 19:33,C0454,P016,2,0.0,Retournée,Carte bancaire
CMD00275,2025-01-18 19:53,C0786,P013,3,0.0,Livrée,Carte bancaire
CMD00276,2025-01-18 21:05,C0927,P006,1,0.1,Livrée,PayPal
CMD00277,2025-01-18 21:16,C0518,P029,1,0.1,Livrée,Carte bancaire
CMD00278,2025-01-18 21:34,C0826,P031,1,0.0,Livrée,Paiement en 3x
CMD00279,2025-01-19 07:11,C0589,P005,1,0.0,Livrée,Paiement en 3x
CMD00280,2025-01-19 12:28,C0927,P020,1,0.1,Livrée,Carte bancaire
CMD00281,2025-01-19 13:02,C0401,P006,1,0.1,Livrée,PayPal
CMD00282,2025-01-19 13:37,C0312,P028,1,0.0,Livrée,Carte bancaire
CMD00283,2025-01-19 15:54,C0681,P040,4,0.0,Livrée,Carte bancaire
CMD00284,2025-01-19 15:55,C0454,P023,1,0.0,Livrée,Paiement en 3x
CMD00285,2025-01-19 17:25,C0260,P007,3,0.0,Livrée,Paiement en 3x
CMD00286,2025-01-19 19:42,C0046,P017,1,0.0,Livrée,Paiement en 3x
CMD00287,2025-01-19 19:51,C0213,P009,2,0.2,Livrée,Carte bancaire
CMD00288,2025-01-19 21:22,C0170,P018,1,0.0,Livrée,Carte bancaire
CMD00289,2025-01-19 22:05,C0347,P024,2,0.0,Annulée,Carte bancaire
CMD00290,2025-01-20 09:40,C0230,P021,2,0.0,Livrée,Carte bancaire
CMD00291,2025-01-20 10:11,C1175,P012,2,0.0,Livrée,Carte bancaire
CMD00292,2025-01-20 11:29,C1041,P015,1,0.2,Livrée,Carte bancaire
CMD00293,2025-01-20 12:09,C0731,P030,2,0.0,Livrée,PayPal
CMD00294,2025-01-20 12:13,C1103,P040,2,0.0,Livrée,Carte bancaire
CMD00295,2025-01-20 13:07,C0968,P005,1,0.0,Livrée,Carte bancaire
CMD00296,2025-01-20 13:16,C0468,P013,3,0.0,Livrée,Carte bancaire
CMD00297,2025-01-20 13:50,C0145,P015,1,0.0,Livrée,Carte bancaire
CMD00298,2025-01-20 14:42,C0786,P004,1,0.0,Livrée,Carte bancaire
CMD00299,2025-01-20 16:02,C0312,P021,1,0.0,Retournée,Carte bancaire
CMD00300,2025-01-20 17:41,C1029,P030,1,0.0,Retournée,Carte bancaire
CMD00301,2025-01-20 18:07,C0365,P011,1,0.1,Livrée,Carte bancaire
CMD00302,2025-01-20 18:42,C0929,P021,1,0.0,Livrée,Carte bancaire
CMD00303,2025-01-20 19:21,C1192,P040,1,0.0,Livrée,Virement
CMD00304,2025-01-20 20:40,C0947,P007,1,0.0,Livrée,Paiement en 3x
CMD00305,2025-01-20 21:45,C0547,P008,1,0.1,Livrée,Carte bancaire
CMD00306,2025-01-20 22:31,C0628,P021,1,0.0,Retournée,Carte bancaire
CMD00307,2025-01-20 22:43,C1085,P007,1,0.0,Livrée,Paiement en 3x
CMD00308,2025-01-21 04:44,C0001,P020,2,0.0,Livrée,PayPal
CMD00309,2025-01-21 07:46,C0962,P017,4,0.0,Livrée,PayPal
CMD00310,2025-01-21 08:57,C0044,P010,1,0.0,Livrée,Carte bancaire
CMD00311,2025-01-21 12:55,C0115,P014,2,0.0,Livrée,Carte bancaire
CMD00312,2025-01-21 14:06,C0503,P015,2,0.0,Livrée,Carte bancaire
CMD00313,2025-01-21 14:20,C0381,P020,2,0.0,Livrée,Carte bancaire
CMD00314,2025-01-21 14:49,C0989,P040,1,0.0,Livrée,Carte bancaire
CMD00315,2025-01-21 15:02,C0492,P012,3,0.0,Livrée,Carte bancaire
CMD00316,2025-01-21 15:08,C0803,P003,3,0.0,Livrée,Paiement en 3x
CMD00317,2025-01-21 15:42,C0252,P025,1,0.0,Livrée,Carte bancaire
CMD00318,2025-01-21 16:58,C0118,P026,3,0.0,Livrée,Carte bancaire
CMD00319,2025-01-21 18:36,C1107,P030,2,0.0,Livrée,Carte bancaire
CMD00320,2025-01-21 19:30,C0474,P032,1,0.1,Annulée,Paiement en 3x
CMD00321,2025-01-21 19:41,C0766,P005,1,0.0,Livrée,Paiement en 3x
CMD00322,2025-01-21 21:23,C0976,P040,2,0.0,Livrée,Carte bancaire
CMD00323,2025-01-21 22:23,C0990,P013,2,0.1,Livrée,Paiement en 3x
CMD00324,2025-01-21 23:54,C0698,P017,1,0.0,Livrée,Carte bancaire
CMD00325,2025-01-22 07:24,C0074,P009,1,0.1,Livrée,Paiement en 3x
CMD00326,2025-01-22 09:07,C0731,P022,4,0.1,Livrée,Carte bancaire
CMD00327,2025-01-22 11:05,C1056,P025,1,0.0,Livrée,Carte bancaire
CMD00328,2025-01-22 11:07,C0959,P033,2,0.0,Livrée,PayPal
CMD00329,2025-01-22 11:56,C0530,P009,1,0.1,Retournée,Carte bancaire
CMD00330,2025-01-22 11:56,C0215,P036,1,0.0,Annulée,Carte bancaire
CMD00331,2025-01-22 11:57,C0319,P008,1,0.0,Livrée,PayPal
CMD00332,2025-01-22 13:42,C0495,P017,1,0.1,Livrée,Carte bancaire
CMD00333,2025-01-22 14:37,C0405,P006,5,0.0,Livrée,Paiement en 3x
CMD00334,2025-01-22 20:17,C0339,P027,1,0.0,Livrée,PayPal
CMD00335,2025-01-22 20:59,C0217,P038,3,0.1,Livrée,PayPal
CMD00336,2025-01-22 21:08,C1008,P035,4,0.0,Livrée,Carte bancaire
CMD00337,2025-01-22 21:19,C0882,P030,2,0.0,Livrée,PayPal
CMD00338,2025-01-22 22:44,C0577,P024,2,0.0,Livrée,Paiement en 3x
CMD00339,2025-01-22 23:55,C0746,P037,1,0.1,Livrée,Carte bancaire
CMD00340,2025-01-23 08:53,C0600,P021,2,0.0,Livrée,Carte bancaire
CMD00341,2025-01-23 09:22,C0205,P017,3,0.0,Livrée,Carte bancaire
CMD00342,2025-01-23 09:30,C0292,P028,1,0.0,Livrée,Carte bancaire
CMD00343,2025-01-23 13:59,C0292,P022,1,0.0,Livrée,Carte bancaire
CMD00344,2025-01-23 14:00,C0322,P020,2,0.0,Livrée,Carte bancaire
CMD00345,2025-01-23 17:48,C0011,P036,1,0.0,Livrée,Carte bancaire
CMD00346,2025-01-23 18:48,C1014,P028,1,0.2,Livrée,Carte bancaire
CMD00347,2025-01-23 20:00,C0178,P020,2,0.1,Livrée,Carte bancaire
CMD00348,2025-01-23 20:31,C0118,P011,3,0.0,Livrée,Virement
CMD00349,2025-01-23 21:36,C0213,P021,5,0.0,Livrée,Paiement en 3x
CMD00350,2025-01-23 21:38,C0118,P024,1,0.0,Livrée,Carte bancaire
CMD00351,2025-01-23 21:44,C0707,P016,2,0.1,Livrée,PayPal
CMD00352,2025-01-23 22:45,C0973,P015,2,0.1,Retournée,PayPal
CMD00353,2025-01-24 05:31,C0698,P016,3,0.2,Livrée,Carte bancaire
CMD00354,2025-01-24 09:15,C0290,P016,1,0.2,Livrée,Carte bancaire
CMD00355,2025-01-24 09:32,C0691,P004,1,0.0,Livrée,PayPal
CMD00356,2025-01-24 11:31,C0079,P014,1,0.0,Livrée,Carte bancaire
CMD00357,2025-01-24 13:00,C0418,P020,1,0.0,Livrée,Carte bancaire
CMD00358,2025-01-24 16:27,C0442,P011,1,0.0,Livrée,Carte bancaire
CMD00359,2025-01-24 18:36,C1066,P006,4,0.1,Livrée,Virement
CMD00360,2025-01-24 19:10,C0330,P023,2,0.1,Livrée,Paiement en 3x
CMD00361,2025-01-24 19:32,C0856,P006,2,0.0,Livrée,Paiement en 3x
CMD00362,2025-01-24 19:43,C0906,P008,1,0.0,Livrée,Virement
CMD00363,2025-01-24 21:02,C0980,P006,2,0.0,Livrée,Carte bancaire
CMD00364,2025-01-24 21:13,C0908,P021,2,0.1,Livrée,Carte bancaire
CMD00365,2025-01-24 22:08,C0534,P022,1,0.0,Livrée,Paiement en 3x
CMD00366,2025-01-25 00:54,C0749,P027,3,0.0,Livrée,Carte bancaire
CMD00367,2025-01-25 10:42,C0497,P018,2,0.0,Livrée,Carte bancaire
CMD00368,2025-01-25 12:12,C1032,P003,1,0.1,Livrée,Paiement en 3x
CMD00369,2025-01-25 12:15,C0938,P024,1,0.0,Livrée,Virement
CMD00370,2025-01-25 12:17,C0762,P008,2,0.0,Livrée,Paiement en 3x
CMD00371,2025-01-25 12:31,C0044,P032,3,0.0,Livrée,Paiement en 3x
CMD00372,2025-01-25 14:52,C0316,P011,3,0.0,Retournée,Carte bancaire
CMD00373,2025-01-25 16:39,C1123,P012,2,0.0,Livrée,Carte bancaire
CMD00374,2025-01-25 16:51,C0178,P001,2,0.0,Livrée,Paiement en 3x
CMD00375,2025-01-25 18:16,C0344,P020,2,0.0,Retournée,PayPal
CMD00376,2025-01-25 18:38,C0956,P020,1,0.1,Livrée,Carte bancaire
CMD00377,2025-01-25 18:57,C0609,P029,1,0.0,Livrée,Carte bancaire
CMD00378,2025-01-25 20:02,C0074,P024,1,0.0,Livrée,PayPal
CMD00379,2025-01-25 20:09,C0704,P032,3,0.0,Livrée,Carte bancaire
CMD00380,2025-01-25 20:33,C0918,P016,1,0.1,Livrée,Carte bancaire
CMD00381,2025-01-25 20:49,C0278,P018,4,0.0,Annulée,Paiement en 3x
CMD00382,2025-01-25 20:51,C0767,P033,1,0.1,Livrée,Carte bancaire
CMD00383,2025-01-25 21:05,C0953,P020,1,0.0,Livrée,PayPal
CMD00384,2025-01-25 22:02,C0966,P004,1,0.1,Livrée,Carte bancaire
CMD00385,2025-01-25 22:09,C0576,P024,1,0.0,Livrée,Virement
CMD00386,2025-01-25 22:54,C0938,P021,2,0.0,Livrée,Virement
CMD00387,2025-01-26 07:26,C0278,P017,1,0.1,Retournée,Carte bancaire
CMD00388,2025-01-26 09:52,C1198,P024,2,0.0,Livrée,Carte bancaire
CMD00389,2025-01-26 11:43,C0189,P032,2,0.0,Livrée,Carte bancaire
CMD00390,2025-01-26 12:23,C0832,P017,5,0.0,Livrée,Carte bancaire
CMD00391,2025-01-26 12:53,C0047,P005,2,0.0,Livrée,Carte bancaire
CMD00392,2025-01-26 13:46,C1015,P015,2,0.1,Retournée,Carte bancaire
CMD00393,2025-01-26 15:49,C0449,P004,1,0.0,Livrée,Carte bancaire
CMD00394,2025-01-26 18:37,C0382,P016,1,0.0,Livrée,Carte bancaire
CMD00395,2025-01-26 19:05,C0010,P036,2,0.2,Livrée,PayPal
CMD00396,2025-01-26 19:13,C0202,P028,1,0.1,Livrée,Carte bancaire
CMD00397,2025-01-26 19:59,C0396,P010,2,0.0,Livrée,Carte bancaire
CMD00398,2025-01-26 20:36,C0547,P027,2,0.0,Livrée,PayPal
CMD00399,2025-01-26 20:48,C0750,P039,3,0.0,Livrée,Carte bancaire
CMD00400,2025-01-26 21:49,C0526,P023,1,0.0,Annulée,PayPal
CMD00401,2025-01-26 21:53,C0959,P020,2,0.0,Annulée,Carte bancaire
CMD00402,2025-01-26 23:17,C0077,P010,3,0.1,Livrée,Carte bancaire
CMD00403,2025-01-27 07:42,C0074,P008,1,0.0,Livrée,PayPal
CMD00404,2025-01-27 08:24,C0919,P021,1,0.0,Livrée,PayPal
CMD00405,2025-01-27 14:42,C0122,P008,2,0.0,Livrée,Paiement en 3x
CMD00406,2025-01-27 17:50,C0043,P031,1,0.0,Livrée,Carte bancaire
CMD00407,2025-01-27 18:26,C1196,P032,2,0.0,Livrée,PayPal
CMD00408,2025-01-27 18:51,C0224,P018,1,0.0,Livrée,PayPal
CMD00409,2025-01-27 19:09,C0011,P021,1,0.0,Livrée,Carte bancaire
CMD00410,2025-01-27 19:44,C0876,P002,1,0.1,Livrée,Virement
CMD00411,2025-01-27 20:01,C0786,P020,1,0.0,Livrée,Carte bancaire
CMD00412,2025-01-27 20:23,C0938,P020,1,0.0,Retournée,PayPal
CMD00413,2025-01-27 20:44,C1076,P019,1,0.0,Livrée,Carte bancaire
CMD00414,2025-01-27 21:20,C0666,P027,1,0.0,Livrée,Carte bancaire
CMD00415,2025-01-27 21:37,C0008,P006,1,0.0,Livrée,Carte bancaire
CMD00416,2025-01-27 23:19,C1136,P022,2,0.0,Livrée,Carte bancaire
CMD00417,2025-01-28 09:48,C0234,P026,1,0.0,Livrée,Carte bancaire
CMD00418,2025-01-28 11:33,C0311,P026,1,0.0,Livrée,Carte bancaire
CMD00419,2025-01-28 11:43,C0202,P035,2,0.0,Annulée,Paiement en 3x
CMD00420,2025-01-28 13:56,C0329,P002,1,0.0,Livrée,Carte bancaire
CMD00421,2025-01-28 14:28,C0700,P005,1,0.1,Livrée,Paiement en 3x
CMD00422,2025-01-28 17:57,C0999,P005,2,0.2,Livrée,Carte bancaire
CMD00423,2025-01-28 18:46,C0615,P023,1,0.0,Livrée,Carte bancaire
CMD00424,2025-01-28 19:31,C0193,P008,1,0.1,Livrée,Carte bancaire
CMD00425,2025-01-28 20:14,C0918,P017,2,0.0,Livrée,PayPal
CMD00426,2025-01-28 20:46,C0204,P012,3,0.0,Livrée,Carte bancaire
CMD00427,2025-01-28 23:41,C0648,P039,1,0.0,Livrée,Paiement en 3x
CMD00428,2025-01-29 07:19,C0502,P012,2,0.1,Livrée,PayPal
CMD00429,2025-01-29 08:46,C1048,P035,4,0.0,Livrée,Carte bancaire
CMD00430,2025-01-29 09:57,C0198,P016,1,0.2,Livrée,Carte bancaire
CMD00431,2025-01-29 11:09,C0554,P030,1,0.0,Livrée,Carte bancaire
CMD00432,2025-01-29 11:19,C0191,P034,1,0.0,Retournée,Virement
CMD00433,2025-01-29 11:22,C0428,P001,1,0.1,Livrée,Paiement en 3x
CMD00434,2025-01-29 12:09,C0118,P019,4,0.0,Livrée,Carte bancaire
CMD00435,2025-01-29 13:26,C0962,P012,1,0.0,Livrée,Carte bancaire
CMD00436,2025-01-29 13:27,C1089,P029,1,0.0,Retournée,Carte bancaire
CMD00437,2025-01-29 13:41,C0693,P037,1,0.1,Livrée,Carte bancaire
CMD00438,2025-01-29 13:59,C1176,P038,1,0.0,Livrée,Carte bancaire
CMD00439,2025-01-29 16:07,C0330,P038,2,0.1,Retournée,Carte bancaire
CMD00440,2025-01-29 18:30,C0373,P028,1,0.0,Livrée,Carte bancaire
CMD00441,2025-01-29 19:23,C0035,P023,3,0.0,Livrée,Carte bancaire
CMD00442,2025-01-29 19:38,C0893,P003,1,0.0,Annulée,Paiement en 3x
CMD00443,2025-01-29 19:42,C1112,P027,2,0.0,Livrée,Carte bancaire
CMD00444,2025-01-29 20:15,C0837,P015,1,0.0,Livrée,Paiement en 3x
CMD00445,2025-01-29 21:08,C0658,P018,1,0.1,Livrée,PayPal
CMD00446,2025-01-29 21:18,C0416,P004,2,0.0,Livrée,Paiement en 3x
CMD00447,2025-01-29 22:24,C0186,P006,2,0.0,Livrée,Carte bancaire
CMD00448,2025-01-30 07:14,C0815,P020,1,0.0,Retournée,Carte bancaire
CMD00449,2025-01-30 11:18,C0878,P019,2,0.0,Livrée,Carte bancaire
CMD00450,2025-01-30 11:55,C0700,P033,3,0.0,Livrée,Carte bancaire
CMD00451,2025-01-30 12:01,C0457,P034,1,0.0,Livrée,Carte bancaire
CMD00452,2025-01-30 12:02,C0382,P019,1,0.0,Livrée,Carte bancaire
CMD00453,2025-01-30 14:46,C1196,P018,1,0.0,Livrée,Carte bancaire
CMD00454,2025-01-30 15:15,C0731,P002,2,0.0,Livrée,Carte bancaire
CMD00455,2025-01-30 18:25,C0023,P018,1,0.0,Livrée,Carte bancaire
CMD00456,2025-01-30 22:27,C1007,P016,1,0.1,Livrée,PayPal
CMD00457,2025-01-30 22:33,C0462,P038,2,0.0,Livrée,Carte bancaire
CMD00458,2025-01-30 23:56,C0011,P009,1,0.0,Livrée,Virement
CMD00459,2025-01-31 10:29,C0886,P005,5,0.0,Livrée,Carte bancaire
CMD00460,2025-01-31 10:57,C0422,P014,1,0.1,Livrée,PayPal
CMD00461,2025-01-31 12:22,C0559,P020,1,0.0,Livrée,Carte bancaire
CMD00462,2025-01-31 12:33,C0189,P020,1,0.0,Livrée,Carte bancaire
CMD00463,2025-01-31 12:58,C0750,P025,1,0.0,Livrée,Carte bancaire
CMD00464,2025-01-31 13:34,C0422,P015,1,0.0,Livrée,Carte bancaire
CMD00465,2025-01-31 14:16,C0050,P014,1,0.0,Livrée,Carte bancaire
CMD00466,2025-01-31 14:52,C1011,P035,1,0.0,Livrée,Carte bancaire
CMD00467,2025-01-31 17:49,C0110,P017,1,0.0,Livrée,Carte bancaire
CMD00468,2025-01-31 19:13,C0213,P036,2,0.0,Annulée,Carte bancaire
CMD00469,2025-01-31 19:19,C0588,P039,3,0.0,Livrée,Carte bancaire
CMD00470,2025-02-01 01:38,C0416,P040,1,0.0,Livrée,Paiement en 3x
CMD00471,2025-02-01 08:26,C0974,P029,2,0.0,Livrée,Carte bancaire
CMD00472,2025-02-01 08:43,C0942,P002,1,0.0,Livrée,Carte bancaire
CMD00473,2025-02-01 09:24,C0176,P032,1,0.0,Livrée,Carte bancaire
CMD00474,2025-02-01 12:02,C0440,P026,1,0.0,Livrée,Carte bancaire
CMD00475,2025-02-01 12:08,C0434,P023,1,0.0,Livrée,Carte bancaire
CMD00476,2025-02-01 13:46,C0116,P017,1,0.0,Annulée,Carte bancaire
CMD00477,2025-02-01 13:59,C0302,P012,1,0.0,Livrée,PayPal
CMD00478,2025-02-01 14:58,C0212,P004,1,0.0,Livrée,Carte bancaire
CMD00479,2025-02-01 15:08,C0338,P024,1,0.1,Livrée,Paiement en 3x
CMD00480,2025-02-01 15:11,C0330,P020,1,0.0,Livrée,PayPal
CMD00481,2025-02-01 16:08,C0454,P013,4,0.0,Livrée,Carte bancaire
CMD00482,2025-02-01 19:56,C0154,P032,2,0.0,Livrée,Carte bancaire
CMD00483,2025-02-01 20:24,C1109,P017,1,0.0,Livrée,PayPal
CMD00484,2025-02-01 21:09,C0119,P027,1,0.1,Livrée,Virement
CMD00485,2025-02-01 21:53,C0309,P016,2,0.0,Annulée,Carte bancaire
CMD00486,2025-02-01 23:12,C1162,P038,1,0.0,Livrée,PayPal
CMD00487,2025-02-01 23:22,C0309,P037,1,0.0,Livrée,Virement
CMD00488,2025-02-02 06:13,C0244,P008,2,0.0,Livrée,Carte bancaire
CMD00489,2025-02-02 15:09,C0118,P012,1,0.0,Livrée,Carte bancaire
CMD00490,2025-02-02 15:44,C0813,P002,3,0.0,Retournée,Paiement en 3x
CMD00491,2025-02-02 19:12,C1075,P024,1,0.0,Livrée,Carte bancaire
CMD00492,2025-02-02 19:15,C0589,P023,2,0.0,Livrée,Carte bancaire
CMD00493,2025-02-02 20:19,C0363,P001,1,0.0,Livrée,Carte bancaire
CMD00494,2025-02-02 20:45,C0070,P021,1,0.0,Annulée,Paiement en 3x
CMD00495,2025-02-02 22:17,C0072,P023,1,0.0,Livrée,Paiement en 3x
CMD00496,2025-02-02 22:43,C0182,P023,2,0.0,Livrée,PayPal
CMD00497,2025-02-02 22:51,C0684,P037,1,0.0,Livrée,Carte bancaire
CMD00498,2025-02-03 07:21,C0381,P018,1,0.0,Retournée,Carte bancaire
CMD00499,2025-02-03 09:21,C1008,P001,1,0.0,Livrée,Paiement en 3x
CMD00500,2025-02-03 09:29,C0107,P024,2,0.0,Livrée,PayPal
CMD00501,2025-02-03 11:03,C1116,P021,4,0.0,Livrée,PayPal
CMD00502,2025-02-03 11:16,C0731,P017,2,0.0,Livrée,Paiement en 3x
CMD00503,2025-02-03 13:15,C1104,P024,1,0.0,Livrée,PayPal
CMD00504,2025-02-03 13:42,C0680,P004,1,0.0,Livrée,Carte bancaire
CMD00505,2025-02-03 13:54,C0333,P017,1,0.0,Livrée,PayPal
CMD00506,2025-02-03 15:07,C0044,P019,1,0.0,Livrée,Carte bancaire
CMD00507,2025-02-03 19:37,C0275,P022,1,0.1,Livrée,PayPal
CMD00508,2025-02-03 20:08,C1107,P008,1,0.0,Livrée,Carte bancaire
CMD00509,2025-02-03 20:18,C0632,P036,2,0.0,Livrée,PayPal
CMD00510,2025-02-03 23:22,C0903,P001,1,0.0,Livrée,Carte bancaire
CMD00511,2025-02-04 08:57,C0586,P024,1,0.0,Livrée,Virement
CMD00512,2025-02-04 11:59,C0254,P028,3,0.0,Livrée,PayPal
CMD00513,2025-02-04 12:07,C0506,P005,1,0.0,Livrée,Paiement en 3x
CMD00514,2025-02-04 15:01,C0835,P030,1,0.0,Livrée,PayPal
CMD00515,2025-02-04 15:17,C0381,P020,1,0.1,Livrée,Carte bancaire
CMD00516,2025-02-04 16:56,C0962,P026,2,0.0,Livrée,Virement
CMD00517,2025-02-04 17:59,C0979,P006,2,0.0,Livrée,Carte bancaire
CMD00518,2025-02-04 20:59,C0580,P016,3,0.2,Livrée,PayPal
CMD00519,2025-02-04 21:26,C0115,P024,1,0.1,Livrée,Carte bancaire
CMD00520,2025-02-04 22:39,C0418,P038,1,0.0,Livrée,Carte bancaire
CMD00521,2025-02-04 22:56,C0904,P038,1,0.0,Retournée,Carte bancaire
CMD00522,2025-02-04 23:24,C1081,P029,5,0.2,Livrée,Carte bancaire
CMD00523,2025-02-04 23:49,C0492,P014,1,0.0,Retournée,Carte bancaire
CMD00524,2025-02-05 09:43,C0540,P024,1,0.0,Livrée,Paiement en 3x
CMD00525,2025-02-05 10:00,C0552,P021,1,0.0,Retournée,Carte bancaire
CMD00526,2025-02-05 12:27,C0761,P033,3,0.0,Livrée,Carte bancaire
CMD00527,2025-02-05 13:05,C0445,P028,2,0.1,Livrée,PayPal
CMD00528,2025-02-05 13:21,C0046,P027,1,0.0,Livrée,Carte bancaire
CMD00529,2025-02-05 13:23,C0094,P021,1,0.2,Livrée,Carte bancaire
CMD00530,2025-02-05 16:25,C0492,P005,2,0.0,Livrée,Carte bancaire
CMD00531,2025-02-05 16:42,C0616,P036,1,0.0,Livrée,Carte bancaire
CMD00532,2025-02-05 22:54,C1013,P021,1,0.0,Livrée,Paiement en 3x
CMD00533,2025-02-06 14:07,C0040,P009,3,0.0,Livrée,Carte bancaire
CMD00534,2025-02-06 20:04,C0164,P012,1,0.0,Livrée,PayPal
CMD00535,2025-02-06 20:15,C0083,P034,2,0.1,Livrée,Paiement en 3x
CMD00536,2025-02-06 21:22,C0564,P039,3,0.2,Livrée,Paiement en 3x
CMD00537,2025-02-06 21:36,C0254,P034,1,0.0,Livrée,Carte bancaire
CMD00538,2025-02-06 22:25,C0109,P037,4,0.2,Livrée,Carte bancaire
CMD00539,2025-02-07 03:08,C0035,P034,1,0.0,Livrée,Carte bancaire
CMD00540,2025-02-07 03:59,C0385,P023,1,0.0,Livrée,Carte bancaire
CMD00541,2025-02-07 09:11,C0785,P026,2,0.1,Livrée,Carte bancaire
CMD00542,2025-02-07 10:10,C0275,P023,2,0.0,Livrée,Carte bancaire
CMD00543,2025-02-07 15:05,C0309,P014,1,0.0,Livrée,PayPal
CMD00544,2025-02-07 15:08,C0499,P018,5,0.0,Livrée,Paiement en 3x
CMD00545,2025-02-07 20:55,C0050,P008,2,0.0,Livrée,Carte bancaire
CMD00546,2025-02-07 22:24,C0894,P034,3,0.2,Livrée,Paiement en 3x
CMD00547,2025-02-07 23:14,C0421,P006,3,0.0,Livrée,Carte bancaire
CMD00548,2025-02-08 09:20,C0549,P030,2,0.0,Livrée,Carte bancaire
CMD00549,2025-02-08 09:58,C0568,P010,1,0.0,Livrée,Carte bancaire
CMD00550,2025-02-08 10:52,C0786,P020,1,0.0,Retournée,PayPal
CMD00551,2025-02-08 12:14,C0683,P005,1,0.0,Livrée,Carte bancaire
CMD00552,2025-02-08 13:00,C0314,P004,1,0.2,Livrée,Paiement en 3x
CMD00553,2025-02-08 13:13,C0938,P029,1,0.1,Livrée,PayPal
CMD00554,2025-02-08 14:55,C0408,P024,1,0.0,Livrée,Carte bancaire
CMD00555,2025-02-08 15:02,C0778,P038,4,0.0,Livrée,Carte bancaire
CMD00556,2025-02-08 16:34,C0628,P007,2,0.1,Livrée,PayPal
CMD00557,2025-02-08 19:42,C0666,P016,1,0.0,Livrée,Carte bancaire
CMD00558,2025-02-08 20:23,C0879,P033,1,0.0,Retournée,Paiement en 3x
CMD00559,2025-02-08 21:16,C0311,P013,1,0.1,Livrée,Carte bancaire
CMD00560,2025-02-08 22:10,C0341,P008,3,0.0,Livrée,PayPal
CMD00561,2025-02-08 22:48,C0189,P040,1,0.0,Livrée,PayPal
CMD00562,2025-02-09 07:34,C0168,P010,1,0.0,Livrée,Carte bancaire
CMD00563,2025-02-09 11:22,C0829,P015,1,0.0,Livrée,Carte bancaire
CMD00564,2025-02-09 12:23,C0381,P006,1,0.0,Livrée,Paiement en 3x
CMD00565,2025-02-09 14:35,C0834,P015,1,0.0,Livrée,PayPal
CMD00566,2025-02-09 15:49,C0498,P021,3,0.0,Livrée,Carte bancaire
CMD00567,2025-02-09 16:02,C0666,P037,3,0.0,Livrée,PayPal
CMD00568,2025-02-09 16:16,C0434,P023,1,0.0,Livrée,Virement
CMD00569,2025-02-09 16:29,C0275,P018,1,0.0,Livrée,Carte bancaire
CMD00570,2025-02-09 19:45,C0137,P022,1,0.0,Livrée,Carte bancaire
CMD00571,2025-02-09 19:52,C0105,P031,1,0.0,Livrée,PayPal
CMD00572,2025-02-09 20:41,C0044,P010,2,0.0,Livrée,Carte bancaire
CMD00573,2025-02-09 21:50,C1089,P033,1,0.0,Livrée,Carte bancaire
CMD00574,2025-02-09 22:59,C1102,P025,1,0.2,Livrée,PayPal
CMD00575,2025-02-09 23:30,C1133,P018,1,0.0,Retournée,Carte bancaire
CMD00576,2025-02-09 23:51,C1050,P007,2,0.1,Livrée,Carte bancaire
CMD00577,2025-02-10 06:20,C0978,P032,2,0.2,Livrée,Paiement en 3x
CMD00578,2025-02-10 08:02,C0886,P034,1,0.0,Livrée,Carte bancaire
CMD00579,2025-02-10 08:33,C0830,P019,4,0.2,Livrée,Carte bancaire
CMD00580,2025-02-10 11:07,C0835,P005,1,0.1,Livrée,Carte bancaire
CMD00581,2025-02-10 19:51,C0278,P025,2,0.1,Livrée,PayPal
CMD00582,2025-02-10 20:09,C0985,P026,1,0.0,Livrée,Carte bancaire
CMD00583,2025-02-10 20:21,C1054,P015,4,0.0,Livrée,Carte bancaire
CMD00584,2025-02-10 21:06,C0472,P004,1,0.0,Livrée,Carte bancaire
CMD00585,2025-02-10 21:38,C0385,P025,1,0.0,Livrée,Carte bancaire
CMD00586,2025-02-11 00:18,C0859,P013,1,0.0,Livrée,Carte bancaire
CMD00587,2025-02-11 08:59,C0609,P023,1,0.0,Livrée,Carte bancaire
CMD00588,2025-02-11 09:47,C0524,P028,2,0.0,Livrée,Carte bancaire
CMD00589,2025-02-11 18:00,C0334,P023,2,0.1,Livrée,Carte bancaire
CMD00590,2025-02-11 18:17,C0610,P017,3,0.0,Livrée,Carte bancaire
CMD00591,2025-02-11 19:26,C0786,P032,1,0.0,Livrée,Carte bancaire
CMD00592,2025-02-11 19:58,C1075,P038,3,0.0,Livrée,Virement
CMD00593,2025-02-11 20:53,C1102,P031,4,0.0,Livrée,PayPal
CMD00594,2025-02-12 12:02,C0577,P007,2,0.0,Livrée,Paiement en 3x
CMD00595,2025-02-12 15:46,C0863,P018,1,0.0,Livrée,Carte bancaire
CMD00596,2025-02-12 18:17,C0930,P036,2,0.0,Livrée,Carte bancaire
CMD00597,2025-02-12 18:36,C0638,P010,1,0.0,Livrée,Carte bancaire
CMD00598,2025-02-12 18:55,C1162,P017,1,0.0,Livrée,Carte bancaire
CMD00599,2025-02-12 20:25,C0898,P012,1,0.0,Livrée,Virement
CMD00600,2025-02-12 20:44,C0544,P036,3,0.0,Livrée,PayPal
CMD00601,2025-02-12 20:59,C0926,P012,1,0.0,Livrée,Carte bancaire
CMD00602,2025-02-12 21:22,C0790,P034,2,0.0,Livrée,Carte bancaire
CMD00603,2025-02-13 10:56,C0190,P025,3,0.0,Livrée,Carte bancaire
CMD00604,2025-02-13 12:40,C0752,P015,3,0.1,Livrée,Carte bancaire
CMD00605,2025-02-13 12:58,C1045,P013,1,0.1,Retournée,Carte bancaire
CMD00606,2025-02-13 13:13,C0440,P024,1,0.0,Livrée,Carte bancaire
CMD00607,2025-02-13 18:56,C0333,P034,1,0.0,Livrée,Carte bancaire
CMD00608,2025-02-13 19:07,C0273,P036,3,0.0,Livrée,Paiement en 3x
CMD00609,2025-02-13 19:25,C0062,P011,1,0.1,Retournée,Carte bancaire
CMD00610,2025-02-13 19:54,C1179,P027,1,0.2,Livrée,Paiement en 3x
CMD00611,2025-02-13 21:09,C0953,P005,4,0.0,Livrée,Carte bancaire
CMD00612,2025-02-13 21:36,C0498,P040,5,0.1,Livrée,Carte bancaire
CMD00613,2025-02-13 22:06,C0804,P023,1,0.0,Livrée,Carte bancaire
CMD00614,2025-02-14 11:55,C0217,P031,2,0.0,Livrée,Carte bancaire
CMD00615,2025-02-14 13:00,C0811,P038,4,0.0,Livrée,Carte bancaire
CMD00616,2025-02-14 15:03,C0427,P038,3,0.0,Livrée,Carte bancaire
CMD00617,2025-02-14 15:10,C0107,P025,1,0.0,Livrée,Paiement en 3x
CMD00618,2025-02-14 19:19,C0421,P027,3,0.0,Livrée,Carte bancaire
CMD00619,2025-02-14 20:18,C0038,P003,2,0.2,Livrée,Carte bancaire
CMD00620,2025-02-14 21:34,C0046,P018,1,0.1,Livrée,Carte bancaire
CMD00621,2025-02-14 22:14,C0333,P026,1,0.2,Livrée,Carte bancaire
CMD00622,2025-02-14 23:02,C0918,P019,1,0.0,Livrée,PayPal
CMD00623,2025-02-15 06:45,C0173,P032,1,0.1,Livrée,Carte bancaire
CMD00624,2025-02-15 10:04,C1016,P026,1,0.0,Livrée,Carte bancaire
CMD00625,2025-02-15 12:42,C0244,P032,1,0.1,Livrée,Carte bancaire
CMD00626,2025-02-15 14:16,C1050,P031,1,0.1,Livrée,Carte bancaire
CMD00627,2025-02-15 18:26,C0046,P019,1,0.1,Livrée,Carte bancaire
CMD00628,2025-02-15 19:06,C0335,P013,1,0.0,Livrée,Carte bancaire
CMD00629,2025-02-15 20:22,C0234,P013,4,0.2,Livrée,Carte bancaire
CMD00630,2025-02-15 22:02,C0691,P029,1,0.0,Livrée,Carte bancaire
CMD00631,2025-02-15 22:05,C0046,P017,1,0.0,Livrée,Carte bancaire
CMD00632,2025-02-15 23:15,C0534,P027,2,0.0,Livrée,Carte bancaire
CMD00633,2025-02-16 01:39,C0751,P033,1,0.0,Livrée,Carte bancaire
CMD00634,2025-02-16 07:07,C0309,P009,1,0.2,Livrée,Paiement en 3x
CMD00635,2025-02-16 08:02,C0562,P038,1,0.2,Livrée,Carte bancaire
CMD00636,2025-02-16 10:22,C0046,P004,1,0.0,Livrée,Carte bancaire
CMD00637,2025-02-16 12:08,C0319,P019,1,0.0,Livrée,PayPal
CMD00638,2025-02-16 14:50,C0418,P013,1,0.0,Livrée,Carte bancaire
CMD00639,2025-02-16 19:11,C0752,P037,1,0.1,Livrée,PayPal
CMD00640,2025-02-16 20:00,C0886,P037,1,0.0,Livrée,Carte bancaire
CMD00641,2025-02-16 20:50,C0831,P011,1,0.0,Livrée,Carte bancaire
CMD00642,2025-02-16 22:38,C1076,P016,1,0.0,Livrée,Virement
CMD00643,2025-02-16 22:40,C0234,P021,1,0.0,Livrée,Carte bancaire
CMD00644,2025-02-16 23:54,C0806,P020,1,0.0,Livrée,Carte bancaire
CMD00645,2025-02-17 12:37,C0182,P031,1,0.0,Livrée,Carte bancaire
CMD00646,2025-02-17 12:48,C0554,P037,1,0.0,Livrée,PayPal
CMD00647,2025-02-17 14:03,C0903,P033,1,0.0,Annulée,Carte bancaire
CMD00648,2025-02-17 15:30,C1151,P023,2,0.0,Livrée,Carte bancaire
CMD00649,2025-02-17 17:37,C0835,P016,2,0.0,Livrée,Carte bancaire
CMD00650,2025-02-17 18:07,C0962,P005,1,0.1,Livrée,Carte bancaire
CMD00651,2025-02-17 19:31,C0761,P032,1,0.1,Annulée,PayPal
CMD00652,2025-02-17 19:37,C0617,P020,1,0.1,Livrée,Carte bancaire
CMD00653,2025-02-17 20:12,C0810,P018,4,0.0,Livrée,Virement
CMD00654,2025-02-17 20:53,C0122,P012,2,0.0,Livrée,Virement
CMD00655,2025-02-18 07:54,C0046,P027,1,0.0,Livrée,Carte bancaire
CMD00656,2025-02-18 09:08,C0381,P035,1,0.0,Livrée,Carte bancaire
CMD00657,2025-02-18 09:48,C1172,P013,2,0.1,Livrée,Carte bancaire
CMD00658,2025-02-18 10:45,C0220,P030,1,0.2,Livrée,PayPal
CMD00659,2025-02-18 13:30,C0439,P033,1,0.1,Livrée,PayPal
CMD00660,2025-02-18 13:37,C0584,P029,1,0.0,Livrée,PayPal
CMD00661,2025-02-18 14:40,C0322,P015,3,0.0,Livrée,Carte bancaire
CMD00662,2025-02-18 19:17,C0675,P015,1,0.0,Livrée,Carte bancaire
CMD00663,2025-02-18 20:31,C0736,P004,1,0.0,Livrée,Paiement en 3x
CMD00664,2025-02-18 20:35,C0056,P024,2,0.0,Livrée,Paiement en 3x
CMD00665,2025-02-18 20:50,C0165,P012,3,0.2,Livrée,PayPal
CMD00666,2025-02-18 20:50,C1071,P034,1,0.0,Livrée,Carte bancaire
CMD00667,2025-02-18 20:55,C0698,P022,1,0.2,Livrée,PayPal
CMD00668,2025-02-18 23:01,C0269,P030,1,0.0,Retournée,Carte bancaire
CMD00669,2025-02-19 00:32,C0995,P011,1,0.0,Livrée,PayPal
CMD00670,2025-02-19 08:23,C0041,P010,1,0.1,Livrée,PayPal
CMD00671,2025-02-19 09:24,C0618,P014,1,0.0,Livrée,Carte bancaire
CMD00672,2025-02-19 10:17,C0115,P013,1,0.0,Livrée,Carte bancaire
CMD00673,2025-02-19 10:54,C0448,P010,1,0.0,Livrée,Virement
CMD00674,2025-02-19 13:24,C0985,P008,1,0.0,Livrée,Carte bancaire
CMD00675,2025-02-19 13:31,C1193,P018,1,0.0,Livrée,Carte bancaire
CMD00676,2025-02-19 13:42,C0052,P031,2,0.0,Livrée,Carte bancaire
CMD00677,2025-02-19 14:37,C1193,P017,1,0.1,Livrée,Virement
CMD00678,2025-02-19 17:25,C0201,P029,2,0.0,Livrée,Carte bancaire
CMD00679,2025-02-19 19:43,C1165,P033,1,0.2,Livrée,Carte bancaire
CMD00680,2025-02-19 20:19,C1067,P033,2,0.0,Livrée,Carte bancaire
CMD00681,2025-02-19 20:34,C0069,P013,1,0.0,Livrée,Paiement en 3x
CMD00682,2025-02-19 20:40,C0054,P023,1,0.0,Livrée,Carte bancaire
CMD00683,2025-02-19 21:05,C1162,P027,2,0.1,Livrée,Carte bancaire
CMD00684,2025-02-19 21:37,C0440,P010,1,0.0,Livrée,Carte bancaire
CMD00685,2025-02-20 09:04,C1047,P019,1,0.0,Livrée,Carte bancaire
CMD00686,2025-02-20 10:28,C0357,P025,1,0.0,Livrée,Carte bancaire
CMD00687,2025-02-20 12:09,C0729,P004,1,0.1,Livrée,Paiement en 3x
CMD00688,2025-02-20 12:57,C1165,P019,3,0.0,Livrée,Paiement en 3x
CMD00689,2025-02-20 13:06,C0354,P010,1,0.1,Livrée,Virement
CMD00690,2025-02-20 15:12,C0995,P008,1,0.0,Livrée,Carte bancaire
CMD00691,2025-02-20 17:07,C0416,P001,1,0.0,Livrée,Carte bancaire
CMD00692,2025-02-20 18:16,C0142,P013,2,0.0,Livrée,Carte bancaire
CMD00693,2025-02-20 19:38,C0312,P023,1,0.0,Livrée,Carte bancaire
CMD00694,2025-02-20 20:00,C0894,P017,3,0.0,Retournée,Paiement en 3x
CMD00695,2025-02-20 20:10,C1133,P021,1,0.0,Livrée,Carte bancaire
CMD00696,2025-02-20 20:46,C0366,P004,1,0.1,Livrée,PayPal
CMD00697,2025-02-20 21:45,C0497,P012,2,0.0,Livrée,Carte bancaire
CMD00698,2025-02-20 22:12,C1150,P004,1,0.0,Livrée,PayPal
CMD00699,2025-02-20 22:21,C0105,P025,1,0.0,Livrée,Carte bancaire
CMD00700,2025-02-21 00:02,C0889,P019,1,0.2,Livrée,Carte bancaire
CMD00701,2025-02-21 08:54,C0786,P010,5,0.0,Livrée,Paiement en 3x
CMD00702,2025-02-21 08:55,C0182,P002,2,0.0,Livrée,Paiement en 3x
CMD00703,2025-02-21 12:43,C0947,P011,2,0.0,Livrée,Carte bancaire
CMD00704,2025-02-21 13:06,C0568,P025,1,0.0,Annulée,Carte bancaire
CMD00705,2025-02-21 13:36,C0160,P026,3,0.0,Livrée,Carte bancaire
CMD00706,2025-02-21 13:46,C1150,P002,2,0.1,Livrée,Paiement en 3x
CMD00707,2025-02-21 14:21,C1003,P002,2,0.0,Livrée,Paiement en 3x
CMD00708,2025-02-21 14:40,C0335,P001,2,0.0,Livrée,Carte bancaire
CMD00709,2025-02-21 15:06,C0879,P015,1,0.2,Livrée,Paiement en 3x
CMD00710,2025-02-21 16:26,C0296,P003,1,0.0,Livrée,Paiement en 3x
CMD00711,2025-02-21 21:53,C0408,P029,1,0.0,Livrée,Carte bancaire
CMD00712,2025-02-21 21:56,C0335,P031,1,0.1,Livrée,Carte bancaire
CMD00713,2025-02-21 22:06,C1175,P035,2,0.0,Livrée,Carte bancaire
CMD00714,2025-02-21 22:33,C0488,P002,2,0.0,Livrée,Paiement en 3x
CMD00715,2025-02-21 23:33,C0217,P034,1,0.0,Livrée,PayPal
CMD00716,2025-02-22 06:25,C0591,P027,1,0.0,Livrée,Carte bancaire
CMD00717,2025-02-22 06:36,C0718,P019,1,0.0,Livrée,Carte bancaire
CMD00718,2025-02-22 08:49,C0418,P011,1,0.0,Livrée,PayPal
CMD00719,2025-02-22 09:45,C0334,P038,2,0.2,Livrée,PayPal
CMD00720,2025-02-22 10:20,C0816,P036,1,0.0,Livrée,PayPal
CMD00721,2025-02-22 10:23,C0218,P036,1,0.2,Livrée,Carte bancaire
CMD00722,2025-02-22 14:02,C0886,P038,1,0.1,Livrée,PayPal
CMD00723,2025-02-22 17:13,C0844,P016,1,0.1,Livrée,Carte bancaire
CMD00724,2025-02-22 18:07,C0473,P015,1,0.0,Livrée,Carte bancaire
CMD00725,2025-02-22 18:48,C0190,P009,1,0.1,Livrée,PayPal
CMD00726,2025-02-22 19:17,C0845,P037,1,0.0,Livrée,Carte bancaire
CMD00727,2025-02-22 20:00,C1011,P005,1,0.2,Livrée,Paiement en 3x
CMD00728,2025-02-22 21:50,C0046,P033,1,0.0,Livrée,Virement
CMD00729,2025-02-22 23:10,C0799,P034,2,0.0,Livrée,Carte bancaire
CMD00730,2025-02-22 23:11,C0069,P040,4,0.0,Livrée,Carte bancaire
CMD00731,2025-02-23 01:59,C0010,P006,4,0.0,Livrée,Carte bancaire
CMD00732,2025-02-23 11:00,C0298,P025,1,0.0,Livrée,PayPal
CMD00733,2025-02-23 11:05,C0544,P033,2,0.0,Livrée,Carte bancaire
CMD00734,2025-02-23 11:37,C0031,P007,2,0.0,Livrée,PayPal
CMD00735,2025-02-23 12:24,C1015,P038,3,0.1,Livrée,PayPal
CMD00736,2025-02-23 15:14,C0938,P023,2,0.1,Livrée,Virement
CMD00737,2025-02-23 17:08,C0048,P031,1,0.2,Livrée,Carte bancaire
CMD00738,2025-02-23 19:17,C0929,P018,1,0.1,Livrée,PayPal
CMD00739,2025-02-23 19:56,C0490,P015,1,0.0,Livrée,Carte bancaire
CMD00740,2025-02-23 20:13,C0700,P027,3,0.0,Livrée,Carte bancaire
CMD00741,2025-02-23 21:17,C0005,P020,1,0.1,Livrée,Carte bancaire
CMD00742,2025-02-23 21:25,C0886,P039,2,0.0,Livrée,Carte bancaire
CMD00743,2025-02-23 21:30,C0521,P030,3,0.0,Retournée,Carte bancaire
CMD00744,2025-02-23 21:57,C0124,P039,2,0.0,Livrée,PayPal
CMD00745,2025-02-23 22:42,C0521,P032,1,0.0,Livrée,Carte bancaire
CMD00746,2025-02-23 22:58,C0107,P028,3,0.0,Livrée,Carte bancaire
CMD00747,2025-02-24 02:29,C1013,P033,1,0.1,Livrée,Carte bancaire
CMD00748,2025-02-24 08:52,C0096,P027,1,0.0,Livrée,Carte bancaire
CMD00749,2025-02-24 10:01,C0033,P035,1,0.1,Livrée,Carte bancaire
CMD00750,2025-02-24 10:46,C1149,P031,2,0.2,Livrée,PayPal
CMD00751,2025-02-24 10:52,C0968,P026,1,0.0,Livrée,Virement
CMD00752,2025-02-24 12:19,C0861,P004,1,0.0,Retournée,Carte bancaire
CMD00753,2025-02-24 13:07,C0439,P037,1,0.0,Livrée,Carte bancaire
CMD00754,2025-02-24 16:28,C0202,P023,1,0.2,Livrée,Carte bancaire
CMD00755,2025-02-24 16:54,C0221,P010,1,0.0,Livrée,Carte bancaire
CMD00756,2025-02-24 18:53,C0962,P018,1,0.0,Annulée,Carte bancaire
CMD00757,2025-02-24 19:54,C0926,P031,1,0.0,Livrée,Carte bancaire
CMD00758,2025-02-24 20:43,C0780,P035,1,0.1,Livrée,Carte bancaire
CMD00759,2025-02-24 22:44,C0609,P040,1,0.0,Livrée,PayPal
CMD00760,2025-02-25 00:50,C0562,P024,1,0.0,Livrée,Carte bancaire
CMD00761,2025-02-25 07:24,C0418,P006,3,0.0,Livrée,Paiement en 3x
CMD00762,2025-02-25 08:02,C0978,P031,2,0.2,Livrée,Carte bancaire
CMD00763,2025-02-25 09:19,C0050,P034,1,0.0,Livrée,Carte bancaire
CMD00764,2025-02-25 10:53,C0044,P016,4,0.1,Livrée,Carte bancaire
CMD00765,2025-02-25 11:51,C0016,P010,1,0.1,Livrée,Carte bancaire
CMD00766,2025-02-25 12:21,C0217,P033,1,0.0,Annulée,PayPal
CMD00767,2025-02-25 14:07,C0889,P025,1,0.0,Livrée,Carte bancaire
CMD00768,2025-02-25 16:04,C0105,P039,3,0.0,Livrée,Carte bancaire
CMD00769,2025-02-25 20:12,C1019,P020,1,0.1,Livrée,Carte bancaire
CMD00770,2025-02-25 22:27,C0625,P018,1,0.0,Livrée,Carte bancaire
CMD00771,2025-02-26 07:29,C0072,P004,2,0.0,Livrée,Carte bancaire
CMD00772,2025-02-26 09:18,C0016,P003,1,0.0,Livrée,Carte bancaire
CMD00773,2025-02-26 11:03,C0962,P023,1,0.0,Livrée,Carte bancaire
CMD00774,2025-02-26 12:21,C1196,P010,2,0.2,Livrée,Carte bancaire
CMD00775,2025-02-26 12:36,C0600,P017,1,0.0,Retournée,Carte bancaire
CMD00776,2025-02-26 13:10,C0522,P033,1,0.0,Livrée,Virement
CMD00777,2025-02-26 13:20,C0949,P018,1,0.0,Livrée,Carte bancaire
CMD00778,2025-02-26 16:44,C0936,P015,1,0.0,Livrée,PayPal
CMD00779,2025-02-26 21:38,C0658,P036,5,0.0,Livrée,Paiement en 3x
CMD00780,2025-02-26 22:20,C0340,P012,1,0.0,Livrée,PayPal
CMD00781,2025-02-26 23:14,C0886,P018,3,0.0,Livrée,Paiement en 3x
CMD00782,2025-02-27 09:41,C0366,P004,1,0.0,Livrée,Paiement en 3x
CMD00783,2025-02-27 10:31,C0811,P010,1,0.0,Livrée,Carte bancaire
CMD00784,2025-02-27 10:50,C0681,P030,1,0.0,Livrée,Virement
CMD00785,2025-02-27 13:47,C0319,P014,2,0.0,Livrée,Paiement en 3x
CMD00786,2025-02-27 14:35,C0202,P024,4,0.0,Retournée,Carte bancaire
CMD00787,2025-02-27 15:26,C1143,P012,1,0.0,Livrée,Carte bancaire
CMD00788,2025-02-27 18:58,C0193,P013,1,0.1,Livrée,PayPal
CMD00789,2025-02-27 20:14,C0326,P025,2,0.0,Livrée,PayPal
CMD00790,2025-02-27 20:39,C0719,P009,4,0.2,Livrée,Carte bancaire
CMD00791,2025-02-27 21:10,C0094,P016,1,0.0,Livrée,Carte bancaire
CMD00792,2025-02-27 21:30,C0995,P010,3,0.1,Livrée,PayPal
CMD00793,2025-02-27 21:44,C0220,P004,1,0.1,Livrée,Carte bancaire
CMD00794,2025-02-27 22:04,C1062,P036,2,0.1,Livrée,PayPal
CMD00795,2025-02-27 23:18,C0106,P015,1,0.0,Livrée,PayPal
CMD00796,2025-02-28 07:08,C1198,P012,1,0.0,Livrée,PayPal
CMD00797,2025-02-28 09:20,C0107,P009,2,0.2,Livrée,Carte bancaire
CMD00798,2025-02-28 10:23,C0903,P025,1,0.0,Livrée,Carte bancaire
CMD00799,2025-02-28 11:04,C0858,P023,1,0.0,Livrée,Paiement en 3x
CMD00800,2025-02-28 11:40,C0307,P007,2,0.2,Livrée,Paiement en 3x
CMD00801,2025-02-28 12:22,C0180,P028,3,0.0,Livrée,Paiement en 3x
CMD00802,2025-02-28 12:27,C0488,P017,1,0.2,Retournée,Carte bancaire
CMD00803,2025-02-28 12:28,C0503,P032,1,0.0,Livrée,Carte bancaire
CMD00804,2025-02-28 13:35,C0938,P013,1,0.0,Livrée,PayPal
CMD00805,2025-02-28 16:59,C0010,P022,1,0.0,Livrée,Carte bancaire
CMD00806,2025-02-28 17:23,C0585,P027,5,0.1,Livrée,PayPal
CMD00807,2025-02-28 18:57,C0344,P004,3,0.0,Livrée,Paiement en 3x
CMD00808,2025-02-28 19:54,C0424,P001,1,0.1,Livrée,Carte bancaire
CMD00809,2025-02-28 20:10,C0131,P030,1,0.0,Livrée,Paiement en 3x
CMD00810,2025-02-28 20:58,C0062,P013,1,0.1,Livrée,Paiement en 3x
CMD00811,2025-02-28 22:45,C1093,P024,2,0.0,Livrée,Paiement en 3x
CMD00812,2025-03-01 09:20,C1081,P032,1,0.0,Livrée,Virement
CMD00813,2025-03-01 10:04,C0703,P033,1,0.0,Livrée,Carte bancaire
CMD00814,2025-03-01 10:07,C0625,P001,3,0.0,Livrée,Carte bancaire
CMD00815,2025-03-01 11:11,C1015,P021,1,0.0,Livrée,PayPal
CMD00816,2025-03-01 11:31,C1108,P031,1,0.2,Livrée,Carte bancaire
CMD00817,2025-03-01 11:34,C0010,P034,2,0.1,Livrée,Carte bancaire
CMD00818,2025-03-01 11:48,C0978,P013,2,0.1,Retournée,Carte bancaire
CMD00819,2025-03-01 14:53,C0072,P019,5,0.1,Livrée,PayPal
CMD00820,2025-03-01 15:48,C0408,P031,1,0.0,Livrée,Paiement en 3x
CMD00821,2025-03-01 16:03,C0540,P012,1,0.0,Livrée,Carte bancaire
CMD00822,2025-03-01 16:30,C0053,P015,1,0.0,Livrée,Carte bancaire
CMD00823,2025-03-01 16:36,C0858,P020,1,0.0,Livrée,Carte bancaire
CMD00824,2025-03-01 18:39,C0150,P031,2,0.1,Livrée,Carte bancaire
CMD00825,2025-03-01 19:02,C0938,P031,1,0.1,Livrée,Carte bancaire
CMD00826,2025-03-01 19:58,C0118,P033,1,0.0,Livrée,Paiement en 3x
CMD00827,2025-03-01 20:45,C1037,P007,3,0.0,Livrée,PayPal
CMD00828,2025-03-01 20:51,C0402,P020,3,0.1,Livrée,PayPal
CMD00829,2025-03-01 21:18,C0346,P018,1,0.1,Livrée,Carte bancaire
CMD00830,2025-03-01 21:25,C0992,P012,1,0.0,Retournée,Virement
CMD00831,2025-03-01 21:43,C0168,P020,1,0.1,Livrée,Carte bancaire
CMD00832,2025-03-01 23:06,C0406,P016,1,0.0,Livrée,Carte bancaire
CMD00833,2025-03-02 01:29,C0319,P015,1,0.0,Livrée,Carte bancaire
CMD00834,2025-03-02 02:05,C0307,P032,1,0.0,Livrée,Carte bancaire
CMD00835,2025-03-02 10:34,C1011,P022,2,0.0,Livrée,Paiement en 3x
CMD00836,2025-03-02 11:18,C1104,P023,1,0.1,Livrée,Carte bancaire
CMD00837,2025-03-02 11:27,C0621,P016,4,0.0,Livrée,Carte bancaire
CMD00838,2025-03-02 11:55,C0736,P016,2,0.2,Livrée,Carte bancaire
CMD00839,2025-03-02 13:57,C0275,P018,1,0.0,Retournée,PayPal
CMD00840,2025-03-02 15:55,C0039,P021,3,0.0,Livrée,PayPal
CMD00841,2025-03-02 16:08,C0272,P025,3,0.0,Livrée,PayPal
CMD00842,2025-03-02 17:23,C1165,P031,1,0.0,Livrée,Carte bancaire
CMD00843,2025-03-02 19:15,C0311,P035,3,0.0,Livrée,Paiement en 3x
CMD00844,2025-03-02 20:10,C0993,P037,1,0.0,Livrée,Carte bancaire
CMD00845,2025-03-02 20:18,C0938,P004,2,0.0,Livrée,Carte bancaire
CMD00846,2025-03-02 20:20,C0217,P022,1,0.0,Livrée,PayPal
CMD00847,2025-03-02 22:24,C0257,P026,1,0.1,Livrée,Carte bancaire
CMD00848,2025-03-03 06:28,C0687,P025,3,0.0,Livrée,Carte bancaire
CMD00849,2025-03-03 08:46,C1077,P023,1,0.0,Livrée,Carte bancaire
CMD00850,2025-03-03 09:16,C0278,P030,1,0.0,Retournée,Carte bancaire
CMD00851,2025-03-03 09:22,C0816,P025,4,0.0,Livrée,Carte bancaire
CMD00852,2025-03-03 09:41,C0691,P006,1,0.0,Livrée,Paiement en 3x
CMD00853,2025-03-03 14:10,C1185,P015,1,0.0,Livrée,Carte bancaire
CMD00854,2025-03-03 15:07,C0269,P006,1,0.0,Annulée,Paiement en 3x
CMD00855,2025-03-03 18:22,C1128,P033,3,0.0,Livrée,PayPal
CMD00856,2025-03-03 20:01,C0287,P022,1,0.2,Livrée,Carte bancaire
CMD00857,2025-03-03 21:34,C0497,P009,1,0.0,Livrée,Carte bancaire
CMD00858,2025-03-03 21:50,C0898,P020,2,0.1,Livrée,Paiement en 3x
CMD00859,2025-03-03 22:44,C0334,P034,3,0.0,Livrée,Virement
CMD00860,2025-03-04 00:31,C0894,P007,2,0.0,Livrée,Paiement en 3x
CMD00861,2025-03-04 08:42,C1102,P005,1,0.0,Livrée,Carte bancaire
CMD00862,2025-03-04 09:52,C0357,P038,4,0.0,Livrée,Carte bancaire
CMD00863,2025-03-04 10:30,C1126,P023,1,0.0,Livrée,Carte bancaire
CMD00864,2025-03-04 12:20,C1046,P030,1,0.0,Livrée,Virement
CMD00865,2025-03-04 14:37,C0920,P019,1,0.1,Livrée,PayPal
CMD00866,2025-03-04 14:44,C0059,P019,4,0.0,Livrée,Carte bancaire
CMD00867,2025-03-04 15:27,C0672,P020,2,0.0,Livrée,PayPal
CMD00868,2025-03-04 15:49,C1015,P017,1,0.0,Livrée,Carte bancaire
CMD00869,2025-03-04 16:43,C0044,P002,2,0.0,Livrée,Paiement en 3x
CMD00870,2025-03-04 17:10,C0785,P016,1,0.0,Livrée,Paiement en 3x
CMD00871,2025-03-04 18:35,C1107,P003,2,0.0,Livrée,Carte bancaire
CMD00872,2025-03-04 19:25,C0851,P024,1,0.0,Annulée,Carte bancaire
CMD00873,2025-03-04 19:53,C0151,P016,2,0.0,Livrée,Carte bancaire
CMD00874,2025-03-04 20:20,C0186,P007,1,0.0,Retournée,Paiement en 3x
CMD00875,2025-03-04 20:30,C0948,P038,1,0.1,Livrée,Carte bancaire
CMD00876,2025-03-04 20:31,C0037,P023,2,0.2,Livrée,Carte bancaire
CMD00877,2025-03-04 21:06,C0524,P027,1,0.0,Livrée,Carte bancaire
CMD00878,2025-03-04 23:35,C0542,P018,1,0.0,Livrée,Carte bancaire
CMD00879,2025-03-05 10:08,C1007,P018,1,0.0,Livrée,Carte bancaire
CMD00880,2025-03-05 12:11,C0266,P015,1,0.0,Livrée,Carte bancaire
CMD00881,2025-03-05 12:58,C1094,P002,2,0.0,Livrée,Carte bancaire
CMD00882,2025-03-05 14:23,C0418,P036,2,0.1,Livrée,Carte bancaire
CMD00883,2025-03-05 16:01,C0214,P008,4,0.0,Livrée,Carte bancaire
CMD00884,2025-03-05 16:02,C1025,P010,1,0.0,Livrée,Carte bancaire
CMD00885,2025-03-05 17:09,C0329,P008,1,0.1,Retournée,PayPal
CMD00886,2025-03-05 17:15,C1132,P007,4,0.0,Livrée,Carte bancaire
CMD00887,2025-03-05 17:41,C0679,P006,1,0.0,Livrée,Paiement en 3x
CMD00888,2025-03-05 18:03,C0366,P038,1,0.1,Livrée,Carte bancaire
CMD00889,2025-03-05 19:02,C0044,P032,2,0.2,Livrée,PayPal
CMD00890,2025-03-05 20:30,C0276,P037,1,0.2,Livrée,PayPal
CMD00891,2025-03-05 20:33,C0813,P020,2,0.0,Livrée,Carte bancaire
CMD00892,2025-03-05 20:39,C0549,P035,1,0.0,Livrée,Carte bancaire
CMD00893,2025-03-05 21:57,C0510,P017,1,0.0,Retournée,Paiement en 3x
CMD00894,2025-03-05 22:12,C0894,P006,4,0.2,Annulée,Carte bancaire
CMD00895,2025-03-05 23:51,C0930,P022,1,0.0,Livrée,Carte bancaire
CMD00896,2025-03-05 23:57,C0182,P008,1,0.2,Livrée,Carte bancaire
CMD00897,2025-03-06 00:03,C0738,P015,1,0.0,Livrée,Carte bancaire
CMD00898,2025-03-06 06:26,C0449,P028,1,0.0,Livrée,PayPal
CMD00899,2025-03-06 10:52,C0381,P021,2,0.0,Livrée,Carte bancaire
CMD00900,2025-03-06 11:58,C0844,P015,1,0.0,Livrée,Paiement en 3x
CMD00901,2025-03-06 12:24,C0968,P020,4,0.0,Livrée,Carte bancaire
CMD00902,2025-03-06 12:32,C0196,P035,3,0.0,Livrée,Carte bancaire
CMD00903,2025-03-06 13:50,C0046,P019,1,0.0,Retournée,Carte bancaire
CMD00904,2025-03-06 14:34,C0704,P032,1,0.0,Livrée,PayPal
CMD00905,2025-03-06 17:24,C0213,P025,2,0.1,Livrée,Paiement en 3x
CMD00906,2025-03-06 19:44,C0510,P006,3,0.0,Livrée,Carte bancaire
CMD00907,2025-03-06 20:17,C0691,P012,1,0.0,Livrée,Carte bancaire
CMD00908,2025-03-06 21:21,C0616,P037,3,0.0,Livrée,Carte bancaire
CMD00909,2025-03-06 21:40,C0568,P010,1,0.0,Livrée,Carte bancaire
CMD00910,2025-03-06 22:22,C0686,P005,1,0.1,Livrée,Carte bancaire
CMD00911,2025-03-06 23:09,C0560,P001,3,0.0,Livrée,Paiement en 3x
CMD00912,2025-03-07 08:43,C0625,P017,2,0.1,Livrée,Carte bancaire
CMD00913,2025-03-07 10:24,C0454,P038,2,0.0,Livrée,Carte bancaire
CMD00914,2025-03-07 10:57,C0424,P001,1,0.0,Livrée,Paiement en 3x
CMD00915,2025-03-07 13:44,C0275,P017,1,0.0,Livrée,PayPal
CMD00916,2025-03-07 16:32,C1000,P018,1,0.2,Livrée,PayPal
CMD00917,2025-03-07 19:00,C0819,P037,2,0.1,Livrée,Paiement en 3x
CMD00918,2025-03-07 19:34,C1146,P025,1,0.1,Livrée,Carte bancaire
CMD00919,2025-03-07 19:45,C0785,P008,1,0.0,Livrée,Carte bancaire
CMD00920,2025-03-07 20:41,C0542,P025,2,0.2,Livrée,Carte bancaire
CMD00921,2025-03-07 20:46,C0683,P026,1,0.0,Livrée,Carte bancaire
CMD00922,2025-03-07 21:36,C0130,P015,1,0.0,Livrée,Carte bancaire
CMD00923,2025-03-08 00:19,C1193,P025,1,0.1,Livrée,Carte bancaire
CMD00924,2025-03-08 01:25,C1107,P022,5,0.0,Livrée,Paiement en 3x
CMD00925,2025-03-08 07:04,C0808,P033,1,0.0,Livrée,Carte bancaire
CMD00926,2025-03-08 08:12,C1125,P025,4,0.0,Livrée,PayPal
CMD00927,2025-03-08 08:25,C0938,P016,1,0.0,Livrée,Carte bancaire
CMD00928,2025-03-08 08:28,C0962,P008,1,0.0,Livrée,Carte bancaire
CMD00929,2025-03-08 10:28,C0849,P011,1,0.0,Retournée,Carte bancaire
CMD00930,2025-03-08 10:55,C0912,P023,1,0.0,Annulée,PayPal
CMD00931,2025-03-08 12:04,C0995,P031,1,0.0,Livrée,Carte bancaire
CMD00932,2025-03-08 12:28,C1191,P038,1,0.0,Livrée,Carte bancaire
CMD00933,2025-03-08 12:52,C0217,P010,1,0.0,Livrée,Virement
CMD00934,2025-03-08 13:13,C0254,P007,1,0.1,Annulée,PayPal
CMD00935,2025-03-08 13:57,C0467,P028,1,0.0,Livrée,PayPal
CMD00936,2025-03-08 14:24,C0729,P028,1,0.2,Livrée,PayPal
CMD00937,2025-03-08 17:22,C0010,P012,1,0.0,Livrée,Carte bancaire
CMD00938,2025-03-08 17:56,C0894,P017,1,0.0,Livrée,PayPal
CMD00939,2025-03-08 18:59,C0600,P002,2,0.2,Livrée,Carte bancaire
CMD00940,2025-03-08 19:20,C0806,P017,3,0.0,Livrée,Carte bancaire
CMD00941,2025-03-08 19:30,C0421,P032,1,0.0,Livrée,Carte bancaire
CMD00942,2025-03-08 20:38,C0698,P018,2,0.0,Livrée,Carte bancaire
CMD00943,2025-03-08 21:48,C0700,P015,1,0.1,Livrée,Carte bancaire
CMD00944,2025-03-08 22:41,C0778,P037,1,0.0,Livrée,PayPal
CMD00945,2025-03-09 12:16,C0584,P017,1,0.0,Livrée,Paiement en 3x
CMD00946,2025-03-09 13:42,C0202,P016,1,0.0,Livrée,PayPal
CMD00947,2025-03-09 14:42,C0623,P025,1,0.0,Livrée,PayPal
CMD00948,2025-03-09 16:36,C0967,P034,1,0.0,Livrée,Carte bancaire
CMD00949,2025-03-09 16:37,C0628,P021,1,0.0,Livrée,Carte bancaire
CMD00950,2025-03-09 17:46,C0221,P015,1,0.0,Retournée,PayPal
CMD00951,2025-03-09 18:12,C0968,P015,1,0.0,Retournée,Virement
CMD00952,2025-03-09 19:25,C1083,P039,1,0.0,Livrée,Carte bancaire
CMD00953,2025-03-09 20:33,C0832,P013,1,0.1,Livrée,Carte bancaire
CMD00954,2025-03-09 20:35,C1074,P014,1,0.0,Livrée,Carte bancaire
CMD00955,2025-03-09 20:47,C0001,P020,1,0.0,Livrée,PayPal
CMD00956,2025-03-09 22:06,C0616,P030,3,0.0,Livrée,Carte bancaire
CMD00957,2025-03-09 23:25,C0750,P017,1,0.0,Livrée,Carte bancaire
CMD00958,2025-03-10 05:14,C1000,P018,1,0.0,Livrée,Carte bancaire
CMD00959,2025-03-10 07:39,C0750,P010,3,0.0,Livrée,Carte bancaire
CMD00960,2025-03-10 09:21,C0050,P020,1,0.0,Livrée,Virement
CMD00961,2025-03-10 09:29,C0703,P021,1,0.1,Livrée,Carte bancaire
CMD00962,2025-03-10 11:14,C0584,P037,5,0.0,Livrée,Carte bancaire
CMD00963,2025-03-10 11:59,C0892,P035,2,0.0,Livrée,PayPal
CMD00964,2025-03-10 12:12,C0016,P038,1,0.1,Livrée,PayPal
CMD00965,2025-03-10 13:25,C0046,P028,4,0.1,Livrée,Carte bancaire
CMD00966,2025-03-10 16:46,C0384,P008,2,0.2,Livrée,Paiement en 3x
CMD00967,2025-03-10 17:52,C0073,P031,4,0.1,Annulée,Carte bancaire
CMD00968,2025-03-10 18:06,C0330,P013,1,0.1,Livrée,Paiement en 3x
CMD00969,2025-03-10 19:59,C0497,P038,2,0.0,Livrée,Virement
CMD00970,2025-03-10 21:29,C0408,P009,1,0.1,Livrée,Paiement en 3x
CMD00971,2025-03-10 22:03,C0783,P026,1,0.2,Livrée,Paiement en 3x
CMD00972,2025-03-11 01:04,C0319,P020,3,0.0,Livrée,Paiement en 3x
CMD00973,2025-03-11 10:12,C0262,P021,2,0.0,Livrée,Carte bancaire
CMD00974,2025-03-11 10:14,C0168,P019,3,0.2,Retournée,PayPal
CMD00975,2025-03-11 11:42,C0418,P030,1,0.0,Livrée,Carte bancaire
CMD00976,2025-03-11 12:44,C0122,P033,1,0.1,Livrée,Carte bancaire
CMD00977,2025-03-11 13:38,C0863,P023,3,0.0,Livrée,Carte bancaire
CMD00978,2025-03-11 15:13,C0100,P003,1,0.0,Livrée,Paiement en 3x
CMD00979,2025-03-11 15:45,C0115,P011,1,0.0,Livrée,Carte bancaire
CMD00980,2025-03-11 16:55,C0451,P026,1,0.0,Livrée,Carte bancaire
CMD00981,2025-03-11 17:59,C0381,P011,4,0.0,Livrée,Carte bancaire
CMD00982,2025-03-11 19:29,C0656,P020,5,0.0,Livrée,Carte bancaire
CMD00983,2025-03-12 01:09,C0057,P035,2,0.0,Livrée,PayPal
CMD00984,2025-03-12 08:01,C0751,P022,5,0.0,Retournée,Carte bancaire
CMD00985,2025-03-12 08:30,C0001,P016,3,0.0,Retournée,PayPal
CMD00986,2025-03-12 11:08,C0503,P020,1,0.2,Livrée,Carte bancaire
CMD00987,2025-03-12 11:24,C0373,P039,1,0.1,Livrée,Carte bancaire
CMD00988,2025-03-12 11:37,C0309,P033,2,0.1,Livrée,Carte bancaire
CMD00989,2025-03-12 12:29,C0431,P014,1,0.2,Livrée,Carte bancaire
CMD00990,2025-03-12 12:33,C0189,P020,1,0.0,Livrée,Paiement en 3x
CMD00991,2025-03-12 13:18,C0991,P009,1,0.0,Livrée,Carte bancaire
CMD00992,2025-03-12 13:32,C0074,P015,1,0.0,Livrée,Virement
CMD00993,2025-03-12 17:44,C1193,P024,1,0.0,Livrée,Paiement en 3x
CMD00994,2025-03-12 19:41,C0878,P010,2,0.0,Livrée,Carte bancaire
CMD00995,2025-03-12 19:46,C0094,P026,1,0.1,Livrée,Carte bancaire
CMD00996,2025-03-12 20:13,C0001,P013,2,0.0,Livrée,Carte bancaire
CMD00997,2025-03-12 21:13,C0381,P003,2,0.0,Livrée,Paiement en 3x
CMD00998,2025-03-12 22:14,C0164,P008,1,0.0,Livrée,Carte bancaire
CMD00999,2025-03-12 22:28,C0979,P032,1,0.2,Livrée,PayPal
CMD01000,2025-03-13 05:26,C0938,P017,3,0.1,Livrée,Carte bancaire
CMD01001,2025-03-13 08:13,C0576,P027,2,0.1,Livrée,Carte bancaire
CMD01002,2025-03-13 08:38,C0254,P031,2,0.0,Livrée,Carte bancaire
CMD01003,2025-03-13 09:10,C1171,P019,2,0.0,Retournée,Carte bancaire
CMD01004,2025-03-13 09:34,C0938,P031,3,0.0,Livrée,Carte bancaire
CMD01005,2025-03-13 12:06,C0533,P013,1,0.0,Livrée,Carte bancaire
CMD01006,2025-03-13 13:07,C0428,P034,1,0.0,Livrée,Carte bancaire
CMD01007,2025-03-13 15:11,C0184,P020,1,0.0,Retournée,Carte bancaire
CMD01008,2025-03-13 16:13,C0319,P012,1,0.0,Livrée,Carte bancaire
CMD01009,2025-03-13 16:14,C0275,P026,1,0.1,Retournée,PayPal
CMD01010,2025-03-13 16:33,C0244,P035,4,0.0,Livrée,Paiement en 3x
CMD01011,2025-03-13 17:20,C0930,P037,1,0.1,Livrée,Carte bancaire
CMD01012,2025-03-13 19:14,C1000,P015,1,0.0,Livrée,Carte bancaire
CMD01013,2025-03-13 19:19,C0570,P011,3,0.2,Annulée,Carte bancaire
CMD01014,2025-03-13 19:21,C0785,P012,1,0.0,Livrée,PayPal
CMD01015,2025-03-13 20:23,C1093,P016,4,0.0,Livrée,PayPal
CMD01016,2025-03-13 21:07,C0054,P012,2,0.2,Livrée,Carte bancaire
CMD01017,2025-03-13 21:43,C0302,P005,1,0.0,Livrée,Carte bancaire
CMD01018,2025-03-13 22:01,C0587,P030,1,0.0,Livrée,Carte bancaire
CMD01019,2025-03-13 22:04,C0253,P037,2,0.1,Livrée,PayPal
CMD01020,2025-03-13 23:06,C0675,P003,1,0.0,Livrée,Carte bancaire
CMD01021,2025-03-14 09:33,C0050,P011,1,0.0,Livrée,Carte bancaire
CMD01022,2025-03-14 10:00,C0398,P011,1,0.0,Retournée,Carte bancaire
CMD01023,2025-03-14 11:43,C1112,P020,4,0.0,Livrée,Paiement en 3x
CMD01024,2025-03-14 12:42,C0466,P039,2,0.0,Livrée,PayPal
CMD01025,2025-03-14 12:57,C0167,P007,3,0.0,Livrée,Carte bancaire
CMD01026,2025-03-14 13:11,C1081,P019,1,0.0,Livrée,Virement
CMD01027,2025-03-14 14:47,C0337,P023,2,0.0,Livrée,Carte bancaire
CMD01028,2025-03-14 15:14,C0288,P024,2,0.0,Livrée,Virement
CMD01029,2025-03-14 16:24,C0698,P009,1,0.0,Livrée,Carte bancaire
CMD01030,2025-03-14 16:35,C0787,P028,3,0.0,Annulée,Carte bancaire
CMD01031,2025-03-14 17:01,C0254,P038,1,0.0,Livrée,Carte bancaire
CMD01032,2025-03-14 19:04,C0191,P021,1,0.0,Livrée,Carte bancaire
CMD01033,2025-03-14 19:08,C0535,P033,1,0.0,Livrée,Carte bancaire
CMD01034,2025-03-14 20:12,C0094,P003,1,0.1,Livrée,Carte bancaire
CMD01035,2025-03-14 21:59,C0762,P010,3,0.0,Livrée,Carte bancaire
CMD01036,2025-03-14 22:39,C0938,P016,2,0.0,Livrée,PayPal
CMD01037,2025-03-15 08:24,C0493,P019,1,0.0,Retournée,Carte bancaire
CMD01038,2025-03-15 09:24,C0856,P034,1,0.0,Livrée,Paiement en 3x
CMD01039,2025-03-15 09:38,C0893,P029,2,0.1,Retournée,Carte bancaire
CMD01040,2025-03-15 10:43,C0190,P026,1,0.1,Livrée,Carte bancaire
CMD01041,2025-03-15 11:09,C1030,P018,3,0.0,Retournée,Paiement en 3x
CMD01042,2025-03-15 11:28,C0454,P031,2,0.0,Retournée,Carte bancaire
CMD01043,2025-03-15 11:50,C0751,P022,1,0.0,Livrée,PayPal
CMD01044,2025-03-15 12:41,C0573,P016,1,0.0,Livrée,PayPal
CMD01045,2025-03-15 12:55,C0050,P019,1,0.0,Retournée,Paiement en 3x
CMD01046,2025-03-15 13:15,C0044,P027,1,0.1,Livrée,PayPal
CMD01047,2025-03-15 13:17,C0966,P009,1,0.0,Livrée,PayPal
CMD01048,2025-03-15 13:37,C0879,P015,1,0.1,Retournée,PayPal
CMD01049,2025-03-15 13:43,C0187,P033,1,0.0,Livrée,Carte bancaire
CMD01050,2025-03-15 14:34,C0307,P019,1,0.0,Livrée,Virement
CMD01051,2025-03-15 15:13,C0786,P036,4,0.0,Livrée,Carte bancaire
CMD01052,2025-03-15 17:30,C0821,P032,3,0.0,Livrée,Carte bancaire
CMD01053,2025-03-15 17:40,C0993,P035,2,0.1,Livrée,Paiement en 3x
CMD01054,2025-03-15 19:42,C0855,P023,1,0.0,Livrée,Carte bancaire
CMD01055,2025-03-15 19:44,C0016,P015,3,0.0,Livrée,Carte bancaire
CMD01056,2025-03-15 20:00,C0660,P018,4,0.0,Livrée,Carte bancaire
CMD01057,2025-03-15 20:36,C0723,P010,3,0.0,Livrée,Virement
CMD01058,2025-03-15 20:49,C0135,P018,1,0.0,Livrée,Carte bancaire
CMD01059,2025-03-15 21:10,C0463,P019,1,0.0,Livrée,Carte bancaire
CMD01060,2025-03-15 21:10,C1112,P002,1,0.0,Livrée,PayPal
CMD01061,2025-03-15 21:21,C0577,P017,1,0.0,Livrée,PayPal
CMD01062,2025-03-15 21:52,C0319,P016,1,0.0,Livrée,Carte bancaire
CMD01063,2025-03-15 21:56,C0254,P028,2,0.0,Annulée,Carte bancaire
CMD01064,2025-03-15 22:00,C0828,P030,1,0.1,Livrée,Carte bancaire
CMD01065,2025-03-16 00:23,C1140,P039,2,0.1,Livrée,Carte bancaire
CMD01066,2025-03-16 08:39,C0183,P033,2,0.0,Livrée,Carte bancaire
CMD01067,2025-03-16 09:29,C0421,P015,3,0.0,Livrée,Carte bancaire
CMD01068,2025-03-16 10:17,C0236,P030,1,0.0,Livrée,PayPal
CMD01069,2025-03-16 10:39,C0899,P020,2,0.1,Retournée,Paiement en 3x
CMD01070,2025-03-16 12:49,C0217,P011,1,0.0,Livrée,Carte bancaire
CMD01071,2025-03-16 14:51,C1132,P033,4,0.1,Livrée,Carte bancaire
CMD01072,2025-03-16 16:51,C0602,P009,2,0.0,Livrée,Carte bancaire
CMD01073,2025-03-16 18:20,C1032,P036,1,0.0,Livrée,PayPal
CMD01074,2025-03-16 20:13,C0382,P015,1,0.0,Livrée,Carte bancaire
CMD01075,2025-03-16 20:28,C0869,P019,1,0.1,Livrée,Carte bancaire
CMD01076,2025-03-16 22:07,C0367,P026,2,0.0,Annulée,PayPal
CMD01077,2025-03-16 22:26,C0059,P009,2,0.0,Livrée,Virement
CMD01078,2025-03-17 07:58,C0190,P030,1,0.0,Livrée,Carte bancaire
CMD01079,2025-03-17 10:42,C0633,P010,3,0.0,Livrée,Carte bancaire
CMD01080,2025-03-17 11:55,C0872,P021,1,0.0,Livrée,Carte bancaire
CMD01081,2025-03-17 12:42,C1098,P033,1,0.0,Livrée,Carte bancaire
CMD01082,2025-03-17 13:02,C1081,P022,1,0.0,Livrée,PayPal
CMD01083,2025-03-17 13:04,C0145,P030,1,0.0,Livrée,Virement
CMD01084,2025-03-17 13:42,C0682,P019,1,0.0,Livrée,Carte bancaire
CMD01085,2025-03-17 14:51,C0752,P024,2,0.0,Livrée,Carte bancaire
CMD01086,2025-03-17 17:00,C0430,P033,1,0.0,Livrée,Paiement en 3x
CMD01087,2025-03-17 17:52,C0534,P019,2,0.0,Livrée,Carte bancaire
CMD01088,2025-03-17 18:03,C0430,P024,1,0.2,Livrée,PayPal
CMD01089,2025-03-17 20:04,C0278,P039,1,0.0,Livrée,Carte bancaire
CMD01090,2025-03-17 20:55,C0182,P005,1,0.0,Livrée,Carte bancaire
CMD01091,2025-03-17 21:16,C0544,P007,3,0.0,Livrée,Paiement en 3x
CMD01092,2025-03-18 03:55,C0291,P023,4,0.0,Livrée,Carte bancaire
CMD01093,2025-03-18 06:56,C0373,P018,2,0.1,Retournée,PayPal
CMD01094,2025-03-18 08:49,C0973,P027,2,0.1,Livrée,Carte bancaire
CMD01095,2025-03-18 09:57,C0813,P016,2,0.0,Livrée,PayPal
CMD01096,2025-03-18 11:17,C0450,P025,1,0.1,Livrée,Carte bancaire
CMD01097,2025-03-18 11:22,C0800,P017,1,0.0,Livrée,Carte bancaire
CMD01098,2025-03-18 12:11,C1148,P030,2,0.0,Livrée,Carte bancaire
CMD01099,2025-03-18 13:41,C1162,P002,1,0.2,Livrée,Paiement en 3x
CMD01100,2025-03-18 13:48,C1196,P027,5,0.0,Livrée,PayPal
CMD01101,2025-03-18 17:55,C1081,P006,1,0.2,Livrée,PayPal
CMD01102,2025-03-18 18:33,C0271,P005,1,0.0,Livrée,Paiement en 3x
CMD01103,2025-03-18 21:08,C0462,P006,1,0.0,Livrée,Carte bancaire
CMD01104,2025-03-18 21:23,C0401,P001,1,0.0,Livrée,Carte bancaire
CMD01105,2025-03-18 21:55,C0707,P027,1,0.0,Annulée,Carte bancaire
CMD01106,2025-03-19 05:35,C0591,P027,2,0.0,Livrée,PayPal
CMD01107,2025-03-19 05:51,C0217,P037,1,0.0,Livrée,PayPal
CMD01108,2025-03-19 08:03,C0599,P038,4,0.2,Livrée,Carte bancaire
CMD01109,2025-03-19 08:37,C0502,P018,1,0.2,Livrée,Virement
CMD01110,2025-03-19 09:30,C0016,P007,1,0.0,Livrée,Paiement en 3x
CMD01111,2025-03-19 10:43,C0719,P001,4,0.0,Livrée,Carte bancaire
CMD01112,2025-03-19 11:04,C0803,P015,1,0.0,Annulée,PayPal
CMD01113,2025-03-19 11:35,C0820,P034,1,0.0,Livrée,Carte bancaire
CMD01114,2025-03-19 11:52,C0271,P023,5,0.0,Livrée,Carte bancaire
CMD01115,2025-03-19 13:53,C1034,P020,1,0.2,Livrée,Carte bancaire
CMD01116,2025-03-19 16:10,C0750,P019,1,0.0,Livrée,Carte bancaire
CMD01117,2025-03-19 19:15,C1162,P006,1,0.0,Livrée,Carte bancaire
CMD01118,2025-03-19 20:15,C0782,P007,1,0.0,Livrée,Virement
CMD01119,2025-03-19 20:24,C0381,P019,1,0.0,Livrée,Carte bancaire
CMD01120,2025-03-19 20:30,C0062,P031,1,0.1,Livrée,Carte bancaire
CMD01121,2025-03-19 20:34,C0330,P027,3,0.0,Livrée,PayPal
CMD01122,2025-03-19 20:38,C0835,P040,4,0.0,Retournée,Paiement en 3x
CMD01123,2025-03-19 20:47,C0633,P022,3,0.1,Livrée,Virement
CMD01124,2025-03-19 21:04,C0898,P035,1,0.0,Annulée,Virement
CMD01125,2025-03-19 22:48,C0933,P018,1,0.0,Livrée,Paiement en 3x
CMD01126,2025-03-20 00:09,C0143,P031,1,0.0,Livrée,Carte bancaire
CMD01127,2025-03-20 08:40,C0829,P023,1,0.0,Livrée,Carte bancaire
CMD01128,2025-03-20 10:46,C1129,P018,1,0.1,Livrée,Carte bancaire
CMD01129,2025-03-20 12:24,C0322,P008,2,0.0,Livrée,Carte bancaire
CMD01130,2025-03-20 12:35,C1032,P015,3,0.0,Livrée,Virement
CMD01131,2025-03-20 12:49,C0192,P033,1,0.1,Livrée,Paiement en 3x
CMD01132,2025-03-20 13:44,C0521,P011,2,0.0,Livrée,Carte bancaire
CMD01133,2025-03-20 15:44,C0329,P013,1,0.0,Livrée,PayPal
CMD01134,2025-03-20 15:46,C0182,P032,1,0.0,Livrée,Carte bancaire
CMD01135,2025-03-20 19:18,C0778,P019,1,0.0,Livrée,Virement
CMD01136,2025-03-20 20:18,C0122,P007,1,0.0,Livrée,Paiement en 3x
CMD01137,2025-03-20 20:24,C0052,P022,2,0.0,Livrée,PayPal
CMD01138,2025-03-20 20:42,C0149,P009,1,0.0,Livrée,PayPal
CMD01139,2025-03-20 21:01,C0010,P006,2,0.0,Livrée,Carte bancaire
CMD01140,2025-03-20 22:01,C1189,P029,1,0.2,Livrée,Carte bancaire
CMD01141,2025-03-20 22:06,C0879,P022,1,0.1,Livrée,Carte bancaire
CMD01142,2025-03-20 22:52,C0529,P037,1,0.0,Livrée,Paiement en 3x
CMD01143,2025-03-20 23:05,C0418,P017,1,0.0,Retournée,Carte bancaire
CMD01144,2025-03-20 23:28,C0338,P015,1,0.1,Retournée,Virement
CMD01145,2025-03-20 23:53,C0418,P017,4,0.1,Livrée,Carte bancaire
CMD01146,2025-03-21 07:23,C0524,P002,1,0.0,Livrée,Paiement en 3x
CMD01147,2025-03-21 08:28,C0612,P024,1,0.0,Livrée,Carte bancaire
CMD01148,2025-03-21 12:33,C0894,P001,1,0.0,Livrée,Paiement en 3x
CMD01149,2025-03-21 14:13,C0947,P012,1,0.0,Annulée,Carte bancaire
CMD01150,2025-03-21 14:24,C0759,P017,1,0.0,Retournée,PayPal
CMD01151,2025-03-21 15:12,C0334,P022,1,0.0,Livrée,Paiement en 3x
CMD01152,2025-03-21 16:13,C0648,P021,3,0.0,Livrée,Carte bancaire
CMD01153,2025-03-21 16:29,C0603,P026,1,0.0,Livrée,Carte bancaire
CMD01154,2025-03-21 16:37,C0201,P016,3,0.0,Livrée,Carte bancaire
CMD01155,2025-03-21 16:47,C0046,P039,1,0.0,Retournée,Paiement en 3x
CMD01156,2025-03-21 16:48,C0544,P008,1,0.1,Livrée,Virement
CMD01157,2025-03-21 18:14,C0842,P010,1,0.0,Livrée,Virement
CMD01158,2025-03-21 21:53,C0176,P022,1,0.0,Livrée,Carte bancaire
CMD01159,2025-03-21 22:44,C0938,P037,1,0.0,Livrée,PayPal
CMD01160,2025-03-21 23:44,C0275,P012,1,0.0,Livrée,Carte bancaire
CMD01161,2025-03-22 09:07,C1084,P017,2,0.2,Livrée,Virement
CMD01162,2025-03-22 10:40,C0161,P023,1,0.0,Annulée,Carte bancaire
CMD01163,2025-03-22 10:55,C1140,P008,1,0.0,Livrée,Carte bancaire
CMD01164,2025-03-22 11:08,C0920,P021,3,0.0,Livrée,PayPal
CMD01165,2025-03-22 11:35,C0884,P020,1,0.0,Livrée,Carte bancaire
CMD01166,2025-03-22 11:47,C0431,P031,1,0.0,Livrée,Carte bancaire
CMD01167,2025-03-22 13:10,C1196,P004,1,0.1,Livrée,Paiement en 3x
CMD01168,2025-03-22 13:29,C0476,P037,4,0.0,Livrée,Carte bancaire
CMD01169,2025-03-22 14:52,C0334,P035,2,0.0,Livrée,PayPal
CMD01170,2025-03-22 17:14,C0711,P012,2,0.0,Livrée,Carte bancaire
CMD01171,2025-03-22 18:38,C1011,P006,2,0.0,Livrée,Carte bancaire
CMD01172,2025-03-22 18:59,C0503,P020,1,0.0,Livrée,Carte bancaire
CMD01173,2025-03-22 19:05,C0074,P023,2,0.0,Livrée,Virement
CMD01174,2025-03-22 20:37,C0921,P023,1,0.0,Livrée,Carte bancaire
CMD01175,2025-03-22 20:45,C0072,P021,3,0.0,Livrée,Carte bancaire
CMD01176,2025-03-22 21:22,C0892,P003,1,0.0,Livrée,Paiement en 3x
CMD01177,2025-03-22 21:46,C0398,P024,1,0.0,Annulée,Carte bancaire
CMD01178,2025-03-22 22:46,C1011,P010,1,0.0,Livrée,PayPal
CMD01179,2025-03-22 23:32,C0217,P036,2,0.0,Livrée,Carte bancaire
CMD01180,2025-03-23 07:02,C0898,P021,4,0.2,Livrée,Carte bancaire
CMD01181,2025-03-23 10:25,C0032,P013,3,0.0,Livrée,Carte bancaire
CMD01182,2025-03-23 10:59,C1008,P017,1,0.0,Livrée,PayPal
CMD01183,2025-03-23 11:04,C1030,P005,1,0.1,Livrée,Carte bancaire
CMD01184,2025-03-23 12:28,C1117,P026,3,0.0,Livrée,Carte bancaire
CMD01185,2025-03-23 13:43,C1185,P019,1,0.0,Livrée,Carte bancaire
CMD01186,2025-03-23 15:23,C0476,P010,1,0.1,Livrée,Carte bancaire
CMD01187,2025-03-23 17:41,C0118,P036,1,0.0,Livrée,Paiement en 3x
CMD01188,2025-03-23 19:17,C0816,P023,1,0.0,Livrée,PayPal
CMD01189,2025-03-23 19:23,C0265,P003,1,0.0,Annulée,Paiement en 3x
CMD01190,2025-03-23 19:44,C1000,P038,1,0.0,Livrée,PayPal
CMD01191,2025-03-23 19:52,C0044,P032,1,0.0,Livrée,Carte bancaire
CMD01192,2025-03-23 19:52,C0211,P022,1,0.0,Livrée,Carte bancaire
CMD01193,2025-03-23 20:38,C0224,P037,1,0.2,Livrée,PayPal
CMD01194,2025-03-23 21:11,C0150,P002,2,0.1,Livrée,PayPal
CMD01195,2025-03-23 21:52,C0849,P012,1,0.0,Livrée,PayPal
CMD01196,2025-03-23 23:09,C0886,P029,2,0.0,Livrée,PayPal
CMD01197,2025-03-24 10:38,C0253,P012,1,0.0,Livrée,Paiement en 3x
CMD01198,2025-03-24 11:32,C0036,P017,3,0.0,Livrée,Carte bancaire
CMD01199,2025-03-24 12:08,C0710,P030,1,0.0,Livrée,Virement
CMD01200,2025-03-24 12:46,C1074,P024,1,0.0,Livrée,Paiement en 3x
CMD01201,2025-03-24 13:44,C1161,P020,2,0.1,Livrée,Carte bancaire
CMD01202,2025-03-24 14:09,C0776,P023,1,0.0,Livrée,Carte bancaire
CMD01203,2025-03-24 14:16,C0776,P005,1,0.1,Livrée,Carte bancaire
CMD01204,2025-03-24 14:44,C0187,P027,1,0.0,Livrée,Carte bancaire
CMD01205,2025-03-24 16:25,C1144,P014,1,0.1,Livrée,Carte bancaire
CMD01206,2025-03-24 16:27,C1008,P017,1,0.0,Livrée,Carte bancaire
CMD01207,2025-03-24 16:52,C0849,P034,1,0.0,Livrée,Carte bancaire
CMD01208,2025-03-24 18:17,C0334,P009,1,0.0,Livrée,Paiement en 3x
CMD01209,2025-03-24 20:38,C1163,P003,1,0.0,Livrée,Paiement en 3x
CMD01210,2025-03-24 21:19,C0845,P036,1,0.0,Retournée,PayPal
CMD01211,2025-03-24 22:43,C0039,P022,2,0.0,Livrée,Carte bancaire
CMD01212,2025-03-25 07:51,C0385,P007,1,0.0,Livrée,Carte bancaire
CMD01213,2025-03-25 09:09,C1081,P009,1,0.2,Livrée,Carte bancaire
CMD01214,2025-03-25 11:57,C0142,P021,2,0.0,Livrée,Carte bancaire
CMD01215,2025-03-25 11:59,C0118,P032,5,0.0,Livrée,Carte bancaire
CMD01216,2025-03-25 12:15,C1146,P003,3,0.0,Livrée,Paiement en 3x
CMD01217,2025-03-25 16:08,C0293,P008,2,0.0,Livrée,PayPal
CMD01218,2025-03-25 17:24,C0178,P019,1,0.0,Livrée,Carte bancaire
CMD01219,2025-03-25 17:37,C0094,P037,1,0.0,Livrée,Carte bancaire
CMD01220,2025-03-25 18:07,C0265,P026,1,0.0,Livrée,Carte bancaire
CMD01221,2025-03-25 19:15,C0186,P028,4,0.0,Livrée,Carte bancaire
CMD01222,2025-03-26 12:12,C0330,P018,1,0.0,Livrée,Paiement en 3x
CMD01223,2025-03-26 12:17,C0968,P016,1,0.0,Retournée,Carte bancaire
CMD01224,2025-03-26 15:50,C1133,P037,2,0.1,Livrée,PayPal
CMD01225,2025-03-26 18:29,C1162,P038,1,0.0,Livrée,Carte bancaire
CMD01226,2025-03-26 18:59,C0381,P012,4,0.0,Livrée,Carte bancaire
CMD01227,2025-03-26 19:11,C0214,P033,1,0.0,Livrée,PayPal
CMD01228,2025-03-26 19:20,C0118,P016,2,0.0,Retournée,Carte bancaire
CMD01229,2025-03-26 19:49,C0651,P025,3,0.0,Annulée,Carte bancaire
CMD01230,2025-03-26 19:53,C0467,P038,2,0.0,Retournée,Carte bancaire
CMD01231,2025-03-26 21:24,C1162,P036,2,0.0,Livrée,PayPal
CMD01232,2025-03-26 21:56,C0539,P023,2,0.0,Livrée,Carte bancaire
CMD01233,2025-03-26 21:56,C0221,P001,3,0.0,Livrée,Carte bancaire
CMD01234,2025-03-26 22:04,C0894,P003,1,0.2,Livrée,Virement
CMD01235,2025-03-27 09:47,C1015,P020,1,0.0,Livrée,Paiement en 3x
CMD01236,2025-03-27 10:27,C0423,P004,1,0.0,Livrée,Paiement en 3x
CMD01237,2025-03-27 11:48,C0125,P002,1,0.0,Livrée,Carte bancaire
CMD01238,2025-03-27 12:29,C0971,P005,1,0.0,Livrée,PayPal
CMD01239,2025-03-27 13:13,C0214,P022,1,0.0,Livrée,PayPal
CMD01240,2025-03-27 13:36,C1143,P019,1,0.0,Livrée,Paiement en 3x
CMD01241,2025-03-27 17:30,C0884,P031,2,0.0,Livrée,Virement
CMD01242,2025-03-27 17:47,C0757,P040,1,0.0,Livrée,Carte bancaire
CMD01243,2025-03-27 20:09,C1058,P011,1,0.0,Livrée,PayPal
CMD01244,2025-03-27 21:30,C0585,P007,1,0.0,Livrée,Carte bancaire
CMD01245,2025-03-28 02:28,C0503,P037,2,0.0,Livrée,Carte bancaire
CMD01246,2025-03-28 04:00,C0993,P032,3,0.0,Livrée,Carte bancaire
CMD01247,2025-03-28 08:54,C0820,P034,1,0.0,Livrée,Paiement en 3x
CMD01248,2025-03-28 10:13,C1162,P007,1,0.1,Livrée,Paiement en 3x
CMD01249,2025-03-28 10:37,C0275,P014,3,0.0,Livrée,PayPal
CMD01250,2025-03-28 12:33,C0324,P002,1,0.0,Livrée,Carte bancaire
CMD01251,2025-03-28 12:37,C0632,P038,2,0.0,Livrée,Virement
CMD01252,2025-03-28 14:03,C0275,P035,2,0.0,Livrée,Paiement en 3x
CMD01253,2025-03-28 14:43,C0069,P037,1,0.0,Livrée,Carte bancaire
CMD01254,2025-03-28 15:29,C0243,P019,2,0.0,Livrée,Carte bancaire
CMD01255,2025-03-28 17:17,C1076,P001,2,0.0,Livrée,Paiement en 3x
CMD01256,2025-03-28 18:26,C1003,P036,2,0.0,Livrée,Paiement en 3x
CMD01257,2025-03-28 19:36,C0750,P001,3,0.2,Retournée,Paiement en 3x
CMD01258,2025-03-28 20:14,C0214,P036,3,0.0,Livrée,Paiement en 3x
CMD01259,2025-03-28 20:29,C0600,P008,2,0.0,Livrée,Paiement en 3x
CMD01260,2025-03-28 21:39,C0945,P019,1,0.2,Retournée,Paiement en 3x
CMD01261,2025-03-29 08:01,C0993,P009,1,0.1,Livrée,Carte bancaire
CMD01262,2025-03-29 08:15,C0767,P032,2,0.2,Livrée,Carte bancaire
CMD01263,2025-03-29 08:25,C0737,P035,1,0.0,Livrée,Paiement en 3x
CMD01264,2025-03-29 08:38,C0807,P024,2,0.2,Livrée,PayPal
CMD01265,2025-03-29 09:00,C0280,P012,1,0.0,Livrée,Carte bancaire
CMD01266,2025-03-29 10:27,C1192,P004,1,0.0,Livrée,Carte bancaire
CMD01267,2025-03-29 10:40,C0430,P035,1,0.1,Livrée,PayPal
CMD01268,2025-03-29 11:41,C0016,P021,2,0.2,Livrée,Paiement en 3x
CMD01269,2025-03-29 12:08,C0044,P017,1,0.0,Livrée,PayPal
CMD01270,2025-03-29 13:57,C0118,P038,1,0.0,Livrée,PayPal
CMD01271,2025-03-29 14:13,C1075,P038,1,0.0,Livrée,Carte bancaire
CMD01272,2025-03-29 14:21,C0418,P019,1,0.0,Livrée,Carte bancaire
CMD01273,2025-03-29 14:46,C0623,P023,1,0.0,Livrée,Carte bancaire
CMD01274,2025-03-29 15:37,C0121,P023,3,0.0,Livrée,Carte bancaire
CMD01275,2025-03-29 15:45,C0109,P039,2,0.0,Livrée,PayPal
CMD01276,2025-03-29 15:54,C1161,P004,1,0.0,Livrée,PayPal
CMD01277,2025-03-29 17:04,C1156,P026,1,0.0,Livrée,Carte bancaire
CMD01278,2025-03-29 17:54,C0234,P030,4,0.0,Livrée,PayPal
CMD01279,2025-03-29 19:09,C0276,P004,1,0.0,Livrée,Carte bancaire
CMD01280,2025-03-29 19:30,C0898,P025,2,0.0,Retournée,Carte bancaire
CMD01281,2025-03-29 20:45,C0821,P012,2,0.0,Livrée,Carte bancaire
CMD01282,2025-03-29 22:50,C0882,P039,2,0.2,Livrée,Carte bancaire
CMD01283,2025-03-29 22:56,C0835,P017,1,0.0,Livrée,Virement
CMD01284,2025-03-30 08:54,C0425,P010,1,0.0,Livrée,PayPal
CMD01285,2025-03-30 09:28,C0589,P026,1,0.0,Retournée,PayPal
CMD01286,2025-03-30 09:52,C0691,P015,1,0.0,Livrée,Carte bancaire
CMD01287,2025-03-30 10:35,C0192,P011,1,0.0,Livrée,Paiement en 3x
CMD01288,2025-03-30 11:13,C1196,P019,1,0.0,Livrée,PayPal
CMD01289,2025-03-30 11:20,C0448,P023,1,0.0,Livrée,Carte bancaire
CMD01290,2025-03-30 12:49,C0911,P022,1,0.0,Livrée,Virement
CMD01291,2025-03-30 14:00,C0481,P013,1,0.0,Livrée,Virement
CMD01292,2025-03-30 14:14,C0244,P019,1,0.1,Livrée,Carte bancaire
CMD01293,2025-03-30 15:15,C0271,P019,1,0.1,Retournée,Carte bancaire
CMD01294,2025-03-30 15:41,C0280,P030,1,0.0,Livrée,Carte bancaire
CMD01295,2025-03-30 16:48,C0036,P037,2,0.0,Livrée,Paiement en 3x
CMD01296,2025-03-30 18:48,C0307,P021,1,0.2,Livrée,PayPal
CMD01297,2025-03-30 18:55,C1014,P008,1,0.0,Livrée,Carte bancaire
CMD01298,2025-03-30 19:03,C0786,P023,1,0.0,Annulée,PayPal
CMD01299,2025-03-30 21:06,C0521,P019,1,0.0,Livrée,Virement
CMD01300,2025-03-30 21:17,C0397,P036,2,0.1,Livrée,Paiement en 3x
CMD01301,2025-03-30 21:51,C0886,P034,1,0.0,Annulée,PayPal
CMD01302,2025-03-30 22:53,C0254,P026,1,0.0,Livrée,Carte bancaire
CMD01303,2025-03-30 23:33,C1162,P036,1,0.0,Livrée,PayPal
CMD01304,2025-03-31 08:55,C0217,P027,2,0.0,Livrée,Carte bancaire
CMD01305,2025-03-31 11:29,C1105,P029,2,0.1,Livrée,PayPal
CMD01306,2025-03-31 12:00,C1081,P037,3,0.0,Livrée,PayPal
CMD01307,2025-03-31 12:05,C0118,P002,1,0.0,Livrée,Carte bancaire
CMD01308,2025-03-31 12:13,C0342,P016,1,0.1,Livrée,Carte bancaire
CMD01309,2025-03-31 12:20,C0219,P040,2,0.0,Livrée,Virement
CMD01310,2025-03-31 13:08,C0168,P011,1,0.0,Livrée,Paiement en 3x
CMD01311,2025-03-31 16:17,C0962,P021,1,0.0,Livrée,Carte bancaire
CMD01312,2025-03-31 18:25,C0430,P021,5,0.1,Retournée,Carte bancaire
CMD01313,2025-03-31 19:25,C0798,P016,3,0.2,Livrée,PayPal
CMD01314,2025-03-31 19:52,C0175,P031,3,0.1,Livrée,Carte bancaire
CMD01315,2025-03-31 20:01,C0408,P016,1,0.1,Retournée,Paiement en 3x
CMD01316,2025-04-01 07:45,C1196,P017,1,0.0,Livrée,Carte bancaire
CMD01317,2025-04-01 09:12,C0468,P024,1,0.0,Livrée,Carte bancaire
CMD01318,2025-04-01 09:36,C0952,P009,1,0.2,Livrée,PayPal
CMD01319,2025-04-01 09:49,C0621,P033,1,0.0,Livrée,Carte bancaire
CMD01320,2025-04-01 10:39,C0163,P014,2,0.0,Livrée,Carte bancaire
CMD01321,2025-04-01 11:39,C0560,P040,1,0.0,Livrée,Carte bancaire
CMD01322,2025-04-01 12:21,C0466,P028,1,0.0,Livrée,PayPal
CMD01323,2025-04-01 12:48,C0336,P020,3,0.0,Livrée,Paiement en 3x
CMD01324,2025-04-01 13:24,C0138,P014,2,0.1,Livrée,Carte bancaire
CMD01325,2025-04-01 14:31,C0107,P001,2,0.2,Livrée,Carte bancaire
CMD01326,2025-04-01 14:35,C1176,P039,1,0.0,Livrée,Carte bancaire
CMD01327,2025-04-01 16:26,C0938,P039,2,0.0,Livrée,Carte bancaire
CMD01328,2025-04-01 17:04,C0428,P023,2,0.0,Livrée,Carte bancaire
CMD01329,2025-04-01 17:16,C0213,P031,1,0.0,Livrée,PayPal
CMD01330,2025-04-01 17:42,C0255,P030,1,0.0,Livrée,Carte bancaire
CMD01331,2025-04-01 18:03,C0898,P009,2,0.0,Livrée,Carte bancaire
CMD01332,2025-04-01 18:20,C0462,P005,1,0.1,Livrée,Carte bancaire
CMD01333,2025-04-01 18:47,C1117,P039,1,0.0,Livrée,Carte bancaire
CMD01334,2025-04-01 18:48,C0144,P024,1,0.2,Livrée,Carte bancaire
CMD01335,2025-04-01 19:56,C0275,P020,1,0.0,Livrée,Carte bancaire
CMD01336,2025-04-01 21:14,C0514,P017,1,0.0,Livrée,Carte bancaire
CMD01337,2025-04-02 07:50,C0376,P017,1,0.0,Livrée,Carte bancaire
CMD01338,2025-04-02 08:09,C0779,P015,1,0.0,Livrée,Carte bancaire
CMD01339,2025-04-02 09:14,C0700,P026,2,0.0,Livrée,Paiement en 3x
CMD01340,2025-04-02 13:18,C0001,P026,1,0.0,Livrée,Paiement en 3x
CMD01341,2025-04-02 15:18,C0995,P039,2,0.1,Livrée,Carte bancaire
CMD01342,2025-04-02 16:22,C0580,P022,4,0.0,Livrée,Virement
CMD01343,2025-04-02 17:27,C0698,P040,2,0.0,Livrée,PayPal
CMD01344,2025-04-02 19:17,C0859,P010,2,0.0,Livrée,Carte bancaire
CMD01345,2025-04-02 21:22,C0329,P022,4,0.2,Livrée,Carte bancaire
CMD01346,2025-04-02 22:05,C0012,P006,1,0.0,Livrée,Carte bancaire
CMD01347,2025-04-02 23:11,C0118,P018,1,0.1,Livrée,PayPal
CMD01348,2025-04-02 23:53,C0070,P008,1,0.0,Livrée,PayPal
CMD01349,2025-04-03 08:19,C0534,P029,1,0.0,Livrée,Carte bancaire
CMD01350,2025-04-03 08:58,C0885,P016,1,0.2,Livrée,Carte bancaire
CMD01351,2025-04-03 09:38,C1019,P018,2,0.0,Livrée,Carte bancaire
CMD01352,2025-04-03 10:44,C0814,P023,1,0.0,Livrée,Virement
CMD01353,2025-04-03 12:03,C0963,P013,1,0.0,Livrée,PayPal
CMD01354,2025-04-03 12:28,C0700,P011,1,0.0,Livrée,Carte bancaire
CMD01355,2025-04-03 15:51,C0949,P033,1,0.0,Livrée,PayPal
CMD01356,2025-04-03 18:48,C0756,P014,1,0.0,Livrée,Virement
CMD01357,2025-04-03 19:19,C1000,P020,1,0.0,Livrée,Carte bancaire
CMD01358,2025-04-03 19:20,C0584,P005,5,0.0,Livrée,PayPal
CMD01359,2025-04-03 21:20,C0214,P006,2,0.0,Livrée,Carte bancaire
CMD01360,2025-04-03 21:34,C0959,P017,2,0.0,Livrée,Carte bancaire
CMD01361,2025-04-03 21:40,C1038,P024,3,0.0,Livrée,Carte bancaire
CMD01362,2025-04-04 08:27,C0111,P006,4,0.2,Livrée,Paiement en 3x
CMD01363,2025-04-04 08:32,C0984,P026,1,0.0,Livrée,PayPal
CMD01364,2025-04-04 09:04,C1143,P020,3,0.0,Retournée,Carte bancaire
CMD01365,2025-04-04 11:00,C0126,P015,1,0.0,Livrée,Paiement en 3x
CMD01366,2025-04-04 11:05,C0036,P007,2,0.0,Livrée,Paiement en 3x
CMD01367,2025-04-04 12:18,C0434,P035,1,0.0,Livrée,Carte bancaire
CMD01368,2025-04-04 12:51,C0355,P007,1,0.1,Livrée,Paiement en 3x
CMD01369,2025-04-04 13:20,C0182,P020,3,0.0,Retournée,Carte bancaire
CMD01370,2025-04-04 17:43,C0057,P026,5,0.0,Livrée,Carte bancaire
CMD01371,2025-04-04 18:16,C1165,P011,1,0.0,Livrée,Carte bancaire
CMD01372,2025-04-04 18:26,C0311,P005,1,0.0,Livrée,Paiement en 3x
CMD01373,2025-04-04 18:38,C0416,P023,1,0.0,Retournée,Paiement en 3x
CMD01374,2025-04-04 19:34,C0117,P004,4,0.1,Livrée,PayPal
CMD01375,2025-04-04 20:41,C0165,P036,1,0.2,Livrée,Carte bancaire
CMD01376,2025-04-04 20:50,C0786,P002,4,0.0,Annulée,Carte bancaire
CMD01377,2025-04-04 21:08,C0005,P016,2,0.0,Livrée,Paiement en 3x
CMD01378,2025-04-04 23:09,C0360,P005,2,0.0,Retournée,Carte bancaire
CMD01379,2025-04-05 05:26,C0956,P035,1,0.0,Livrée,Paiement en 3x
CMD01380,2025-04-05 07:20,C0213,P020,2,0.0,Annulée,Carte bancaire
CMD01381,2025-04-05 11:39,C1099,P023,3,0.0,Livrée,Carte bancaire
CMD01382,2025-04-05 12:44,C0894,P003,1,0.0,Retournée,Carte bancaire
CMD01383,2025-04-05 13:42,C1048,P025,1,0.0,Livrée,PayPal
CMD01384,2025-04-05 13:49,C0189,P039,3,0.0,Livrée,Virement
CMD01385,2025-04-05 13:52,C0648,P026,4,0.0,Livrée,PayPal
CMD01386,2025-04-05 13:59,C0377,P034,1,0.0,Livrée,Carte bancaire
CMD01387,2025-04-05 14:03,C0224,P035,3,0.1,Livrée,Carte bancaire
CMD01388,2025-04-05 14:13,C0600,P020,1,0.0,Livrée,Carte bancaire
CMD01389,2025-04-05 19:02,C0552,P005,1,0.0,Annulée,Carte bancaire
CMD01390,2025-04-05 19:21,C0482,P019,1,0.1,Livrée,Carte bancaire
CMD01391,2025-04-05 20:35,C0661,P013,1,0.1,Livrée,Carte bancaire
CMD01392,2025-04-05 21:31,C0046,P034,1,0.1,Livrée,Paiement en 3x
CMD01393,2025-04-05 21:45,C0625,P033,2,0.0,Livrée,Carte bancaire
CMD01394,2025-04-06 07:32,C0214,P009,1,0.1,Livrée,PayPal
CMD01395,2025-04-06 07:37,C1025,P030,1,0.0,Livrée,PayPal
CMD01396,2025-04-06 09:02,C1185,P014,1,0.0,Livrée,Paiement en 3x
CMD01397,2025-04-06 10:59,C1094,P017,1,0.0,Livrée,Carte bancaire
CMD01398,2025-04-06 12:48,C0539,P034,1,0.2,Livrée,Carte bancaire
CMD01399,2025-04-06 13:15,C0898,P027,1,0.1,Livrée,Carte bancaire
CMD01400,2025-04-06 13:21,C0418,P020,2,0.0,Livrée,Carte bancaire
CMD01401,2025-04-06 13:41,C0878,P037,1,0.0,Livrée,Carte bancaire
CMD01402,2025-04-06 14:36,C0182,P004,1,0.0,Livrée,Carte bancaire
CMD01403,2025-04-06 15:23,C0468,P026,1,0.0,Livrée,Carte bancaire
CMD01404,2025-04-06 15:37,C0339,P014,5,0.1,Livrée,Carte bancaire
CMD01405,2025-04-06 16:13,C0128,P015,1,0.0,Livrée,Carte bancaire
CMD01406,2025-04-06 20:49,C1163,P026,1,0.1,Livrée,Carte bancaire
CMD01407,2025-04-06 21:34,C0681,P004,1,0.1,Livrée,Paiement en 3x
CMD01408,2025-04-06 21:46,C0389,P001,5,0.0,Livrée,Carte bancaire
CMD01409,2025-04-06 23:49,C0050,P015,1,0.0,Livrée,PayPal
CMD01410,2025-04-06 23:58,C0431,P027,1,0.0,Livrée,Carte bancaire
CMD01411,2025-04-07 07:26,C0340,P033,1,0.2,Livrée,Virement
CMD01412,2025-04-07 07:54,C0121,P034,1,0.0,Livrée,Paiement en 3x
CMD01413,2025-04-07 07:59,C0213,P030,2,0.0,Livrée,Carte bancaire
CMD01414,2025-04-07 08:44,C0666,P018,2,0.0,Livrée,Carte bancaire
CMD01415,2025-04-07 10:06,C1136,P038,2,0.0,Livrée,Carte bancaire
CMD01416,2025-04-07 10:24,C0938,P007,1,0.0,Livrée,Paiement en 3x
CMD01417,2025-04-07 12:57,C0433,P001,2,0.0,Livrée,Carte bancaire
CMD01418,2025-04-07 13:10,C0307,P011,2,0.0,Livrée,Carte bancaire
CMD01419,2025-04-07 14:56,C0994,P024,1,0.0,Livrée,Carte bancaire
CMD01420,2025-04-07 17:41,C0458,P031,1,0.0,Livrée,Carte bancaire
CMD01421,2025-04-07 19:56,C0448,P015,1,0.0,Livrée,Carte bancaire
CMD01422,2025-04-07 21:21,C0600,P018,1,0.0,Livrée,Paiement en 3x
CMD01423,2025-04-07 21:23,C0137,P029,1,0.1,Livrée,Carte bancaire
CMD01424,2025-04-08 00:43,C0825,P003,1,0.0,Livrée,Paiement en 3x
CMD01425,2025-04-08 09:48,C0325,P004,1,0.1,Livrée,PayPal
CMD01426,2025-04-08 10:21,C0044,P005,1,0.0,Livrée,Paiement en 3x
CMD01427,2025-04-08 11:22,C1101,P014,2,0.1,Livrée,PayPal
CMD01428,2025-04-08 12:30,C0278,P038,2,0.0,Livrée,Carte bancaire
CMD01429,2025-04-08 12:40,C0030,P016,2,0.0,Livrée,PayPal
CMD01430,2025-04-08 13:03,C0168,P029,1,0.1,Livrée,Carte bancaire
CMD01431,2025-04-08 15:13,C0948,P022,1,0.0,Livrée,Carte bancaire
CMD01432,2025-04-08 16:55,C0552,P018,2,0.0,Livrée,PayPal
CMD01433,2025-04-08 16:59,C0650,P016,2,0.0,Livrée,Carte bancaire
CMD01434,2025-04-08 18:33,C0409,P009,1,0.2,Livrée,Carte bancaire
CMD01435,2025-04-08 19:37,C0380,P037,3,0.0,Livrée,Carte bancaire
CMD01436,2025-04-08 20:55,C1123,P005,2,0.0,Livrée,Carte bancaire
CMD01437,2025-04-08 21:29,C0060,P014,2,0.0,Livrée,PayPal
CMD01438,2025-04-09 10:46,C0796,P009,3,0.0,Livrée,Carte bancaire
CMD01439,2025-04-09 12:46,C0340,P009,3,0.0,Livrée,Carte bancaire
CMD01440,2025-04-09 13:38,C0632,P039,2,0.1,Livrée,Carte bancaire
CMD01441,2025-04-09 14:25,C0276,P017,1,0.0,Retournée,Carte bancaire
CMD01442,2025-04-09 14:36,C0082,P039,1,0.0,Livrée,Carte bancaire
CMD01443,2025-04-09 15:36,C0767,P007,1,0.0,Livrée,Paiement en 3x
CMD01444,2025-04-09 16:42,C0044,P029,2,0.0,Annulée,Carte bancaire
CMD01445,2025-04-09 18:29,C0214,P010,2,0.0,Livrée,Carte bancaire
CMD01446,2025-04-09 19:18,C0826,P020,2,0.0,Retournée,PayPal
CMD01447,2025-04-09 20:23,C0633,P005,1,0.0,Livrée,Carte bancaire
CMD01448,2025-04-09 20:57,C0254,P025,1,0.0,Annulée,Carte bancaire
CMD01449,2025-04-09 21:11,C0293,P024,3,0.0,Livrée,Carte bancaire
CMD01450,2025-04-09 21:47,C0718,P002,2,0.0,Livrée,Carte bancaire
CMD01451,2025-04-09 21:49,C0117,P020,3,0.0,Livrée,Carte bancaire
CMD01452,2025-04-09 21:49,C0633,P013,1,0.0,Livrée,Paiement en 3x
CMD01453,2025-04-10 08:15,C0896,P016,4,0.0,Livrée,Carte bancaire
CMD01454,2025-04-10 10:03,C1004,P007,2,0.0,Livrée,Carte bancaire
CMD01455,2025-04-10 10:07,C0412,P029,4,0.0,Livrée,Carte bancaire
CMD01456,2025-04-10 12:50,C0220,P026,1,0.0,Livrée,PayPal
CMD01457,2025-04-10 13:30,C0074,P022,1,0.0,Livrée,PayPal
CMD01458,2025-04-10 14:22,C0750,P011,1,0.2,Livrée,Carte bancaire
CMD01459,2025-04-10 15:16,C0330,P025,1,0.1,Livrée,Carte bancaire
CMD01460,2025-04-10 15:38,C0467,P023,1,0.1,Livrée,Carte bancaire
CMD01461,2025-04-10 15:52,C0876,P030,1,0.2,Livrée,PayPal
CMD01462,2025-04-10 18:27,C0609,P030,3,0.0,Livrée,PayPal
CMD01463,2025-04-10 18:31,C0926,P036,2,0.0,Annulée,Carte bancaire
CMD01464,2025-04-10 18:52,C0082,P018,1,0.0,Livrée,Carte bancaire
CMD01465,2025-04-10 19:02,C0704,P030,1,0.0,Livrée,Carte bancaire
CMD01466,2025-04-10 19:23,C0043,P018,1,0.1,Livrée,Carte bancaire
CMD01467,2025-04-10 19:33,C0818,P016,1,0.0,Livrée,Carte bancaire
CMD01468,2025-04-10 19:41,C0956,P033,1,0.0,Livrée,Carte bancaire
CMD01469,2025-04-10 19:47,C0228,P012,2,0.0,Livrée,PayPal
CMD01470,2025-04-10 19:51,C0115,P025,2,0.0,Livrée,Carte bancaire
CMD01471,2025-04-10 20:18,C1003,P031,2,0.2,Livrée,Carte bancaire
CMD01472,2025-04-10 21:02,C0115,P020,3,0.0,Livrée,PayPal
CMD01473,2025-04-10 21:53,C0373,P010,5,0.0,Livrée,Paiement en 3x
CMD01474,2025-04-10 21:53,C0759,P024,1,0.0,Livrée,Paiement en 3x
CMD01475,2025-04-10 22:46,C0886,P012,1,0.0,Livrée,Virement
CMD01476,2025-04-11 08:49,C0926,P036,1,0.0,Livrée,Carte bancaire
CMD01477,2025-04-11 09:48,C0705,P015,2,0.0,Livrée,Carte bancaire
CMD01478,2025-04-11 10:28,C0539,P016,1,0.0,Livrée,PayPal
CMD01479,2025-04-11 12:40,C0879,P017,1,0.0,Livrée,Virement
CMD01480,2025-04-11 13:30,C0934,P040,2,0.0,Livrée,Carte bancaire
CMD01481,2025-04-11 13:42,C0233,P040,1,0.0,Livrée,Carte bancaire
CMD01482,2025-04-11 13:45,C0287,P004,1,0.0,Livrée,Virement
CMD01483,2025-04-11 15:29,C0117,P011,1,0.0,Livrée,PayPal
CMD01484,2025-04-11 16:01,C0736,P009,1,0.0,Livrée,Carte bancaire
CMD01485,2025-04-11 16:15,C0554,P030,1,0.0,Livrée,Carte bancaire
CMD01486,2025-04-11 18:29,C0898,P009,1,0.0,Livrée,Carte bancaire
CMD01487,2025-04-11 19:44,C0820,P021,1,0.0,Livrée,Carte bancaire
CMD01488,2025-04-11 20:21,C0149,P010,1,0.2,Livrée,Carte bancaire
CMD01489,2025-04-11 21:01,C0094,P015,3,0.0,Livrée,Carte bancaire
CMD01490,2025-04-11 21:29,C0214,P017,1,0.0,Livrée,PayPal
CMD01491,2025-04-11 21:42,C1011,P037,1,0.0,Livrée,PayPal
CMD01492,2025-04-11 22:09,C0343,P010,1,0.2,Livrée,Carte bancaire
CMD01493,2025-04-12 07:37,C1146,P018,1,0.0,Livrée,Carte bancaire
CMD01494,2025-04-12 08:21,C0923,P014,1,0.2,Livrée,Carte bancaire
CMD01495,2025-04-12 11:16,C0913,P039,1,0.0,Livrée,Carte bancaire
CMD01496,2025-04-12 12:06,C0730,P014,1,0.1,Livrée,Carte bancaire
CMD01497,2025-04-12 13:56,C1117,P017,1,0.0,Livrée,Carte bancaire
CMD01498,2025-04-12 13:58,C1191,P039,3,0.0,Livrée,Carte bancaire
CMD01499,2025-04-12 14:05,C0060,P011,1,0.0,Livrée,Paiement en 3x
CMD01500,2025-04-12 17:26,C1184,P026,1,0.0,Livrée,Carte bancaire
CMD01501,2025-04-12 17:31,C0577,P022,1,0.0,Livrée,Carte bancaire
CMD01502,2025-04-12 19:17,C1041,P015,3,0.0,Livrée,PayPal
CMD01503,2025-04-12 20:38,C0998,P037,2,0.2,Livrée,Carte bancaire
CMD01504,2025-04-12 21:05,C1014,P030,2,0.1,Livrée,Paiement en 3x
CMD01505,2025-04-12 21:08,C0520,P014,1,0.0,Livrée,Paiement en 3x
CMD01506,2025-04-12 21:51,C1029,P030,1,0.1,Livrée,PayPal
CMD01507,2025-04-13 01:24,C1081,P036,1,0.0,Livrée,Paiement en 3x
CMD01508,2025-04-13 01:28,C0898,P019,1,0.0,Livrée,Carte bancaire
CMD01509,2025-04-13 09:54,C0057,P005,1,0.0,Livrée,Paiement en 3x
CMD01510,2025-04-13 10:42,C0526,P025,2,0.0,Livrée,Carte bancaire
CMD01511,2025-04-13 11:47,C0774,P040,3,0.0,Livrée,Carte bancaire
CMD01512,2025-04-13 12:56,C0919,P026,1,0.0,Livrée,Carte bancaire
CMD01513,2025-04-13 13:20,C1140,P018,1,0.0,Livrée,Carte bancaire
CMD01514,2025-04-13 13:30,C0118,P034,1,0.1,Livrée,Carte bancaire
CMD01515,2025-04-13 15:58,C0265,P016,1,0.0,Livrée,Carte bancaire
CMD01516,2025-04-13 19:32,C0633,P018,1,0.1,Livrée,Carte bancaire
CMD01517,2025-04-13 19:58,C1145,P019,1,0.1,Livrée,Carte bancaire
CMD01518,2025-04-13 20:03,C0588,P007,2,0.0,Livrée,Carte bancaire
CMD01519,2025-04-13 20:15,C1175,P006,3,0.0,Livrée,Paiement en 3x
CMD01520,2025-04-13 20:39,C0476,P021,1,0.0,Livrée,Carte bancaire
CMD01521,2025-04-13 20:59,C0539,P034,1,0.0,Livrée,Carte bancaire
CMD01522,2025-04-14 10:33,C0750,P017,3,0.0,Livrée,PayPal
CMD01523,2025-04-14 11:56,C1140,P015,1,0.1,Livrée,Carte bancaire
CMD01524,2025-04-14 12:09,C0054,P011,1,0.0,Livrée,Carte bancaire
CMD01525,2025-04-14 13:38,C0476,P025,1,0.0,Livrée,Carte bancaire
CMD01526,2025-04-14 15:37,C0036,P029,3,0.0,Livrée,Carte bancaire
CMD01527,2025-04-14 20:01,C0182,P002,3,0.1,Livrée,Carte bancaire
CMD01528,2025-04-14 20:16,C0127,P016,1,0.2,Livrée,Carte bancaire
CMD01529,2025-04-14 20:36,C0879,P015,1,0.0,Livrée,Virement
CMD01530,2025-04-14 22:13,C0616,P016,2,0.2,Retournée,Paiement en 3x
CMD01531,2025-04-14 22:57,C0018,P007,1,0.0,Annulée,Paiement en 3x
CMD01532,2025-04-15 05:24,C0433,P013,3,0.2,Livrée,Carte bancaire
CMD01533,2025-04-15 10:25,C0885,P037,3,0.1,Livrée,Carte bancaire
CMD01534,2025-04-15 12:08,C0217,P009,1,0.1,Livrée,Carte bancaire
CMD01535,2025-04-15 12:46,C1107,P001,1,0.0,Livrée,Carte bancaire
CMD01536,2025-04-15 12:55,C0450,P033,1,0.0,Livrée,PayPal
CMD01537,2025-04-15 13:21,C0856,P031,2,0.0,Livrée,PayPal
CMD01538,2025-04-15 13:32,C0848,P033,1,0.0,Livrée,PayPal
CMD01539,2025-04-15 13:47,C0421,P012,2,0.0,Livrée,PayPal
CMD01540,2025-04-15 13:48,C0187,P038,4,0.0,Livrée,Paiement en 3x
CMD01541,2025-04-15 17:49,C0526,P025,4,0.2,Livrée,Carte bancaire
CMD01542,2025-04-15 18:01,C0492,P018,1,0.1,Livrée,Carte bancaire
CMD01543,2025-04-15 19:30,C1168,P015,1,0.0,Retournée,PayPal
CMD01544,2025-04-15 19:38,C0744,P011,2,0.0,Livrée,Carte bancaire
CMD01545,2025-04-15 20:16,C0039,P027,1,0.0,Livrée,PayPal
CMD01546,2025-04-15 20:18,C0136,P012,1,0.0,Livrée,Carte bancaire
CMD01547,2025-04-15 20:22,C1081,P021,1,0.0,Annulée,Carte bancaire
CMD01548,2025-04-15 21:26,C0883,P023,1,0.0,Livrée,Carte bancaire
CMD01549,2025-04-15 21:29,C0544,P014,2,0.2,Livrée,Paiement en 3x
CMD01550,2025-04-15 21:51,C0431,P027,1,0.2,Livrée,Carte bancaire
CMD01551,2025-04-15 21:57,C1094,P016,1,0.0,Livrée,Carte bancaire
CMD01552,2025-04-15 22:21,C1125,P002,1,0.0,Livrée,Carte bancaire
CMD01553,2025-04-16 08:11,C0193,P038,2,0.0,Livrée,Carte bancaire
CMD01554,2025-04-16 11:41,C1123,P018,3,0.0,Livrée,Carte bancaire
CMD01555,2025-04-16 12:03,C0346,P036,2,0.0,Livrée,PayPal
CMD01556,2025-04-16 13:04,C1061,P019,2,0.0,Livrée,Virement
CMD01557,2025-04-16 13:26,C0428,P029,1,0.0,Livrée,Carte bancaire
CMD01558,2025-04-16 16:09,C0564,P032,1,0.0,Livrée,PayPal
CMD01559,2025-04-16 16:26,C1185,P040,4,0.1,Livrée,Carte bancaire
CMD01560,2025-04-16 20:24,C0057,P027,1,0.0,Livrée,Carte bancaire
CMD01561,2025-04-16 20:34,C0005,P011,1,0.0,Livrée,Paiement en 3x
CMD01562,2025-04-16 21:59,C0547,P029,1,0.0,Livrée,PayPal
CMD01563,2025-04-16 23:03,C0938,P007,2,0.0,Livrée,Paiement en 3x
CMD01564,2025-04-16 23:47,C0563,P013,1,0.0,Livrée,Carte bancaire
CMD01565,2025-04-17 07:08,C0381,P019,1,0.0,Livrée,PayPal
CMD01566,2025-04-17 08:05,C0584,P037,4,0.2,Livrée,PayPal
CMD01567,2025-04-17 09:32,C0149,P007,1,0.0,Annulée,Carte bancaire
CMD01568,2025-04-17 09:57,C0397,P014,1,0.2,Livrée,Carte bancaire
CMD01569,2025-04-17 11:29,C1099,P013,2,0.0,Livrée,Carte bancaire
CMD01570,2025-04-17 12:43,C0416,P021,3,0.0,Annulée,Carte bancaire
CMD01571,2025-04-17 13:21,C0254,P006,1,0.2,Livrée,Carte bancaire
CMD01572,2025-04-17 13:34,C0966,P003,1,0.0,Livrée,Carte bancaire
CMD01573,2025-04-17 15:13,C0402,P025,1,0.0,Livrée,Virement
CMD01574,2025-04-17 18:40,C0886,P009,3,0.0,Livrée,PayPal
CMD01575,2025-04-17 20:00,C0339,P024,1,0.0,Livrée,Paiement en 3x
CMD01576,2025-04-17 21:16,C0898,P013,2,0.0,Livrée,Carte bancaire
CMD01577,2025-04-17 21:20,C0228,P019,2,0.0,Livrée,Virement
CMD01578,2025-04-17 21:40,C0365,P028,2,0.0,Livrée,Carte bancaire
CMD01579,2025-04-17 22:01,C0658,P008,2,0.0,Livrée,Carte bancaire
CMD01580,2025-04-17 22:10,C0050,P019,1,0.0,Annulée,PayPal
CMD01581,2025-04-17 22:46,C1050,P021,1,0.1,Livrée,Carte bancaire
CMD01582,2025-04-17 23:41,C0919,P017,1,0.1,Livrée,Carte bancaire
CMD01583,2025-04-18 07:03,C1093,P021,2,0.0,Livrée,Paiement en 3x
CMD01584,2025-04-18 07:53,C1076,P015,1,0.0,Livrée,Carte bancaire
CMD01585,2025-04-18 08:47,C0718,P019,1,0.0,Livrée,Carte bancaire
CMD01586,2025-04-18 09:02,C0312,P031,1,0.0,Livrée,Carte bancaire
CMD01587,2025-04-18 11:42,C0072,P022,1,0.0,Livrée,Carte bancaire
CMD01588,2025-04-18 12:33,C0046,P039,4,0.0,Livrée,Carte bancaire
CMD01589,2025-04-18 12:50,C1030,P009,3,0.2,Livrée,Carte bancaire
CMD01590,2025-04-18 13:16,C0543,P021,1,0.0,Livrée,Carte bancaire
CMD01591,2025-04-18 16:48,C0381,P014,1,0.0,Livrée,Carte bancaire
CMD01592,2025-04-18 17:18,C0698,P016,1,0.0,Livrée,Carte bancaire
CMD01593,2025-04-18 18:42,C0388,P011,1,0.0,Livrée,Paiement en 3x
CMD01594,2025-04-18 19:29,C0348,P018,3,0.2,Livrée,Carte bancaire
CMD01595,2025-04-18 19:51,C0757,P013,4,0.0,Livrée,PayPal
CMD01596,2025-04-18 21:38,C0360,P038,4,0.0,Livrée,PayPal
CMD01597,2025-04-18 22:44,C1133,P030,2,0.0,Retournée,PayPal
CMD01598,2025-04-18 23:58,C0335,P023,1,0.0,Livrée,Virement
CMD01599,2025-04-19 03:22,C1075,P012,1,0.0,Livrée,Carte bancaire
CMD01600,2025-04-19 07:24,C0497,P009,1,0.0,Livrée,PayPal
CMD01601,2025-04-19 07:57,C0440,P022,1,0.1,Livrée,Virement
CMD01602,2025-04-19 09:30,C0757,P031,1,0.0,Livrée,PayPal
CMD01603,2025-04-19 10:04,C0330,P014,2,0.0,Livrée,Carte bancaire
CMD01604,2025-04-19 12:10,C0459,P025,1,0.0,Livrée,Virement
CMD01605,2025-04-19 12:17,C0947,P015,4,0.0,Retournée,Carte bancaire
CMD01606,2025-04-19 13:10,C0423,P026,5,0.0,Livrée,Carte bancaire
CMD01607,2025-04-19 13:26,C0408,P001,1,0.2,Livrée,PayPal
CMD01608,2025-04-19 14:05,C1015,P001,1,0.1,Livrée,Carte bancaire
CMD01609,2025-04-19 14:10,C0856,P035,3,0.0,Livrée,Carte bancaire
CMD01610,2025-04-19 14:15,C0186,P038,2,0.0,Livrée,PayPal
CMD01611,2025-04-19 15:06,C0962,P008,1,0.0,Livrée,PayPal
CMD01612,2025-04-19 16:34,C0587,P003,1,0.1,Livrée,Carte bancaire
CMD01613,2025-04-19 16:35,C0777,P019,1,0.0,Livrée,Carte bancaire
CMD01614,2025-04-19 17:51,C0034,P018,2,0.2,Retournée,PayPal
CMD01615,2025-04-19 19:55,C1161,P019,1,0.0,Livrée,Carte bancaire
CMD01616,2025-04-19 20:20,C0292,P023,1,0.1,Livrée,Carte bancaire
CMD01617,2025-04-19 20:41,C0362,P027,4,0.0,Livrée,Paiement en 3x
CMD01618,2025-04-19 22:00,C0780,P025,1,0.0,Livrée,Carte bancaire
CMD01619,2025-04-19 22:18,C0949,P034,1,0.1,Livrée,Carte bancaire
CMD01620,2025-04-19 22:37,C1099,P010,2,0.1,Livrée,PayPal
CMD01621,2025-04-19 23:18,C0143,P024,1,0.0,Livrée,Paiement en 3x
CMD01622,2025-04-20 00:12,C0107,P039,1,0.0,Livrée,PayPal
CMD01623,2025-04-20 07:40,C1101,P022,1,0.0,Livrée,PayPal
CMD01624,2025-04-20 09:51,C0254,P029,1,0.0,Annulée,PayPal
CMD01625,2025-04-20 10:20,C0340,P016,2,0.0,Livrée,Carte bancaire
CMD01626,2025-04-20 10:30,C1155,P016,1,0.2,Livrée,Carte bancaire
CMD01627,2025-04-20 10:33,C0695,P006,2,0.1,Livrée,Paiement en 3x
CMD01628,2025-04-20 12:23,C1008,P024,1,0.0,Livrée,PayPal
CMD01629,2025-04-20 14:24,C0214,P027,1,0.0,Livrée,Carte bancaire
CMD01630,2025-04-20 14:55,C0010,P008,1,0.2,Livrée,Carte bancaire
CMD01631,2025-04-20 17:12,C0999,P005,1,0.0,Livrée,Paiement en 3x
CMD01632,2025-04-20 17:57,C1058,P015,3,0.0,Livrée,Carte bancaire
CMD01633,2025-04-20 19:40,C1110,P019,1,0.0,Annulée,PayPal
CMD01634,2025-04-20 21:01,C0275,P005,1,0.0,Livrée,Virement
CMD01635,2025-04-20 21:13,C0859,P028,2,0.0,Retournée,Paiement en 3x
CMD01636,2025-04-20 21:24,C0213,P019,2,0.0,Livrée,Carte bancaire
CMD01637,2025-04-20 22:04,C1165,P019,1,0.0,Retournée,Carte bancaire
CMD01638,2025-04-20 22:26,C1117,P010,2,0.0,Livrée,Carte bancaire
CMD01639,2025-04-20 23:03,C0730,P037,1,0.1,Livrée,Carte bancaire
CMD01640,2025-04-21 00:03,C0255,P035,5,0.0,Livrée,Carte bancaire
CMD01641,2025-04-21 09:12,C0362,P032,2,0.0,Livrée,Carte bancaire
CMD01642,2025-04-21 09:32,C0990,P015,2,0.1,Retournée,Paiement en 3x
CMD01643,2025-04-21 10:06,C0692,P031,2,0.0,Livrée,Carte bancaire
CMD01644,2025-04-21 12:05,C0615,P006,1,0.0,Livrée,Paiement en 3x
CMD01645,2025-04-21 13:12,C0337,P017,2,0.0,Livrée,PayPal
CMD01646,2025-04-21 15:10,C0393,P028,1,0.0,Livrée,Carte bancaire
CMD01647,2025-04-21 15:32,C0036,P020,2,0.0,Livrée,Carte bancaire
CMD01648,2025-04-21 17:02,C0947,P010,5,0.0,Livrée,Carte bancaire
CMD01649,2025-04-21 18:33,C1095,P035,2,0.0,Livrée,Carte bancaire
CMD01650,2025-04-21 18:34,C0390,P021,1,0.0,Livrée,Carte bancaire
CMD01651,2025-04-21 18:48,C0136,P026,1,0.0,Livrée,PayPal
CMD01652,2025-04-21 19:19,C0165,P025,2,0.0,Livrée,Paiement en 3x
CMD01653,2025-04-21 19:27,C0922,P010,1,0.0,Annulée,Carte bancaire
CMD01654,2025-04-21 20:56,C0037,P036,2,0.1,Livrée,Carte bancaire
CMD01655,2025-04-21 21:21,C0335,P005,3,0.0,Livrée,PayPal
CMD01656,2025-04-21 21:39,C0277,P021,1,0.1,Retournée,Paiement en 3x
CMD01657,2025-04-22 10:45,C0731,P028,1,0.0,Retournée,Carte bancaire
CMD01658,2025-04-22 12:54,C0457,P020,2,0.0,Livrée,Carte bancaire
CMD01659,2025-04-22 13:26,C0102,P030,1,0.0,Livrée,Carte bancaire
CMD01660,2025-04-22 14:06,C0051,P016,1,0.0,Livrée,PayPal
CMD01661,2025-04-22 14:18,C1103,P020,1,0.1,Livrée,Carte bancaire
CMD01662,2025-04-22 18:10,C1066,P010,3,0.0,Livrée,Carte bancaire
CMD01663,2025-04-22 19:08,C1123,P037,1,0.0,Livrée,Paiement en 3x
CMD01664,2025-04-22 20:02,C1196,P021,1,0.0,Livrée,PayPal
CMD01665,2025-04-22 21:08,C0126,P033,1,0.0,Livrée,Virement
CMD01666,2025-04-22 22:33,C1174,P005,1,0.0,Livrée,PayPal
CMD01667,2025-04-22 23:13,C0281,P033,1,0.1,Livrée,PayPal
CMD01668,2025-04-23 05:37,C0572,P009,2,0.0,Livrée,Carte bancaire
CMD01669,2025-04-23 07:09,C0620,P029,1,0.1,Livrée,Carte bancaire
CMD01670,2025-04-23 07:25,C0401,P032,2,0.0,Livrée,PayPal
CMD01671,2025-04-23 11:22,C0081,P006,4,0.0,Livrée,Paiement en 3x
CMD01672,2025-04-23 12:17,C1046,P002,2,0.0,Livrée,Paiement en 3x
CMD01673,2025-04-23 12:53,C0813,P030,4,0.0,Livrée,Carte bancaire
CMD01674,2025-04-23 13:32,C0889,P039,3,0.0,Livrée,Paiement en 3x
CMD01675,2025-04-23 16:51,C0044,P016,3,0.0,Retournée,Carte bancaire
CMD01676,2025-04-23 18:46,C1099,P005,2,0.0,Livrée,PayPal
CMD01677,2025-04-23 19:06,C0073,P009,2,0.0,Livrée,PayPal
CMD01678,2025-04-23 20:34,C0509,P026,1,0.2,Livrée,PayPal
CMD01679,2025-04-23 21:01,C0552,P022,1,0.2,Livrée,Carte bancaire
CMD01680,2025-04-23 21:44,C0919,P013,2,0.2,Livrée,Carte bancaire
CMD01681,2025-04-24 08:54,C0341,P027,1,0.1,Livrée,Virement
CMD01682,2025-04-24 10:22,C0525,P018,1,0.0,Livrée,Paiement en 3x
CMD01683,2025-04-24 12:16,C0294,P019,2,0.1,Retournée,Carte bancaire
CMD01684,2025-04-24 13:19,C0317,P015,1,0.0,Retournée,Paiement en 3x
CMD01685,2025-04-24 14:10,C0816,P020,4,0.1,Livrée,Carte bancaire
CMD01686,2025-04-24 15:48,C1081,P029,2,0.0,Livrée,Carte bancaire
CMD01687,2025-04-24 15:55,C0698,P034,1,0.0,Livrée,Paiement en 3x
CMD01688,2025-04-24 16:11,C0948,P012,1,0.0,Livrée,Carte bancaire
CMD01689,2025-04-24 16:32,C1123,P017,2,0.0,Livrée,Carte bancaire
CMD01690,2025-04-24 18:05,C1117,P015,1,0.1,Livrée,PayPal
CMD01691,2025-04-24 18:16,C0492,P012,3,0.0,Livrée,PayPal
CMD01692,2025-04-24 19:12,C0019,P034,2,0.0,Livrée,PayPal
CMD01693,2025-04-24 20:17,C0107,P039,1,0.0,Livrée,PayPal
CMD01694,2025-04-24 20:20,C0525,P005,2,0.1,Livrée,Virement
CMD01695,2025-04-24 20:36,C0046,P022,1,0.0,Livrée,PayPal
CMD01696,2025-04-24 20:38,C0102,P018,2,0.0,Livrée,Carte bancaire
CMD01697,2025-04-24 22:54,C1048,P025,1,0.0,Livrée,PayPal
CMD01698,2025-04-25 07:29,C0794,P033,1,0.0,Livrée,PayPal
CMD01699,2025-04-25 10:23,C0754,P015,1,0.0,Livrée,Paiement en 3x
CMD01700,2025-04-25 10:28,C1144,P039,1,0.2,Livrée,Carte bancaire
CMD01701,2025-04-25 11:33,C0145,P001,2,0.0,Livrée,Paiement en 3x
CMD01702,2025-04-25 12:23,C0007,P019,3,0.0,Livrée,PayPal
CMD01703,2025-04-25 12:51,C0497,P021,1,0.0,Livrée,Carte bancaire
CMD01704,2025-04-25 14:50,C0763,P035,3,0.0,Livrée,Carte bancaire
CMD01705,2025-04-25 15:50,C0253,P015,1,0.0,Livrée,PayPal
CMD01706,2025-04-25 16:47,C0824,P024,2,0.0,Livrée,Carte bancaire
CMD01707,2025-04-25 17:25,C0804,P020,2,0.0,Livrée,PayPal
CMD01708,2025-04-25 18:41,C0107,P003,1,0.0,Livrée,Paiement en 3x
CMD01709,2025-04-25 19:19,C0339,P036,2,0.0,Livrée,Carte bancaire
CMD01710,2025-04-25 19:35,C0144,P034,2,0.1,Livrée,Carte bancaire
CMD01711,2025-04-25 19:36,C0879,P018,1,0.0,Livrée,Carte bancaire
CMD01712,2025-04-25 22:04,C0785,P018,3,0.0,Livrée,Virement
CMD01713,2025-04-25 22:16,C0271,P015,1,0.0,Livrée,PayPal
CMD01714,2025-04-25 22:30,C0029,P029,1,0.1,Livrée,PayPal
CMD01715,2025-04-25 23:23,C0167,P030,5,0.1,Livrée,Paiement en 3x
CMD01716,2025-04-26 08:56,C0275,P021,1,0.0,Livrée,Carte bancaire
CMD01717,2025-04-26 09:54,C0700,P012,2,0.0,Livrée,Carte bancaire
CMD01718,2025-04-26 10:55,C0016,P039,1,0.1,Livrée,Carte bancaire
CMD01719,2025-04-26 12:28,C0813,P020,1,0.0,Retournée,Carte bancaire
CMD01720,2025-04-26 12:29,C0082,P021,3,0.1,Livrée,Carte bancaire
CMD01721,2025-04-26 12:54,C0275,P014,1,0.0,Livrée,PayPal
CMD01722,2025-04-26 14:52,C0789,P039,1,0.0,Livrée,Carte bancaire
CMD01723,2025-04-26 15:16,C0746,P008,2,0.0,Livrée,Paiement en 3x
CMD01724,2025-04-26 15:19,C0381,P036,5,0.1,Livrée,Paiement en 3x
CMD01725,2025-04-26 15:46,C0820,P009,1,0.0,Livrée,PayPal
CMD01726,2025-04-26 15:49,C0148,P039,1,0.0,Livrée,Carte bancaire
CMD01727,2025-04-26 17:03,C0236,P016,3,0.0,Livrée,PayPal
CMD01728,2025-04-26 20:04,C0817,P021,1,0.0,Livrée,Carte bancaire
CMD01729,2025-04-26 22:16,C0357,P039,3,0.0,Livrée,Virement
CMD01730,2025-04-26 22:23,C1133,P020,2,0.0,Retournée,PayPal
CMD01731,2025-04-26 22:36,C0840,P022,1,0.0,Livrée,Carte bancaire
CMD01732,2025-04-27 07:21,C0413,P014,3,0.0,Livrée,Carte bancaire
CMD01733,2025-04-27 08:05,C0275,P011,1,0.0,Livrée,Paiement en 3x
CMD01734,2025-04-27 08:47,C0585,P021,1,0.0,Livrée,Carte bancaire
CMD01735,2025-04-27 09:57,C1062,P021,2,0.0,Retournée,Carte bancaire
CMD01736,2025-04-27 10:19,C0089,P010,1,0.0,Retournée,Carte bancaire
CMD01737,2025-04-27 11:30,C0725,P039,2,0.0,Livrée,Carte bancaire
CMD01738,2025-04-27 12:35,C0853,P001,1,0.0,Livrée,Carte bancaire
CMD01739,2025-04-27 15:23,C0448,P025,1,0.0,Livrée,Carte bancaire
CMD01740,2025-04-27 17:28,C0868,P021,1,0.0,Livrée,Carte bancaire
CMD01741,2025-04-27 17:31,C0752,P025,1,0.0,Livrée,Carte bancaire
CMD01742,2025-04-27 17:48,C0115,P017,3,0.2,Retournée,Carte bancaire
CMD01743,2025-04-27 18:18,C1000,P008,1,0.0,Livrée,Carte bancaire
CMD01744,2025-04-27 18:58,C0126,P021,1,0.0,Livrée,PayPal
CMD01745,2025-04-27 19:03,C0855,P025,2,0.1,Livrée,Carte bancaire
CMD01746,2025-04-27 20:01,C0711,P005,1,0.2,Livrée,Carte bancaire
CMD01747,2025-04-27 20:12,C0311,P016,1,0.2,Livrée,Carte bancaire
CMD01748,2025-04-27 20:13,C0152,P008,4,0.0,Livrée,Carte bancaire
CMD01749,2025-04-27 20:55,C0062,P030,3,0.0,Livrée,PayPal
CMD01750,2025-04-27 21:04,C0115,P034,1,0.0,Livrée,PayPal
CMD01751,2025-04-27 21:25,C0932,P028,2,0.0,Livrée,Paiement en 3x
CMD01752,2025-04-27 21:28,C1102,P005,1,0.0,Livrée,PayPal
CMD01753,2025-04-28 08:54,C0118,P027,4,0.0,Livrée,Carte bancaire
CMD01754,2025-04-28 10:04,C0208,P015,3,0.0,Retournée,Carte bancaire
CMD01755,2025-04-28 10:51,C0884,P016,1,0.1,Livrée,PayPal
CMD01756,2025-04-28 11:50,C0381,P022,1,0.0,Livrée,Carte bancaire
CMD01757,2025-04-28 12:01,C0062,P031,4,0.0,Livrée,Carte bancaire
CMD01758,2025-04-28 16:57,C0666,P017,2,0.0,Livrée,Carte bancaire
CMD01759,2025-04-28 18:49,C0312,P009,1,0.0,Livrée,Carte bancaire
CMD01760,2025-04-28 19:03,C0851,P023,1,0.1,Livrée,PayPal
CMD01761,2025-04-28 19:32,C1081,P024,1,0.1,Livrée,Paiement en 3x
CMD01762,2025-04-28 20:08,C0888,P022,1,0.2,Livrée,PayPal
CMD01763,2025-04-28 20:51,C0650,P002,1,0.0,Annulée,Carte bancaire
CMD01764,2025-04-28 21:16,C0402,P032,1,0.0,Livrée,Carte bancaire
CMD01765,2025-04-28 21:27,C0568,P036,1,0.0,Livrée,Carte bancaire
CMD01766,2025-04-28 21:37,C0652,P009,1,0.0,Livrée,Carte bancaire
CMD01767,2025-04-28 21:41,C0591,P013,1,0.1,Livrée,Paiement en 3x
CMD01768,2025-04-29 08:53,C0680,P016,1,0.0,Livrée,PayPal
CMD01769,2025-04-29 09:31,C0938,P040,2,0.0,Livrée,Carte bancaire
CMD01770,2025-04-29 11:11,C0938,P003,1,0.0,Livrée,Paiement en 3x
CMD01771,2025-04-29 12:30,C0124,P005,2,0.0,Retournée,Carte bancaire
CMD01772,2025-04-29 14:20,C0700,P016,1,0.0,Livrée,PayPal
CMD01773,2025-04-29 15:25,C0651,P019,1,0.2,Livrée,PayPal
CMD01774,2025-04-29 18:54,C1115,P035,2,0.1,Livrée,Carte bancaire
CMD01775,2025-04-29 19:26,C0429,P005,1,0.0,Livrée,Carte bancaire
CMD01776,2025-04-29 19:36,C0032,P035,2,0.0,Livrée,Virement
CMD01777,2025-04-30 01:32,C0325,P017,1,0.0,Livrée,Carte bancaire
CMD01778,2025-04-30 09:29,C0651,P006,2,0.1,Livrée,PayPal
CMD01779,2025-04-30 09:45,C0475,P037,1,0.0,Livrée,Carte bancaire
CMD01780,2025-04-30 09:48,C0265,P027,4,0.0,Livrée,Carte bancaire
CMD01781,2025-04-30 11:47,C0973,P013,1,0.0,Livrée,Paiement en 3x
CMD01782,2025-04-30 14:12,C0214,P011,1,0.1,Livrée,Carte bancaire
CMD01783,2025-04-30 15:16,C0883,P017,1,0.2,Livrée,Carte bancaire
CMD01784,2025-04-30 17:19,C0137,P038,3,0.1,Livrée,Carte bancaire
CMD01785,2025-04-30 20:40,C0704,P016,1,0.2,Livrée,PayPal
CMD01786,2025-04-30 21:05,C0339,P009,3,0.0,Livrée,Carte bancaire
CMD01787,2025-04-30 21:40,C0168,P010,2,0.0,Annulée,Carte bancaire
CMD01788,2025-04-30 22:03,C1123,P031,1,0.0,Livrée,PayPal
CMD01789,2025-04-30 22:39,C0442,P040,4,0.0,Livrée,Paiement en 3x
CMD01790,2025-04-30 23:32,C0947,P031,1,0.2,Livrée,PayPal
CMD01791,2025-05-01 00:34,C0319,P007,3,0.0,Livrée,PayPal
CMD01792,2025-05-01 10:12,C0265,P022,1,0.0,Annulée,Carte bancaire
CMD01793,2025-05-01 10:27,C0559,P022,2,0.0,Livrée,Carte bancaire
CMD01794,2025-05-01 11:29,C1075,P031,1,0.1,Livrée,Paiement en 3x
CMD01795,2025-05-01 12:21,C0762,P009,1,0.0,Livrée,Carte bancaire
CMD01796,2025-05-01 12:31,C0164,P034,1,0.0,Livrée,Paiement en 3x
CMD01797,2025-05-01 12:56,C0815,P018,1,0.1,Livrée,Carte bancaire
CMD01798,2025-05-01 13:38,C0990,P032,2,0.0,Livrée,Carte bancaire
CMD01799,2025-05-01 14:50,C0911,P038,1,0.0,Livrée,Carte bancaire
CMD01800,2025-05-01 15:56,C0218,P033,1,0.0,Livrée,Carte bancaire
CMD01801,2025-05-01 16:31,C1068,P011,3,0.0,Livrée,Carte bancaire
CMD01802,2025-05-01 16:32,C1004,P019,3,0.1,Livrée,PayPal
CMD01803,2025-05-01 16:47,C0691,P006,1,0.1,Retournée,PayPal
CMD01804,2025-05-01 17:51,C1191,P025,2,0.2,Livrée,Paiement en 3x
CMD01805,2025-05-01 17:59,C0533,P018,2,0.2,Livrée,Carte bancaire
CMD01806,2025-05-01 18:28,C0059,P034,1,0.0,Livrée,PayPal
CMD01807,2025-05-01 18:45,C0809,P039,1,0.0,Livrée,PayPal
CMD01808,2025-05-01 18:52,C0431,P010,2,0.0,Livrée,PayPal
CMD01809,2025-05-01 20:36,C1092,P016,1,0.0,Livrée,PayPal
CMD01810,2025-05-01 20:38,C0036,P026,2,0.0,Livrée,PayPal
CMD01811,2025-05-01 20:59,C0507,P008,1,0.2,Livrée,Paiement en 3x
CMD01812,2025-05-01 21:00,C0816,P012,4,0.0,Livrée,PayPal
CMD01813,2025-05-01 22:09,C0421,P038,1,0.0,Livrée,Carte bancaire
CMD01814,2025-05-01 22:48,C0046,P017,1,0.0,Livrée,Virement
CMD01815,2025-05-02 03:26,C1104,P026,3,0.0,Livrée,Carte bancaire
CMD01816,2025-05-02 08:33,C0214,P031,1,0.0,Livrée,Carte bancaire
CMD01817,2025-05-02 09:32,C0213,P003,4,0.0,Livrée,PayPal
CMD01818,2025-05-02 12:54,C0418,P020,3,0.0,Retournée,Carte bancaire
CMD01819,2025-05-02 13:56,C0933,P032,1,0.0,Livrée,Carte bancaire
CMD01820,2025-05-02 14:02,C0383,P017,3,0.0,Livrée,Carte bancaire
CMD01821,2025-05-02 14:11,C0278,P020,3,0.0,Livrée,Carte bancaire
CMD01822,2025-05-02 14:34,C0962,P012,2,0.0,Livrée,Carte bancaire
CMD01823,2025-05-02 16:09,C0206,P004,2,0.0,Livrée,Paiement en 3x
CMD01824,2025-05-02 18:24,C0962,P017,2,0.2,Livrée,Carte bancaire
CMD01825,2025-05-02 21:18,C0254,P008,1,0.2,Annulée,Carte bancaire
CMD01826,2025-05-03 08:23,C0382,P022,2,0.0,Livrée,PayPal
CMD01827,2025-05-03 09:37,C0628,P021,1,0.0,Livrée,Carte bancaire
CMD01828,2025-05-03 10:55,C0938,P018,2,0.0,Livrée,Carte bancaire
CMD01829,2025-05-03 11:04,C0751,P020,1,0.0,Livrée,Carte bancaire
CMD01830,2025-05-03 11:06,C1185,P026,1,0.0,Retournée,PayPal
CMD01831,2025-05-03 11:20,C0244,P015,5,0.2,Livrée,Carte bancaire
CMD01832,2025-05-03 12:19,C0254,P005,1,0.0,Livrée,Paiement en 3x
CMD01833,2025-05-03 12:28,C0336,P012,1,0.0,Livrée,Paiement en 3x
CMD01834,2025-05-03 13:44,C0069,P040,1,0.1,Livrée,PayPal
CMD01835,2025-05-03 14:54,C0439,P017,1,0.0,Livrée,Carte bancaire
CMD01836,2025-05-03 15:13,C1161,P036,2,0.0,Livrée,Carte bancaire
CMD01837,2025-05-03 15:44,C0122,P011,2,0.0,Livrée,Carte bancaire
CMD01838,2025-05-03 16:05,C0418,P028,1,0.1,Retournée,PayPal
CMD01839,2025-05-03 17:00,C0050,P007,3,0.0,Livrée,PayPal
CMD01840,2025-05-03 19:25,C0371,P030,2,0.0,Livrée,Carte bancaire
CMD01841,2025-05-03 19:44,C0881,P029,1,0.2,Livrée,PayPal
CMD01842,2025-05-03 20:34,C0408,P013,1,0.1,Livrée,Carte bancaire
CMD01843,2025-05-03 21:09,C1170,P023,1,0.0,Livrée,Carte bancaire
CMD01844,2025-05-03 21:18,C1165,P014,1,0.0,Livrée,Carte bancaire
CMD01845,2025-05-03 21:41,C0333,P037,1,0.0,Livrée,Carte bancaire
CMD01846,2025-05-04 08:39,C0662,P020,2,0.0,Livrée,PayPal
CMD01847,2025-05-04 08:44,C0244,P014,3,0.0,Livrée,Carte bancaire
CMD01848,2025-05-04 09:03,C0568,P005,2,0.0,Livrée,Paiement en 3x
CMD01849,2025-05-04 11:34,C0476,P033,2,0.0,Livrée,PayPal
CMD01850,2025-05-04 12:25,C0989,P002,3,0.0,Livrée,Carte bancaire
CMD01851,2025-05-04 12:28,C0191,P030,1,0.0,Livrée,PayPal
CMD01852,2025-05-04 13:36,C0384,P017,1,0.1,Livrée,Carte bancaire
CMD01853,2025-05-04 14:16,C1117,P016,1,0.1,Livrée,Carte bancaire
CMD01854,2025-05-04 18:18,C1196,P032,1,0.1,Livrée,Carte bancaire
CMD01855,2025-05-04 19:08,C0859,P019,1,0.0,Retournée,Carte bancaire
CMD01856,2025-05-04 19:15,C0012,P012,1,0.0,Livrée,Carte bancaire
CMD01857,2025-05-04 19:19,C0518,P013,1,0.0,Livrée,PayPal
CMD01858,2025-05-04 19:40,C1166,P013,1,0.0,Livrée,Carte bancaire
CMD01859,2025-05-04 19:47,C0337,P033,1,0.0,Livrée,Carte bancaire
CMD01860,2025-05-04 20:45,C1034,P003,1,0.0,Livrée,Paiement en 3x
CMD01861,2025-05-04 21:44,C0356,P036,1,0.0,Livrée,PayPal
CMD01862,2025-05-04 22:01,C0611,P011,1,0.0,Livrée,Carte bancaire
CMD01863,2025-05-05 09:01,C0927,P010,1,0.0,Livrée,Carte bancaire
CMD01864,2025-05-05 09:08,C1192,P031,4,0.0,Livrée,PayPal
CMD01865,2025-05-05 10:40,C0938,P015,1,0.0,Livrée,PayPal
CMD01866,2025-05-05 10:52,C0202,P024,3,0.0,Livrée,Carte bancaire
CMD01867,2025-05-05 12:01,C0757,P007,1,0.0,Livrée,Carte bancaire
CMD01868,2025-05-05 13:11,C0292,P011,1,0.1,Livrée,Carte bancaire
CMD01869,2025-05-05 14:33,C0894,P029,1,0.0,Livrée,Carte bancaire
CMD01870,2025-05-05 15:26,C0214,P010,1,0.1,Livrée,Carte bancaire
CMD01871,2025-05-05 16:42,C0495,P021,2,0.0,Retournée,PayPal
CMD01872,2025-05-05 17:05,C0330,P033,1,0.0,Livrée,Carte bancaire
CMD01873,2025-05-05 18:27,C0245,P006,1,0.1,Livrée,Carte bancaire
CMD01874,2025-05-05 18:47,C0535,P008,4,0.1,Livrée,Carte bancaire
CMD01875,2025-05-05 19:50,C0333,P010,1,0.2,Livrée,PayPal
CMD01876,2025-05-05 22:17,C0691,P034,1,0.0,Livrée,Carte bancaire
CMD01877,2025-05-06 00:35,C0213,P021,1,0.0,Livrée,Carte bancaire
CMD01878,2025-05-06 09:10,C1171,P025,1,0.0,Annulée,Carte bancaire
CMD01879,2025-05-06 09:53,C0124,P012,1,0.0,Livrée,Paiement en 3x
CMD01880,2025-05-06 10:09,C1107,P020,1,0.1,Livrée,Paiement en 3x
CMD01881,2025-05-06 13:12,C1133,P019,3,0.1,Livrée,Paiement en 3x
CMD01882,2025-05-06 13:27,C0116,P006,1,0.0,Livrée,Paiement en 3x
CMD01883,2025-05-06 15:44,C0776,P009,3,0.0,Livrée,Carte bancaire
CMD01884,2025-05-06 16:10,C0307,P005,3,0.0,Livrée,Paiement en 3x
CMD01885,2025-05-06 18:23,C0379,P036,1,0.1,Livrée,Virement
CMD01886,2025-05-06 20:05,C0858,P021,2,0.0,Livrée,PayPal
CMD01887,2025-05-06 21:36,C0421,P037,2,0.0,Livrée,PayPal
CMD01888,2025-05-06 21:56,C0816,P001,1,0.0,Annulée,Carte bancaire
CMD01889,2025-05-06 22:08,C0550,P025,4,0.0,Livrée,PayPal
CMD01890,2025-05-07 07:32,C1000,P020,2,0.1,Livrée,Carte bancaire
CMD01891,2025-05-07 09:56,C0900,P039,1,0.0,Livrée,Carte bancaire
CMD01892,2025-05-07 10:32,C0625,P025,1,0.0,Livrée,Carte bancaire
CMD01893,2025-05-07 11:33,C0728,P011,1,0.2,Livrée,Carte bancaire
CMD01894,2025-05-07 11:57,C0117,P002,2,0.0,Livrée,Carte bancaire
CMD01895,2025-05-07 12:49,C0021,P010,3,0.0,Retournée,Carte bancaire
CMD01896,2025-05-07 17:28,C0430,P039,2,0.0,Livrée,PayPal
CMD01897,2025-05-07 18:52,C0978,P012,1,0.1,Livrée,Carte bancaire
CMD01898,2025-05-07 19:23,C0299,P018,1,0.0,Retournée,Virement
CMD01899,2025-05-07 19:55,C0927,P015,4,0.0,Livrée,Carte bancaire
CMD01900,2025-05-07 23:00,C0952,P020,2,0.0,Livrée,Paiement en 3x
CMD01901,2025-05-08 07:10,C0633,P028,2,0.0,Livrée,Paiement en 3x
CMD01902,2025-05-08 07:29,C0421,P012,1,0.1,Livrée,Paiement en 3x
CMD01903,2025-05-08 09:38,C0348,P010,2,0.0,Livrée,PayPal
CMD01904,2025-05-08 10:13,C0069,P023,5,0.0,Livrée,Carte bancaire
CMD01905,2025-05-08 10:35,C0278,P002,1,0.0,Livrée,Carte bancaire
CMD01906,2025-05-08 12:38,C0894,P014,3,0.2,Livrée,Carte bancaire
CMD01907,2025-05-08 13:01,C0650,P029,1,0.0,Livrée,Paiement en 3x
CMD01908,2025-05-08 13:35,C0821,P023,1,0.0,Livrée,Virement
CMD01909,2025-05-08 15:59,C0576,P025,3,0.0,Livrée,Carte bancaire
CMD01910,2025-05-08 17:59,C0030,P020,2,0.0,Livrée,Carte bancaire
CMD01911,2025-05-08 18:18,C0010,P021,1,0.0,Livrée,Carte bancaire
CMD01912,2025-05-08 18:58,C0454,P015,1,0.0,Livrée,Carte bancaire
CMD01913,2025-05-08 19:22,C0312,P011,1,0.1,Livrée,Paiement en 3x
CMD01914,2025-05-08 19:41,C0083,P023,1,0.0,Livrée,Paiement en 3x
CMD01915,2025-05-09 09:28,C0459,P007,1,0.0,Livrée,Paiement en 3x
CMD01916,2025-05-09 09:44,C0330,P026,1,0.1,Livrée,Carte bancaire
CMD01917,2025-05-09 10:00,C1015,P040,2,0.1,Livrée,Carte bancaire
CMD01918,2025-05-09 10:46,C0041,P005,1,0.0,Livrée,Carte bancaire
CMD01919,2025-05-09 10:51,C1081,P009,2,0.0,Livrée,PayPal
CMD01920,2025-05-09 11:21,C0534,P019,1,0.0,Livrée,Carte bancaire
CMD01921,2025-05-09 13:00,C0107,P022,1,0.0,Livrée,PayPal
CMD01922,2025-05-09 13:29,C0684,P022,1,0.0,Livrée,Carte bancaire
CMD01923,2025-05-09 14:33,C0776,P036,1,0.0,Livrée,Carte bancaire
CMD01924,2025-05-09 16:25,C1162,P031,1,0.0,Livrée,Paiement en 3x
CMD01925,2025-05-09 17:17,C0133,P005,1,0.1,Livrée,PayPal
CMD01926,2025-05-09 18:00,C0785,P020,1,0.0,Livrée,Carte bancaire
CMD01927,2025-05-09 21:09,C0010,P018,2,0.0,Livrée,Carte bancaire
CMD01928,2025-05-09 21:38,C0877,P018,1,0.0,Retournée,PayPal
CMD01929,2025-05-09 23:39,C0036,P009,1,0.0,Livrée,Carte bancaire
CMD01930,2025-05-10 01:45,C1099,P019,1,0.0,Livrée,Carte bancaire
CMD01931,2025-05-10 10:04,C0467,P025,1,0.0,Livrée,Carte bancaire
CMD01932,2025-05-10 10:57,C1144,P012,1,0.0,Livrée,Carte bancaire
CMD01933,2025-05-10 13:29,C0412,P033,4,0.1,Livrée,Carte bancaire
CMD01934,2025-05-10 13:37,C0149,P020,2,0.0,Livrée,PayPal
CMD01935,2025-05-10 13:49,C0685,P019,1,0.0,Livrée,Carte bancaire
CMD01936,2025-05-10 13:55,C1075,P030,1,0.1,Livrée,Carte bancaire
CMD01937,2025-05-10 14:04,C0004,P030,2,0.0,Livrée,Virement
CMD01938,2025-05-10 14:53,C0546,P021,3,0.1,Livrée,Virement
CMD01939,2025-05-10 16:09,C0950,P002,1,0.2,Livrée,PayPal
CMD01940,2025-05-10 16:14,C0016,P019,1,0.0,Retournée,Paiement en 3x
CMD01941,2025-05-10 16:36,C1025,P031,1,0.0,Livrée,Virement
CMD01942,2025-05-10 16:50,C0486,P019,2,0.0,Livrée,Carte bancaire
CMD01943,2025-05-10 17:13,C0217,P038,2,0.2,Livrée,Carte bancaire
CMD01944,2025-05-10 18:19,C0309,P032,1,0.0,Livrée,Paiement en 3x
CMD01945,2025-05-10 20:07,C0547,P026,4,0.0,Livrée,Virement
CMD01946,2025-05-10 22:41,C0885,P014,3,0.0,Livrée,Paiement en 3x
CMD01947,2025-05-11 09:13,C0084,P015,1,0.0,Livrée,Carte bancaire
CMD01948,2025-05-11 11:02,C0337,P021,1,0.2,Livrée,Carte bancaire
CMD01949,2025-05-11 13:04,C0508,P012,1,0.1,Livrée,Virement
CMD01950,2025-05-11 13:19,C0788,P002,4,0.0,Livrée,Carte bancaire
CMD01951,2025-05-11 13:40,C0280,P032,1,0.0,Livrée,PayPal
CMD01952,2025-05-11 16:02,C0043,P030,1,0.0,Livrée,Carte bancaire
CMD01953,2025-05-11 17:14,C0050,P025,1,0.0,Livrée,Paiement en 3x
CMD01954,2025-05-11 18:03,C1009,P031,4,0.0,Livrée,Carte bancaire
CMD01955,2025-05-11 18:43,C0616,P033,1,0.1,Annulée,Carte bancaire
CMD01956,2025-05-11 19:16,C0660,P036,2,0.0,Livrée,Carte bancaire
CMD01957,2025-05-11 19:23,C0814,P025,5,0.2,Livrée,Paiement en 3x
CMD01958,2025-05-11 19:36,C0835,P015,2,0.0,Livrée,Carte bancaire
CMD01959,2025-05-11 20:06,C0335,P027,1,0.0,Livrée,PayPal
CMD01960,2025-05-11 20:34,C0336,P029,2,0.0,Livrée,Paiement en 3x
CMD01961,2025-05-11 21:36,C0750,P020,1,0.0,Livrée,Carte bancaire
CMD01962,2025-05-11 21:50,C0800,P015,1,0.0,Livrée,PayPal
CMD01963,2025-05-11 22:04,C0889,P024,1,0.0,Livrée,Paiement en 3x
CMD01964,2025-05-11 22:21,C0921,P034,4,0.0,Livrée,Carte bancaire
CMD01965,2025-05-11 22:36,C0057,P007,1,0.0,Livrée,Carte bancaire
CMD01966,2025-05-12 01:43,C0408,P015,2,0.0,Livrée,Carte bancaire
CMD01967,2025-05-12 08:22,C0922,P003,1,0.0,Livrée,Paiement en 3x
CMD01968,2025-05-12 12:14,C0835,P011,1,0.0,Livrée,Carte bancaire
CMD01969,2025-05-12 13:23,C0962,P016,3,0.0,Livrée,PayPal
CMD01970,2025-05-12 13:37,C0617,P033,4,0.0,Livrée,Carte bancaire
CMD01971,2025-05-12 13:57,C1015,P007,1,0.1,Livrée,Paiement en 3x
CMD01972,2025-05-12 14:10,C0277,P017,3,0.0,Annulée,Virement
CMD01973,2025-05-12 14:14,C0731,P023,2,0.0,Livrée,PayPal
CMD01974,2025-05-12 15:26,C0934,P025,1,0.0,Annulée,PayPal
CMD01975,2025-05-12 16:07,C0381,P036,2,0.0,Livrée,Carte bancaire
CMD01976,2025-05-12 16:10,C0970,P017,1,0.0,Retournée,Carte bancaire
CMD01977,2025-05-12 16:53,C1030,P036,1,0.1,Livrée,Virement
CMD01978,2025-05-12 18:57,C0044,P004,2,0.0,Livrée,Paiement en 3x
CMD01979,2025-05-12 19:41,C0191,P027,1,0.2,Livrée,Carte bancaire
CMD01980,2025-05-12 21:06,C1038,P038,3,0.2,Livrée,Carte bancaire
CMD01981,2025-05-12 22:36,C0118,P007,1,0.0,Livrée,PayPal
CMD01982,2025-05-12 23:59,C0626,P038,2,0.0,Livrée,Paiement en 3x
CMD01983,2025-05-13 11:06,C1109,P011,1,0.0,Livrée,Carte bancaire
CMD01984,2025-05-13 12:04,C1112,P010,2,0.1,Livrée,Carte bancaire
CMD01985,2025-05-13 12:41,C0030,P003,2,0.0,Livrée,Paiement en 3x
CMD01986,2025-05-13 13:08,C0087,P016,1,0.0,Livrée,PayPal
CMD01987,2025-05-13 14:14,C0368,P019,2,0.0,Livrée,Carte bancaire
CMD01988,2025-05-13 15:32,C0107,P025,1,0.0,Livrée,Paiement en 3x
CMD01989,2025-05-13 16:16,C0339,P022,3,0.1,Livrée,Paiement en 3x
CMD01990,2025-05-13 16:54,C0925,P027,3,0.2,Livrée,Carte bancaire
CMD01991,2025-05-13 17:43,C1116,P027,2,0.0,Livrée,Carte bancaire
CMD01992,2025-05-13 18:42,C0692,P033,2,0.2,Livrée,Carte bancaire
CMD01993,2025-05-13 19:01,C0072,P014,2,0.0,Livrée,Carte bancaire
CMD01994,2025-05-13 19:28,C0938,P017,1,0.0,Livrée,Carte bancaire
CMD01995,2025-05-13 19:54,C0993,P039,1,0.0,Livrée,Carte bancaire
CMD01996,2025-05-13 20:22,C0190,P017,1,0.0,Livrée,Carte bancaire
CMD01997,2025-05-13 20:40,C0457,P026,1,0.0,Annulée,PayPal
CMD01998,2025-05-13 21:08,C0046,P026,2,0.0,Livrée,Carte bancaire
CMD01999,2025-05-13 21:15,C0898,P010,2,0.2,Livrée,Carte bancaire
CMD02000,2025-05-13 21:54,C0126,P012,2,0.1,Livrée,PayPal
CMD02001,2025-05-13 22:40,C0298,P034,2,0.0,Livrée,PayPal
CMD02002,2025-05-13 22:59,C0069,P039,6,0.0,Retournée,PayPal
CMD02003,2025-05-14 12:16,C1192,P031,1,0.0,Livrée,PayPal
CMD02004,2025-05-14 13:08,C0767,P029,1,0.0,Livrée,PayPal
CMD02005,2025-05-14 13:28,C0311,P008,1,0.0,Livrée,Paiement en 3x
CMD02006,2025-05-14 13:43,C0021,P030,5,0.0,Livrée,PayPal
CMD02007,2025-05-14 16:14,C0057,P007,1,0.1,Livrée,Carte bancaire
CMD02008,2025-05-14 16:19,C1003,P015,1,0.0,Retournée,Carte bancaire
CMD02009,2025-05-14 17:12,C0423,P031,1,0.0,Livrée,Carte bancaire
CMD02010,2025-05-14 19:55,C0956,P001,1,0.0,Livrée,Paiement en 3x
CMD02011,2025-05-14 20:35,C0552,P009,2,0.0,Livrée,Paiement en 3x
CMD02012,2025-05-14 20:57,C0480,P029,1,0.1,Livrée,Carte bancaire
CMD02013,2025-05-14 21:37,C0646,P008,1,0.0,Livrée,Carte bancaire
CMD02014,2025-05-14 21:43,C0044,P009,1,0.0,Livrée,Paiement en 3x
CMD02015,2025-05-14 23:52,C0503,P026,5,0.0,Livrée,Carte bancaire
CMD02016,2025-05-15 01:18,C0894,P040,2,0.0,Livrée,Carte bancaire
CMD02017,2025-05-15 08:05,C1026,P023,4,0.0,Livrée,Carte bancaire
CMD02018,2025-05-15 08:33,C0588,P010,1,0.1,Livrée,Virement
CMD02019,2025-05-15 09:14,C0416,P005,5,0.0,Livrée,Carte bancaire
CMD02020,2025-05-15 09:36,C0073,P011,1,0.0,Livrée,Carte bancaire
CMD02021,2025-05-15 09:58,C0824,P040,2,0.0,Livrée,Carte bancaire
CMD02022,2025-05-15 10:42,C0849,P015,1,0.0,Retournée,PayPal
CMD02023,2025-05-15 10:57,C0277,P027,1,0.0,Livrée,Carte bancaire
CMD02024,2025-05-15 11:28,C0184,P008,1,0.0,Livrée,Paiement en 3x
CMD02025,2025-05-15 12:32,C0497,P030,1,0.0,Livrée,PayPal
CMD02026,2025-05-15 12:47,C0894,P035,1,0.1,Livrée,Carte bancaire
CMD02027,2025-05-15 13:02,C0511,P021,3,0.2,Livrée,Carte bancaire
CMD02028,2025-05-15 19:47,C0043,P023,2,0.0,Livrée,Carte bancaire
CMD02029,2025-05-15 20:28,C0145,P015,2,0.0,Livrée,Carte bancaire
CMD02030,2025-05-15 20:56,C0418,P022,1,0.0,Livrée,Carte bancaire
CMD02031,2025-05-16 09:39,C0287,P030,3,0.0,Livrée,Carte bancaire
CMD02032,2025-05-16 09:40,C0254,P012,1,0.0,Livrée,Carte bancaire
CMD02033,2025-05-16 12:30,C0992,P027,1,0.2,Livrée,Carte bancaire
CMD02034,2025-05-16 13:33,C0636,P025,2,0.0,Retournée,Carte bancaire
CMD02035,2025-05-16 15:01,C0774,P026,1,0.0,Livrée,Carte bancaire
CMD02036,2025-05-16 16:54,C0895,P003,1,0.1,Livrée,Carte bancaire
CMD02037,2025-05-16 19:16,C0600,P027,1,0.0,Livrée,Carte bancaire
CMD02038,2025-05-16 19:20,C0200,P009,2,0.0,Livrée,Virement
CMD02039,2025-05-16 19:36,C1002,P012,1,0.0,Livrée,Carte bancaire
CMD02040,2025-05-16 19:36,C0679,P040,1,0.0,Livrée,PayPal
CMD02041,2025-05-16 19:46,C1054,P019,1,0.0,Livrée,Paiement en 3x
CMD02042,2025-05-16 20:14,C1133,P010,3,0.2,Livrée,PayPal
CMD02043,2025-05-16 20:21,C0786,P021,1,0.0,Livrée,Carte bancaire
CMD02044,2025-05-16 20:46,C0044,P018,2,0.0,Livrée,Carte bancaire
CMD02045,2025-05-16 21:33,C0214,P010,2,0.2,Livrée,PayPal
CMD02046,2025-05-16 21:58,C0750,P009,1,0.0,Livrée,Carte bancaire
CMD02047,2025-05-16 22:46,C0630,P018,2,0.0,Livrée,Carte bancaire
CMD02048,2025-05-17 08:21,C0381,P005,1,0.0,Livrée,Carte bancaire
CMD02049,2025-05-17 08:32,C0710,P028,1,0.1,Livrée,Carte bancaire
CMD02050,2025-05-17 12:31,C0886,P020,2,0.0,Livrée,PayPal
CMD02051,2025-05-17 12:37,C0962,P018,1,0.1,Livrée,Carte bancaire
CMD02052,2025-05-17 17:00,C0433,P035,1,0.1,Livrée,Carte bancaire
CMD02053,2025-05-17 17:50,C0433,P005,1,0.0,Livrée,PayPal
CMD02054,2025-05-17 18:49,C0510,P022,4,0.0,Livrée,PayPal
CMD02055,2025-05-17 19:30,C0786,P008,1,0.0,Livrée,Carte bancaire
CMD02056,2025-05-17 20:04,C0010,P015,1,0.2,Retournée,Paiement en 3x
CMD02057,2025-05-17 20:20,C1191,P016,1,0.0,Livrée,Carte bancaire
CMD02058,2025-05-17 22:16,C0553,P006,1,0.0,Livrée,Carte bancaire
CMD02059,2025-05-18 07:06,C0940,P008,1,0.1,Livrée,Carte bancaire
CMD02060,2025-05-18 07:10,C1014,P033,2,0.1,Livrée,Carte bancaire
CMD02061,2025-05-18 08:34,C0703,P021,1,0.0,Livrée,Carte bancaire
CMD02062,2025-05-18 11:07,C0254,P021,1,0.0,Livrée,Paiement en 3x
CMD02063,2025-05-18 11:08,C0796,P005,1,0.0,Livrée,PayPal
CMD02064,2025-05-18 11:42,C0430,P011,1,0.0,Livrée,PayPal
CMD02065,2025-05-18 12:39,C0788,P038,3,0.0,Livrée,Carte bancaire
CMD02066,2025-05-18 12:58,C1081,P016,2,0.0,Livrée,Carte bancaire
CMD02067,2025-05-18 13:10,C0772,P037,2,0.1,Livrée,Carte bancaire
CMD02068,2025-05-18 13:43,C0839,P004,1,0.1,Livrée,PayPal
CMD02069,2025-05-18 14:11,C0143,P003,2,0.0,Livrée,Carte bancaire
CMD02070,2025-05-18 14:26,C0516,P003,1,0.0,Livrée,Carte bancaire
CMD02071,2025-05-18 15:31,C0422,P010,1,0.0,Livrée,Carte bancaire
CMD02072,2025-05-18 17:45,C1127,P013,1,0.1,Retournée,Carte bancaire
CMD02073,2025-05-18 18:08,C1166,P040,2,0.0,Livrée,Paiement en 3x
CMD02074,2025-05-18 18:13,C1081,P028,1,0.0,Livrée,Carte bancaire
CMD02075,2025-05-18 19:07,C0979,P011,1,0.1,Livrée,Carte bancaire
CMD02076,2025-05-18 19:08,C0084,P010,2,0.0,Livrée,PayPal
CMD02077,2025-05-18 19:55,C0113,P034,1,0.1,Livrée,Carte bancaire
CMD02078,2025-05-18 21:14,C0728,P006,1,0.0,Livrée,Carte bancaire
CMD02079,2025-05-18 21:27,C0046,P033,1,0.0,Livrée,Carte bancaire
CMD02080,2025-05-19 07:28,C0962,P020,5,0.0,Livrée,Carte bancaire
CMD02081,2025-05-19 09:50,C0307,P019,1,0.0,Livrée,Carte bancaire
CMD02082,2025-05-19 10:47,C0330,P040,1,0.0,Livrée,Carte bancaire
CMD02083,2025-05-19 12:29,C0930,P006,2,0.0,Livrée,PayPal
CMD02084,2025-05-19 12:40,C0066,P003,1,0.1,Livrée,Paiement en 3x
CMD02085,2025-05-19 13:41,C0478,P009,2,0.0,Livrée,PayPal
CMD02086,2025-05-19 13:53,C0883,P025,1,0.0,Annulée,Paiement en 3x
CMD02087,2025-05-19 14:23,C0884,P026,2,0.0,Annulée,Virement
CMD02088,2025-05-19 15:28,C0895,P008,1,0.1,Livrée,Carte bancaire
CMD02089,2025-05-19 19:33,C0099,P012,1,0.0,Livrée,Carte bancaire
CMD02090,2025-05-19 19:44,C0241,P013,2,0.1,Livrée,Carte bancaire
CMD02091,2025-05-19 20:43,C1075,P036,1,0.0,Livrée,PayPal
CMD02092,2025-05-19 21:08,C1101,P005,2,0.0,Livrée,Carte bancaire
CMD02093,2025-05-19 22:49,C1081,P020,2,0.0,Livrée,Virement
CMD02094,2025-05-19 22:49,C1162,P035,1,0.0,Livrée,Paiement en 3x
CMD02095,2025-05-20 00:16,C0817,P030,4,0.0,Livrée,Virement
CMD02096,2025-05-20 06:39,C0189,P024,1,0.0,Livrée,Paiement en 3x
CMD02097,2025-05-20 08:45,C0044,P031,1,0.1,Livrée,PayPal
CMD02098,2025-05-20 10:01,C0858,P029,2,0.1,Livrée,Carte bancaire
CMD02099,2025-05-20 11:38,C1011,P025,2,0.0,Livrée,Carte bancaire
CMD02100,2025-05-20 13:10,C0523,P018,1,0.1,Livrée,PayPal
CMD02101,2025-05-20 13:36,C0808,P024,2,0.0,Livrée,Carte bancaire
CMD02102,2025-05-20 13:43,C0929,P033,1,0.0,Livrée,Carte bancaire
CMD02103,2025-05-20 15:36,C0046,P001,1,0.0,Livrée,PayPal
CMD02104,2025-05-20 15:45,C0213,P039,2,0.1,Livrée,Carte bancaire
CMD02105,2025-05-20 16:27,C0126,P023,2,0.0,Livrée,Carte bancaire
CMD02106,2025-05-20 18:07,C0497,P015,1,0.1,Livrée,Carte bancaire
CMD02107,2025-05-20 18:17,C0271,P018,1,0.0,Livrée,Carte bancaire
CMD02108,2025-05-20 19:08,C0073,P010,1,0.1,Annulée,Carte bancaire
CMD02109,2025-05-20 19:49,C0953,P032,1,0.1,Livrée,Carte bancaire
CMD02110,2025-05-20 21:03,C0135,P028,2,0.0,Livrée,PayPal
CMD02111,2025-05-20 21:14,C0069,P035,1,0.0,Livrée,Carte bancaire
CMD02112,2025-05-20 22:24,C0322,P035,2,0.2,Livrée,PayPal
CMD02113,2025-05-20 22:58,C0970,P011,1,0.0,Livrée,Paiement en 3x
CMD02114,2025-05-21 03:03,C0548,P024,2,0.0,Livrée,Virement
CMD02115,2025-05-21 08:19,C1014,P002,3,0.1,Livrée,Virement
CMD02116,2025-05-21 12:26,C0533,P015,1,0.0,Livrée,Carte bancaire
CMD02117,2025-05-21 12:55,C0484,P012,1,0.0,Livrée,PayPal
CMD02118,2025-05-21 13:14,C0969,P038,5,0.0,Livrée,Carte bancaire
CMD02119,2025-05-21 13:56,C0026,P016,1,0.1,Livrée,Carte bancaire
CMD02120,2025-05-21 21:58,C1118,P037,1,0.0,Livrée,PayPal
CMD02121,2025-05-21 22:03,C0992,P021,2,0.2,Livrée,PayPal
CMD02122,2025-05-21 22:13,C1012,P021,1,0.1,Retournée,PayPal
CMD02123,2025-05-21 22:17,C0308,P015,1,0.1,Livrée,Carte bancaire
CMD02124,2025-05-22 04:33,C0096,P020,2,0.0,Livrée,Carte bancaire
CMD02125,2025-05-22 07:00,C0418,P016,2,0.0,Livrée,Paiement en 3x
CMD02126,2025-05-22 09:57,C0497,P009,1,0.0,Livrée,Carte bancaire
CMD02127,2025-05-22 10:54,C0050,P022,1,0.0,Livrée,PayPal
CMD02128,2025-05-22 12:04,C1081,P009,2,0.0,Livrée,Carte bancaire
CMD02129,2025-05-22 12:08,C0280,P009,1,0.2,Livrée,Carte bancaire
CMD02130,2025-05-22 12:16,C0995,P007,1,0.0,Livrée,Paiement en 3x
CMD02131,2025-05-22 12:57,C1123,P017,2,0.0,Livrée,PayPal
CMD02132,2025-05-22 12:58,C0893,P037,1,0.0,Livrée,Virement
CMD02133,2025-05-22 14:53,C0750,P027,1,0.0,Livrée,Carte bancaire
CMD02134,2025-05-22 16:49,C0424,P007,2,0.0,Livrée,Paiement en 3x
CMD02135,2025-05-22 16:59,C0180,P027,1,0.1,Livrée,Carte bancaire
CMD02136,2025-05-22 17:21,C0400,P024,4,0.0,Livrée,Carte bancaire
CMD02137,2025-05-22 18:51,C0683,P036,2,0.0,Livrée,PayPal
CMD02138,2025-05-22 19:26,C1058,P011,1,0.0,Livrée,Carte bancaire
CMD02139,2025-05-22 20:50,C1161,P023,2,0.0,Livrée,Paiement en 3x
CMD02140,2025-05-22 22:04,C0731,P024,1,0.0,Livrée,Carte bancaire
CMD02141,2025-05-22 22:57,C0129,P013,2,0.0,Livrée,Carte bancaire
CMD02142,2025-05-23 07:15,C0445,P009,2,0.0,Annulée,Paiement en 3x
CMD02143,2025-05-23 08:05,C1084,P004,1,0.1,Livrée,PayPal
CMD02144,2025-05-23 08:16,C0899,P039,1,0.0,Livrée,Carte bancaire
CMD02145,2025-05-23 14:12,C0238,P024,1,0.2,Livrée,Carte bancaire
CMD02146,2025-05-23 16:28,C0782,P020,1,0.0,Livrée,Carte bancaire
CMD02147,2025-05-23 17:48,C0538,P020,3,0.0,Livrée,Carte bancaire
CMD02148,2025-05-23 19:31,C0879,P002,1,0.0,Livrée,PayPal
CMD02149,2025-05-23 19:58,C0524,P038,1,0.0,Livrée,Carte bancaire
CMD02150,2025-05-23 20:02,C0712,P021,1,0.0,Livrée,PayPal
CMD02151,2025-05-23 20:34,C0428,P033,1,0.1,Livrée,Carte bancaire
CMD02152,2025-05-23 21:02,C0370,P019,1,0.2,Livrée,Paiement en 3x
CMD02153,2025-05-24 05:13,C0445,P006,1,0.1,Livrée,Paiement en 3x
CMD02154,2025-05-24 08:57,C0278,P021,2,0.1,Livrée,Carte bancaire
CMD02155,2025-05-24 09:39,C0633,P011,1,0.2,Livrée,PayPal
CMD02156,2025-05-24 09:46,C0776,P030,1,0.0,Livrée,Carte bancaire
CMD02157,2025-05-24 10:18,C0879,P016,1,0.1,Livrée,Carte bancaire
CMD02158,2025-05-24 11:57,C1112,P022,1,0.1,Livrée,PayPal
CMD02159,2025-05-24 12:36,C0325,P017,2,0.1,Livrée,Carte bancaire
CMD02160,2025-05-24 13:57,C0868,P016,3,0.0,Livrée,PayPal
CMD02161,2025-05-24 16:56,C0758,P023,1,0.0,Livrée,PayPal
CMD02162,2025-05-24 17:10,C0703,P018,2,0.0,Livrée,Carte bancaire
CMD02163,2025-05-24 19:09,C0568,P024,4,0.0,Livrée,Carte bancaire
CMD02164,2025-05-24 19:37,C0687,P036,2,0.1,Livrée,Carte bancaire
CMD02165,2025-05-24 19:48,C0786,P008,2,0.0,Livrée,Paiement en 3x
CMD02166,2025-05-24 19:52,C0566,P023,1,0.0,Livrée,Carte bancaire
CMD02167,2025-05-24 21:36,C0836,P012,3,0.0,Livrée,Carte bancaire
CMD02168,2025-05-24 21:55,C0113,P004,4,0.1,Livrée,Carte bancaire
CMD02169,2025-05-24 22:08,C0050,P006,3,0.0,Livrée,Carte bancaire
CMD02170,2025-05-24 22:15,C0330,P034,2,0.0,Livrée,PayPal
CMD02171,2025-05-24 22:52,C0993,P017,1,0.0,Retournée,PayPal
CMD02172,2025-05-25 13:02,C0418,P018,1,0.2,Livrée,Virement
CMD02173,2025-05-25 13:34,C0692,P024,1,0.2,Livrée,Carte bancaire
CMD02174,2025-05-25 13:49,C1161,P017,1,0.1,Livrée,Carte bancaire
CMD02175,2025-05-25 14:17,C0859,P006,4,0.0,Retournée,PayPal
CMD02176,2025-05-25 15:07,C0160,P026,1,0.0,Livrée,Carte bancaire
CMD02177,2025-05-25 16:19,C0325,P005,1,0.0,Livrée,Carte bancaire
CMD02178,2025-05-25 17:13,C0752,P017,1,0.0,Livrée,Virement
CMD02179,2025-05-25 18:09,C0919,P033,1,0.0,Livrée,Paiement en 3x
CMD02180,2025-05-25 18:23,C1112,P002,1,0.0,Livrée,Paiement en 3x
CMD02181,2025-05-25 18:30,C0275,P024,1,0.0,Livrée,Carte bancaire
CMD02182,2025-05-25 19:08,C0585,P026,1,0.0,Livrée,Carte bancaire
CMD02183,2025-05-25 19:49,C0479,P013,3,0.0,Livrée,PayPal
CMD02184,2025-05-25 20:06,C0275,P025,1,0.1,Livrée,Carte bancaire
CMD02185,2025-05-25 20:34,C0156,P020,1,0.0,Livrée,Carte bancaire
CMD02186,2025-05-25 20:40,C1133,P009,1,0.0,Livrée,Carte bancaire
CMD02187,2025-05-25 20:45,C0969,P008,4,0.0,Livrée,Paiement en 3x
CMD02188,2025-05-25 20:47,C0950,P029,2,0.2,Livrée,PayPal
CMD02189,2025-05-25 21:33,C0623,P037,3,0.0,Livrée,Paiement en 3x
CMD02190,2025-05-25 22:55,C0418,P017,1,0.0,Livrée,Carte bancaire
CMD02191,2025-05-25 23:56,C0844,P031,1,0.0,Livrée,Carte bancaire
CMD02192,2025-05-26 02:43,C0767,P037,2,0.0,Livrée,PayPal
CMD02193,2025-05-26 09:32,C1128,P014,3,0.0,Livrée,Carte bancaire
CMD02194,2025-05-26 12:12,C0962,P018,1,0.0,Livrée,Carte bancaire
CMD02195,2025-05-26 12:58,C0016,P034,3,0.1,Livrée,Carte bancaire
CMD02196,2025-05-26 13:26,C0858,P006,3,0.1,Livrée,Carte bancaire
CMD02197,2025-05-26 14:40,C0633,P017,2,0.1,Livrée,Carte bancaire
CMD02198,2025-05-26 16:08,C0187,P011,1,0.0,Livrée,Carte bancaire
CMD02199,2025-05-26 17:38,C0069,P038,2,0.2,Livrée,Carte bancaire
CMD02200,2025-05-26 18:45,C0038,P011,1,0.1,Livrée,Carte bancaire
CMD02201,2025-05-26 19:13,C0820,P001,4,0.0,Livrée,Paiement en 3x
CMD02202,2025-05-26 20:38,C0148,P004,1,0.0,Livrée,Carte bancaire
CMD02203,2025-05-26 22:13,C0106,P010,1,0.0,Livrée,Carte bancaire
CMD02204,2025-05-26 22:28,C1077,P016,1,0.1,Livrée,Carte bancaire
CMD02205,2025-05-26 23:30,C0140,P027,1,0.1,Livrée,PayPal
CMD02206,2025-05-27 07:45,C0849,P022,1,0.0,Livrée,Carte bancaire
CMD02207,2025-05-27 15:49,C0692,P017,2,0.0,Livrée,Carte bancaire
CMD02208,2025-05-27 16:10,C0861,P025,4,0.1,Livrée,PayPal
CMD02209,2025-05-27 16:42,C0806,P011,2,0.0,Retournée,PayPal
CMD02210,2025-05-27 18:23,C0220,P030,1,0.0,Livrée,PayPal
CMD02211,2025-05-27 18:41,C1077,P020,1,0.0,Livrée,PayPal
CMD02212,2025-05-27 18:50,C0072,P039,1,0.0,Livrée,Carte bancaire
CMD02213,2025-05-27 20:02,C0257,P020,2,0.0,Livrée,Carte bancaire
CMD02214,2025-05-27 20:26,C0406,P005,1,0.0,Livrée,PayPal
CMD02215,2025-05-27 20:46,C0330,P040,3,0.2,Livrée,Virement
CMD02216,2025-05-27 21:09,C1118,P036,1,0.0,Livrée,PayPal
CMD02217,2025-05-27 21:36,C0875,P018,1,0.0,Livrée,Carte bancaire
CMD02218,2025-05-27 21:47,C0584,P015,1,0.1,Livrée,PayPal
CMD02219,2025-05-27 22:30,C0585,P024,5,0.0,Livrée,Paiement en 3x
CMD02220,2025-05-27 23:36,C0202,P030,1,0.0,Livrée,Virement
CMD02221,2025-05-28 07:55,C0859,P008,1,0.0,Livrée,Carte bancaire
CMD02222,2025-05-28 09:21,C0469,P010,1,0.0,Livrée,Carte bancaire
CMD02223,2025-05-28 09:43,C0530,P018,1,0.0,Livrée,Carte bancaire
CMD02224,2025-05-28 17:09,C1011,P016,3,0.0,Livrée,Carte bancaire
CMD02225,2025-05-28 17:16,C0577,P015,1,0.1,Livrée,Carte bancaire
CMD02226,2025-05-28 17:39,C0190,P026,1,0.0,Livrée,PayPal
CMD02227,2025-05-28 17:46,C0834,P037,1,0.1,Livrée,PayPal
CMD02228,2025-05-28 19:32,C0459,P021,5,0.0,Livrée,Carte bancaire
CMD02229,2025-05-28 19:50,C0118,P028,1,0.0,Livrée,Carte bancaire
CMD02230,2025-05-28 20:00,C0700,P029,4,0.0,Livrée,Carte bancaire
CMD02231,2025-05-28 21:35,C0408,P011,1,0.1,Livrée,Carte bancaire
CMD02232,2025-05-28 22:37,C1032,P024,1,0.0,Livrée,Virement
CMD02233,2025-05-29 02:09,C0895,P037,3,0.2,Livrée,Carte bancaire
CMD02234,2025-05-29 07:42,C0823,P002,4,0.0,Livrée,Carte bancaire
CMD02235,2025-05-29 08:25,C0202,P005,1,0.0,Livrée,Carte bancaire
CMD02236,2025-05-29 11:04,C1130,P032,2,0.0,Livrée,Carte bancaire
CMD02237,2025-05-29 12:21,C0054,P024,1,0.0,Livrée,Carte bancaire
CMD02238,2025-05-29 12:31,C0600,P034,1,0.0,Livrée,Paiement en 3x
CMD02239,2025-05-29 12:44,C0859,P021,2,0.0,Retournée,PayPal
CMD02240,2025-05-29 15:06,C0705,P010,1,0.0,Annulée,Paiement en 3x
CMD02241,2025-05-29 15:49,C0059,P024,3,0.0,Livrée,Carte bancaire
CMD02242,2025-05-29 16:44,C0124,P020,1,0.0,Livrée,Paiement en 3x
CMD02243,2025-05-29 17:56,C0419,P023,1,0.0,Livrée,Carte bancaire
CMD02244,2025-05-29 17:59,C0046,P016,1,0.0,Livrée,Paiement en 3x
CMD02245,2025-05-29 18:23,C0636,P011,1,0.0,Livrée,Carte bancaire
CMD02246,2025-05-29 18:38,C0459,P004,1,0.0,Livrée,Carte bancaire
CMD02247,2025-05-29 19:25,C0811,P024,2,0.1,Livrée,Carte bancaire
CMD02248,2025-05-29 20:54,C0737,P027,1,0.0,Annulée,Virement
CMD02249,2025-05-29 21:00,C0204,P022,2,0.1,Livrée,Carte bancaire
CMD02250,2025-05-29 21:36,C0235,P027,1,0.0,Livrée,Carte bancaire
CMD02251,2025-05-29 22:12,C0768,P016,1,0.0,Livrée,PayPal
CMD02252,2025-05-29 23:36,C0293,P030,1,0.0,Livrée,Carte bancaire
CMD02253,2025-05-30 00:12,C0408,P015,1,0.0,Livrée,Carte bancaire
CMD02254,2025-05-30 07:04,C0046,P009,3,0.0,Livrée,Carte bancaire
CMD02255,2025-05-30 08:03,C0854,P038,2,0.0,Livrée,Carte bancaire
CMD02256,2025-05-30 08:45,C0197,P040,2,0.0,Livrée,PayPal
CMD02257,2025-05-30 09:34,C1095,P037,2,0.0,Livrée,PayPal
CMD02258,2025-05-30 10:25,C0816,P013,1,0.0,Livrée,Carte bancaire
CMD02259,2025-05-30 12:45,C0253,P013,1,0.0,Livrée,PayPal
CMD02260,2025-05-30 14:40,C0030,P029,1,0.2,Livrée,Carte bancaire
CMD02261,2025-05-30 18:24,C0110,P027,2,0.0,Livrée,Carte bancaire
CMD02262,2025-05-30 20:10,C1113,P014,1,0.0,Livrée,Carte bancaire
CMD02263,2025-05-30 21:59,C0533,P017,1,0.0,Livrée,Paiement en 3x
CMD02264,2025-05-30 22:29,C0408,P038,3,0.0,Livrée,Carte bancaire
CMD02265,2025-05-31 07:15,C0886,P017,1,0.2,Livrée,Carte bancaire
CMD02266,2025-05-31 08:55,C0886,P021,3,0.2,Livrée,Carte bancaire
CMD02267,2025-05-31 12:04,C0752,P023,1,0.1,Livrée,Carte bancaire
CMD02268,2025-05-31 12:06,C1196,P019,1,0.1,Retournée,PayPal
CMD02269,2025-05-31 12:17,C0285,P029,2,0.0,Livrée,Carte bancaire
CMD02270,2025-05-31 13:43,C0122,P011,1,0.1,Livrée,Paiement en 3x
CMD02271,2025-05-31 14:19,C0621,P030,1,0.1,Livrée,Carte bancaire
CMD02272,2025-05-31 14:42,C0191,P031,1,0.0,Retournée,Carte bancaire
CMD02273,2025-05-31 15:14,C0265,P010,1,0.1,Livrée,Carte bancaire
CMD02274,2025-05-31 16:05,C0083,P011,1,0.0,Livrée,Carte bancaire
CMD02275,2025-05-31 16:29,C0703,P026,1,0.0,Retournée,PayPal
CMD02276,2025-05-31 17:04,C0503,P027,1,0.1,Livrée,Carte bancaire
CMD02277,2025-05-31 17:15,C0046,P037,2,0.2,Livrée,PayPal
CMD02278,2025-05-31 19:17,C0144,P023,1,0.0,Livrée,Carte bancaire
CMD02279,2025-05-31 19:19,C0102,P003,2,0.0,Livrée,Carte bancaire
CMD02280,2025-05-31 19:28,C0912,P013,1,0.0,Livrée,Carte bancaire
CMD02281,2025-05-31 19:45,C0315,P038,1,0.0,Livrée,Carte bancaire
CMD02282,2025-05-31 20:14,C0107,P028,1,0.0,Livrée,Carte bancaire
CMD02283,2025-05-31 20:14,C0168,P016,2,0.0,Livrée,Carte bancaire
CMD02284,2025-05-31 20:21,C1200,P020,3,0.0,Livrée,Carte bancaire
CMD02285,2025-05-31 20:48,C0632,P021,1,0.0,Livrée,Carte bancaire
CMD02286,2025-05-31 20:49,C0137,P039,2,0.0,Livrée,Paiement en 3x
CMD02287,2025-05-31 20:58,C0275,P013,2,0.1,Livrée,PayPal
CMD02288,2025-05-31 21:32,C0094,P024,5,0.0,Livrée,PayPal
CMD02289,2025-05-31 22:38,C1196,P013,1,0.1,Livrée,Carte bancaire
CMD02290,2025-06-01 07:57,C0859,P034,4,0.0,Livrée,Paiement en 3x
CMD02291,2025-06-01 08:24,C0300,P022,1,0.1,Livrée,Carte bancaire
CMD02292,2025-06-01 12:03,C1102,P013,1,0.2,Livrée,Virement
CMD02293,2025-06-01 12:31,C0418,P002,1,0.0,Livrée,Paiement en 3x
CMD02294,2025-06-01 12:53,C0278,P018,1,0.2,Livrée,Carte bancaire
CMD02295,2025-06-01 14:04,C0483,P034,3,0.0,Livrée,PayPal
CMD02296,2025-06-01 14:20,C0932,P022,1,0.0,Livrée,Carte bancaire
CMD02297,2025-06-01 15:33,C0366,P018,1,0.2,Livrée,PayPal
CMD02298,2025-06-01 16:00,C0142,P018,1,0.0,Livrée,Virement
CMD02299,2025-06-01 16:34,C0929,P025,5,0.0,Livrée,Paiement en 3x
CMD02300,2025-06-01 20:01,C0136,P020,1,0.0,Livrée,Carte bancaire
CMD02301,2025-06-01 20:20,C1013,P015,1,0.1,Livrée,PayPal
CMD02302,2025-06-01 20:46,C0830,P039,1,0.0,Livrée,PayPal
CMD02303,2025-06-01 22:30,C0039,P010,5,0.1,Livrée,Carte bancaire
CMD02304,2025-06-02 06:55,C0516,P014,1,0.0,Livrée,PayPal
CMD02305,2025-06-02 09:20,C0167,P021,2,0.0,Livrée,Paiement en 3x
CMD02306,2025-06-02 10:10,C0117,P004,3,0.1,Livrée,Carte bancaire
CMD02307,2025-06-02 11:46,C1107,P023,5,0.0,Livrée,Carte bancaire
CMD02308,2025-06-02 12:42,C0467,P027,1,0.0,Livrée,Paiement en 3x
CMD02309,2025-06-02 13:24,C0879,P024,1,0.0,Livrée,Carte bancaire
CMD02310,2025-06-02 18:14,C0503,P034,1,0.1,Livrée,Carte bancaire
CMD02311,2025-06-02 18:14,C0098,P040,1,0.0,Livrée,Carte bancaire
CMD02312,2025-06-02 18:39,C1133,P010,1,0.0,Livrée,PayPal
CMD02313,2025-06-02 18:54,C1026,P002,3,0.0,Livrée,Carte bancaire
CMD02314,2025-06-02 21:02,C0700,P014,1,0.1,Livrée,Paiement en 3x
CMD02315,2025-06-03 07:34,C1083,P020,1,0.0,Livrée,Carte bancaire
CMD02316,2025-06-03 09:21,C0783,P038,6,0.0,Livrée,Carte bancaire
CMD02317,2025-06-03 10:14,C1008,P011,1,0.0,Livrée,Carte bancaire
CMD02318,2025-06-03 10:17,C0271,P006,1,0.0,Livrée,Paiement en 3x
CMD02319,2025-06-03 11:08,C0921,P004,5,0.0,Livrée,Carte bancaire
CMD02320,2025-06-03 12:00,C0535,P001,1,0.2,Livrée,Carte bancaire
CMD02321,2025-06-03 12:40,C0454,P004,3,0.2,Livrée,Carte bancaire
CMD02322,2025-06-03 13:03,C0203,P021,1,0.0,Livrée,Carte bancaire
CMD02323,2025-06-03 18:11,C0402,P009,1,0.0,Livrée,Carte bancaire
CMD02324,2025-06-03 19:25,C0712,P024,1,0.0,Livrée,Carte bancaire
CMD02325,2025-06-03 19:45,C0330,P029,5,0.2,Livrée,Carte bancaire
CMD02326,2025-06-03 19:47,C0995,P037,1,0.0,Livrée,Carte bancaire
CMD02327,2025-06-03 20:00,C0448,P039,1,0.1,Livrée,Carte bancaire
CMD02328,2025-06-03 20:47,C0639,P024,4,0.1,Livrée,PayPal
CMD02329,2025-06-03 20:58,C0737,P028,1,0.0,Livrée,Virement
CMD02330,2025-06-03 23:33,C0119,P001,1,0.1,Livrée,PayPal
CMD02331,2025-06-04 08:50,C1134,P001,1,0.0,Livrée,Carte bancaire
CMD02332,2025-06-04 09:11,C0069,P022,1,0.0,Livrée,Carte bancaire
CMD02333,2025-06-04 09:46,C0539,P030,1,0.2,Livrée,Carte bancaire
CMD02334,2025-06-04 10:46,C1164,P001,1,0.0,Livrée,PayPal
CMD02335,2025-06-04 11:36,C0188,P015,5,0.1,Livrée,Paiement en 3x
CMD02336,2025-06-04 12:58,C0226,P039,1,0.0,Livrée,Carte bancaire
CMD02337,2025-06-04 16:10,C0305,P023,1,0.0,Livrée,PayPal
CMD02338,2025-06-04 16:28,C0416,P028,1,0.0,Retournée,Carte bancaire
CMD02339,2025-06-04 16:53,C0275,P032,2,0.0,Livrée,Carte bancaire
CMD02340,2025-06-04 17:26,C1165,P020,1,0.0,Livrée,Carte bancaire
CMD02341,2025-06-04 17:40,C1041,P007,1,0.0,Livrée,Carte bancaire
CMD02342,2025-06-04 18:32,C0854,P024,1,0.0,Livrée,Carte bancaire
CMD02343,2025-06-04 19:07,C0560,P010,3,0.0,Livrée,Carte bancaire
CMD02344,2025-06-04 19:28,C1037,P001,3,0.0,Annulée,Carte bancaire
CMD02345,2025-06-04 19:38,C1022,P016,2,0.0,Livrée,Carte bancaire
CMD02346,2025-06-04 20:25,C0750,P016,1,0.0,Livrée,Carte bancaire
CMD02347,2025-06-04 21:05,C1026,P017,2,0.0,Livrée,Virement
CMD02348,2025-06-04 21:46,C0898,P007,2,0.0,Livrée,Virement
CMD02349,2025-06-04 21:51,C1183,P014,2,0.0,Livrée,Carte bancaire
CMD02350,2025-06-05 10:01,C1163,P011,1,0.0,Livrée,Carte bancaire
CMD02351,2025-06-05 10:15,C0142,P013,1,0.0,Livrée,Carte bancaire
CMD02352,2025-06-05 11:26,C0554,P009,1,0.1,Livrée,Virement
CMD02353,2025-06-05 12:18,C0405,P033,1,0.0,Livrée,Carte bancaire
CMD02354,2025-06-05 12:29,C1098,P022,2,0.0,Livrée,Carte bancaire
CMD02355,2025-06-05 12:43,C0898,P035,2,0.0,Annulée,Carte bancaire
CMD02356,2025-06-05 12:57,C0736,P028,1,0.0,Annulée,Carte bancaire
CMD02357,2025-06-05 12:58,C0979,P003,3,0.2,Retournée,Paiement en 3x
CMD02358,2025-06-05 13:22,C0021,P027,1,0.0,Retournée,Carte bancaire
CMD02359,2025-06-05 13:43,C0954,P026,1,0.0,Retournée,Carte bancaire
CMD02360,2025-06-05 14:33,C0203,P002,1,0.2,Livrée,Carte bancaire
CMD02361,2025-06-05 17:12,C0918,P001,1,0.1,Livrée,Paiement en 3x
CMD02362,2025-06-05 17:40,C0418,P017,1,0.0,Livrée,Paiement en 3x
CMD02363,2025-06-05 18:17,C0581,P004,3,0.0,Livrée,PayPal
CMD02364,2025-06-05 18:53,C0319,P038,1,0.0,Retournée,Carte bancaire
CMD02365,2025-06-05 19:12,C0785,P017,1,0.0,Livrée,Carte bancaire
CMD02366,2025-06-05 19:34,C0044,P017,2,0.0,Livrée,Paiement en 3x
CMD02367,2025-06-05 19:39,C0801,P015,2,0.0,Livrée,Carte bancaire
CMD02368,2025-06-05 19:52,C0978,P019,3,0.0,Livrée,Carte bancaire
CMD02369,2025-06-05 20:09,C0497,P030,2,0.2,Livrée,Carte bancaire
CMD02370,2025-06-05 20:50,C0335,P025,2,0.0,Livrée,Carte bancaire
CMD02371,2025-06-05 21:04,C0816,P015,2,0.0,Retournée,Carte bancaire
CMD02372,2025-06-05 22:44,C0813,P007,1,0.1,Livrée,Carte bancaire
CMD02373,2025-06-06 08:41,C0633,P034,2,0.1,Livrée,Carte bancaire
CMD02374,2025-06-06 11:13,C0189,P031,1,0.0,Livrée,Virement
CMD02375,2025-06-06 11:40,C0854,P015,1,0.0,Livrée,Carte bancaire
CMD02376,2025-06-06 12:33,C1037,P018,2,0.0,Retournée,PayPal
CMD02377,2025-06-06 12:50,C0886,P037,1,0.1,Annulée,Carte bancaire
CMD02378,2025-06-06 13:23,C0679,P028,3,0.0,Livrée,Carte bancaire
CMD02379,2025-06-06 13:33,C0971,P001,1,0.2,Livrée,Paiement en 3x
CMD02380,2025-06-06 16:04,C1116,P003,1,0.0,Livrée,Paiement en 3x
CMD02381,2025-06-06 16:52,C0526,P018,5,0.0,Livrée,Carte bancaire
CMD02382,2025-06-06 17:02,C0044,P016,2,0.1,Livrée,PayPal
CMD02383,2025-06-06 17:18,C0118,P008,1,0.0,Livrée,Carte bancaire
CMD02384,2025-06-06 18:00,C0562,P033,1,0.2,Livrée,Carte bancaire
CMD02385,2025-06-06 19:30,C0459,P010,1,0.0,Annulée,Carte bancaire
CMD02386,2025-06-06 19:55,C1143,P033,1,0.1,Livrée,Carte bancaire
CMD02387,2025-06-06 20:01,C0603,P008,1,0.0,Livrée,PayPal
CMD02388,2025-06-06 20:45,C1155,P010,2,0.0,Retournée,Carte bancaire
CMD02389,2025-06-06 20:51,C0958,P016,1,0.0,Livrée,Carte bancaire
CMD02390,2025-06-06 21:26,C0552,P018,1,0.0,Livrée,Carte bancaire
CMD02391,2025-06-07 11:08,C0381,P010,1,0.0,Livrée,Carte bancaire
CMD02392,2025-06-07 12:58,C0503,P011,3,0.0,Livrée,Virement
CMD02393,2025-06-07 13:08,C1081,P036,1,0.0,Livrée,Carte bancaire
CMD02394,2025-06-07 13:59,C1161,P025,1,0.0,Livrée,Carte bancaire
CMD02395,2025-06-07 14:40,C0011,P008,1,0.0,Livrée,Carte bancaire
CMD02396,2025-06-07 17:15,C0010,P032,1,0.0,Livrée,Carte bancaire
CMD02397,2025-06-07 18:04,C0785,P031,2,0.0,Livrée,PayPal
CMD02398,2025-06-07 18:29,C0978,P040,4,0.0,Livrée,Carte bancaire
CMD02399,2025-06-07 18:54,C0149,P018,1,0.1,Livrée,Paiement en 3x
CMD02400,2025-06-07 19:01,C0421,P039,2,0.0,Livrée,PayPal
CMD02401,2025-06-07 19:29,C0335,P037,3,0.0,Livrée,PayPal
CMD02402,2025-06-07 20:01,C0953,P014,1,0.0,Livrée,Paiement en 3x
CMD02403,2025-06-07 21:02,C0213,P027,1,0.0,Livrée,Carte bancaire
CMD02404,2025-06-07 21:51,C0821,P035,1,0.0,Livrée,Carte bancaire
CMD02405,2025-06-07 21:59,C0327,P013,1,0.2,Livrée,PayPal
CMD02406,2025-06-07 23:59,C0825,P017,1,0.0,Livrée,PayPal
CMD02407,2025-06-08 05:43,C0698,P027,1,0.0,Livrée,PayPal
CMD02408,2025-06-08 06:15,C0307,P016,1,0.0,Livrée,Paiement en 3x
CMD02409,2025-06-08 07:45,C0598,P005,3,0.2,Livrée,Paiement en 3x
CMD02410,2025-06-08 10:20,C0920,P040,1,0.0,Livrée,Carte bancaire
CMD02411,2025-06-08 11:39,C0788,P018,1,0.0,Livrée,Carte bancaire
CMD02412,2025-06-08 13:41,C0924,P019,1,0.2,Livrée,Carte bancaire
CMD02413,2025-06-08 14:19,C0128,P028,2,0.0,Livrée,Carte bancaire
CMD02414,2025-06-08 14:31,C1050,P009,2,0.2,Retournée,Carte bancaire
CMD02415,2025-06-08 17:14,C0584,P035,3,0.0,Livrée,Paiement en 3x
CMD02416,2025-06-08 17:50,C0056,P019,1,0.0,Livrée,Carte bancaire
CMD02417,2025-06-08 17:53,C1196,P011,1,0.0,Livrée,Carte bancaire
CMD02418,2025-06-08 19:05,C0858,P019,2,0.0,Livrée,Carte bancaire
CMD02419,2025-06-08 20:00,C0562,P038,1,0.0,Livrée,PayPal
CMD02420,2025-06-08 20:30,C0046,P001,2,0.0,Livrée,PayPal
CMD02421,2025-06-08 21:48,C1077,P028,1,0.0,Livrée,PayPal
CMD02422,2025-06-08 22:17,C0278,P025,1,0.2,Livrée,Carte bancaire
CMD02423,2025-06-08 22:46,C1026,P035,2,0.0,Annulée,Carte bancaire
CMD02424,2025-06-09 07:50,C0308,P008,1,0.1,Livrée,PayPal
CMD02425,2025-06-09 08:41,C0046,P008,1,0.0,Retournée,Paiement en 3x
CMD02426,2025-06-09 10:43,C0433,P020,1,0.0,Livrée,Paiement en 3x
CMD02427,2025-06-09 11:52,C0736,P015,2,0.0,Livrée,Carte bancaire
CMD02428,2025-06-09 15:13,C0600,P034,5,0.0,Livrée,Paiement en 3x
CMD02429,2025-06-09 16:02,C0761,P018,2,0.0,Livrée,Virement
CMD02430,2025-06-09 18:39,C0599,P032,1,0.0,Livrée,Virement
CMD02431,2025-06-09 19:54,C0202,P032,2,0.0,Livrée,PayPal
CMD02432,2025-06-09 20:26,C1146,P008,1,0.0,Livrée,Carte bancaire
CMD02433,2025-06-09 20:31,C0230,P009,2,0.0,Livrée,Paiement en 3x
CMD02434,2025-06-09 20:34,C0534,P021,1,0.0,Livrée,Carte bancaire
CMD02435,2025-06-09 20:34,C0765,P040,4,0.1,Livrée,Carte bancaire
CMD02436,2025-06-09 20:51,C0019,P006,1,0.2,Livrée,PayPal
CMD02437,2025-06-09 21:34,C0134,P008,1,0.0,Livrée,Virement
CMD02438,2025-06-09 22:42,C0746,P018,1,0.0,Livrée,Carte bancaire
CMD02439,2025-06-10 08:21,C0978,P008,1,0.0,Livrée,Carte bancaire
CMD02440,2025-06-10 10:27,C0168,P005,3,0.1,Livrée,PayPal
CMD02441,2025-06-10 11:03,C0925,P021,1,0.0,Livrée,Carte bancaire
CMD02442,2025-06-10 11:48,C0107,P013,1,0.0,Annulée,Carte bancaire
CMD02443,2025-06-10 12:28,C0812,P022,3,0.0,Livrée,Carte bancaire
CMD02444,2025-06-10 13:35,C0815,P029,1,0.2,Livrée,PayPal
CMD02445,2025-06-10 17:46,C0036,P007,1,0.1,Livrée,Carte bancaire
CMD02446,2025-06-10 19:37,C0679,P015,1,0.0,Livrée,Paiement en 3x
CMD02447,2025-06-10 20:02,C1180,P033,2,0.0,Livrée,Virement
CMD02448,2025-06-10 20:03,C0393,P025,2,0.0,Livrée,Carte bancaire
CMD02449,2025-06-10 20:31,C0589,P036,1,0.0,Livrée,Carte bancaire
CMD02450,2025-06-10 20:46,C0072,P034,1,0.0,Livrée,PayPal
CMD02451,2025-06-10 21:16,C0145,P027,3,0.0,Livrée,PayPal
CMD02452,2025-06-10 21:22,C0660,P034,1,0.1,Livrée,Carte bancaire
CMD02453,2025-06-10 21:47,C0750,P035,3,0.0,Livrée,Carte bancaire
CMD02454,2025-06-10 23:39,C0124,P002,1,0.0,Livrée,PayPal
CMD02455,2025-06-10 23:41,C0816,P028,1,0.1,Livrée,Carte bancaire
CMD02456,2025-06-11 05:32,C0883,P022,3,0.0,Livrée,Virement
CMD02457,2025-06-11 10:48,C0383,P017,1,0.0,Livrée,Carte bancaire
CMD02458,2025-06-11 13:07,C1015,P034,3,0.2,Livrée,Carte bancaire
CMD02459,2025-06-11 14:27,C0528,P029,2,0.0,Livrée,Carte bancaire
CMD02460,2025-06-11 15:34,C0327,P032,2,0.1,Livrée,Carte bancaire
CMD02461,2025-06-11 16:57,C0577,P030,1,0.0,Livrée,PayPal
CMD02462,2025-06-11 18:31,C0106,P001,1,0.0,Livrée,Carte bancaire
CMD02463,2025-06-11 19:50,C0879,P015,1,0.0,Livrée,Carte bancaire
CMD02464,2025-06-11 20:56,C1067,P027,2,0.0,Livrée,PayPal
CMD02465,2025-06-11 21:01,C0142,P027,2,0.0,Livrée,Carte bancaire
CMD02466,2025-06-11 21:42,C0191,P028,1,0.0,Livrée,Carte bancaire
CMD02467,2025-06-11 22:48,C0254,P010,1,0.2,Livrée,Carte bancaire
CMD02468,2025-06-12 01:57,C0780,P023,1,0.0,Livrée,Carte bancaire
CMD02469,2025-06-12 06:30,C0492,P024,5,0.0,Retournée,Carte bancaire
CMD02470,2025-06-12 08:13,C0432,P035,1,0.0,Livrée,Carte bancaire
CMD02471,2025-06-12 09:01,C0115,P021,1,0.0,Livrée,Carte bancaire
CMD02472,2025-06-12 09:46,C1058,P009,2,0.0,Livrée,Carte bancaire
CMD02473,2025-06-12 10:02,C0114,P018,2,0.0,Livrée,Paiement en 3x
CMD02474,2025-06-12 11:31,C0858,P036,2,0.0,Retournée,Carte bancaire
CMD02475,2025-06-12 12:14,C0633,P026,1,0.2,Livrée,Paiement en 3x
CMD02476,2025-06-12 12:46,C0780,P019,3,0.0,Livrée,Carte bancaire
CMD02477,2025-06-12 13:22,C1145,P036,1,0.0,Livrée,PayPal
CMD02478,2025-06-12 14:57,C0294,P006,1,0.1,Livrée,Paiement en 3x
CMD02479,2025-06-12 16:20,C0346,P016,1,0.0,Livrée,Carte bancaire
CMD02480,2025-06-12 19:52,C0600,P020,1,0.0,Livrée,PayPal
CMD02481,2025-06-12 19:57,C1066,P004,2,0.0,Livrée,Carte bancaire
CMD02482,2025-06-12 20:54,C0932,P030,5,0.0,Livrée,Paiement en 3x
CMD02483,2025-06-12 21:40,C1184,P028,2,0.0,Livrée,Carte bancaire
CMD02484,2025-06-12 22:48,C0443,P031,4,0.0,Livrée,Virement
CMD02485,2025-06-12 23:28,C1161,P016,3,0.0,Livrée,Carte bancaire
CMD02486,2025-06-13 03:02,C0607,P004,2,0.0,Livrée,PayPal
CMD02487,2025-06-13 09:50,C0267,P003,5,0.0,Livrée,Paiement en 3x
CMD02488,2025-06-13 11:25,C0203,P023,1,0.2,Livrée,Carte bancaire
CMD02489,2025-06-13 11:56,C0574,P002,2,0.0,Livrée,Carte bancaire
CMD02490,2025-06-13 12:01,C0633,P010,2,0.0,Livrée,Carte bancaire
CMD02491,2025-06-13 13:13,C0081,P021,2,0.0,Livrée,Carte bancaire
CMD02492,2025-06-13 14:24,C0767,P031,1,0.0,Livrée,Paiement en 3x
CMD02493,2025-06-13 17:03,C0180,P016,1,0.0,Livrée,Carte bancaire
CMD02494,2025-06-13 17:24,C1010,P005,1,0.2,Livrée,Paiement en 3x
CMD02495,2025-06-13 19:04,C0339,P020,2,0.1,Livrée,Carte bancaire
CMD02496,2025-06-13 20:39,C0454,P028,2,0.0,Livrée,Carte bancaire
CMD02497,2025-06-13 20:50,C0404,P023,1,0.0,Retournée,Carte bancaire
CMD02498,2025-06-13 22:57,C0276,P028,2,0.0,Livrée,Carte bancaire
CMD02499,2025-06-13 23:03,C0346,P030,1,0.0,Livrée,Carte bancaire
CMD02500,2025-06-14 00:14,C0329,P025,1,0.0,Livrée,PayPal
CMD02501,2025-06-14 05:55,C0855,P023,2,0.2,Livrée,Paiement en 3x
CMD02502,2025-06-14 08:43,C0069,P008,2,0.0,Livrée,PayPal
CMD02503,2025-06-14 09:37,C0666,P006,1,0.0,Livrée,Virement
CMD02504,2025-06-14 11:00,C0190,P004,1,0.0,Livrée,Carte bancaire
CMD02505,2025-06-14 13:31,C0962,P028,1,0.0,Livrée,Carte bancaire
CMD02506,2025-06-14 13:51,C0343,P016,1,0.0,Livrée,PayPal
CMD02507,2025-06-14 14:32,C0050,P009,1,0.0,Livrée,Carte bancaire
CMD02508,2025-06-14 15:47,C0143,P018,1,0.2,Livrée,Carte bancaire
CMD02509,2025-06-14 17:31,C0878,P014,2,0.0,Livrée,Paiement en 3x
CMD02510,2025-06-14 17:35,C0322,P021,1,0.1,Livrée,Carte bancaire
CMD02511,2025-06-14 19:03,C0472,P039,1,0.0,Livrée,Carte bancaire
CMD02512,2025-06-14 19:32,C0853,P027,1,0.0,Livrée,Carte bancaire
CMD02513,2025-06-14 20:26,C0835,P012,1,0.0,Livrée,PayPal
CMD02514,2025-06-14 20:32,C1161,P015,1,0.1,Livrée,Carte bancaire
CMD02515,2025-06-14 20:52,C0346,P010,1,0.1,Livrée,Carte bancaire
CMD02516,2025-06-14 21:05,C1062,P025,1,0.2,Livrée,PayPal
CMD02517,2025-06-14 21:36,C0842,P040,1,0.0,Livrée,Carte bancaire
CMD02518,2025-06-14 21:46,C0484,P016,1,0.0,Livrée,Paiement en 3x
CMD02519,2025-06-14 22:18,C0613,P006,1,0.1,Livrée,PayPal
CMD02520,2025-06-15 08:22,C0898,P023,1,0.0,Livrée,Carte bancaire
CMD02521,2025-06-15 09:08,C0894,P012,3,0.0,Livrée,Carte bancaire
CMD02522,2025-06-15 10:30,C0094,P037,2,0.0,Livrée,Carte bancaire
CMD02523,2025-06-15 10:44,C0855,P020,1,0.2,Livrée,Carte bancaire
CMD02524,2025-06-15 12:31,C0671,P012,1,0.0,Livrée,Carte bancaire
CMD02525,2025-06-15 13:00,C0044,P011,1,0.0,Livrée,PayPal
CMD02526,2025-06-15 15:17,C0915,P023,1,0.0,Livrée,PayPal
CMD02527,2025-06-15 16:48,C0835,P035,1,0.0,Livrée,Carte bancaire
CMD02528,2025-06-15 17:58,C0782,P012,2,0.0,Livrée,Carte bancaire
CMD02529,2025-06-15 18:33,C1062,P038,3,0.0,Livrée,PayPal
CMD02530,2025-06-15 19:31,C0118,P035,4,0.0,Livrée,Carte bancaire
CMD02531,2025-06-15 19:41,C0381,P021,1,0.0,Livrée,Carte bancaire
CMD02532,2025-06-15 20:30,C0752,P015,1,0.0,Livrée,PayPal
CMD02533,2025-06-15 20:45,C0700,P039,1,0.2,Livrée,Carte bancaire
CMD02534,2025-06-15 20:51,C0069,P032,2,0.0,Livrée,Carte bancaire
CMD02535,2025-06-15 21:09,C0785,P011,1,0.0,Livrée,Carte bancaire
CMD02536,2025-06-15 22:53,C1007,P040,2,0.0,Livrée,Virement
CMD02537,2025-06-16 11:05,C0835,P020,2,0.0,Livrée,Paiement en 3x
CMD02538,2025-06-16 12:59,C1185,P023,1,0.0,Livrée,Carte bancaire
CMD02539,2025-06-16 13:00,C0806,P026,1,0.0,Livrée,Carte bancaire
CMD02540,2025-06-16 13:30,C1102,P010,1,0.0,Retournée,PayPal
CMD02541,2025-06-16 13:45,C1155,P016,1,0.0,Livrée,Carte bancaire
CMD02542,2025-06-16 16:57,C0445,P032,1,0.0,Livrée,Carte bancaire
CMD02543,2025-06-16 17:21,C0050,P022,1,0.1,Livrée,PayPal
CMD02544,2025-06-16 19:37,C0142,P015,3,0.0,Livrée,PayPal
CMD02545,2025-06-16 20:04,C0737,P012,1,0.0,Livrée,Carte bancaire
CMD02546,2025-06-16 20:20,C0871,P031,1,0.1,Livrée,Paiement en 3x
CMD02547,2025-06-16 20:52,C0110,P005,2,0.1,Livrée,Paiement en 3x
CMD02548,2025-06-16 22:00,C0037,P019,1,0.0,Livrée,Carte bancaire
CMD02549,2025-06-16 23:51,C0812,P013,1,0.0,Annulée,Carte bancaire
CMD02550,2025-06-17 09:34,C1165,P013,1,0.0,Retournée,PayPal
CMD02551,2025-06-17 10:59,C0481,P008,1,0.0,Livrée,Paiement en 3x
CMD02552,2025-06-17 11:18,C1014,P040,1,0.1,Livrée,PayPal
CMD02553,2025-06-17 11:48,C1161,P013,1,0.0,Livrée,Carte bancaire
CMD02554,2025-06-17 11:53,C0491,P003,2,0.0,Livrée,PayPal
CMD02555,2025-06-17 12:28,C0716,P014,2,0.1,Livrée,PayPal
CMD02556,2025-06-17 12:57,C1146,P025,1,0.0,Livrée,PayPal
CMD02557,2025-06-17 13:27,C1132,P032,3,0.0,Livrée,Carte bancaire
CMD02558,2025-06-17 13:49,C0886,P007,2,0.0,Livrée,Carte bancaire
CMD02559,2025-06-17 14:37,C0069,P026,1,0.0,Livrée,PayPal
CMD02560,2025-06-17 14:53,C0530,P030,1,0.0,Livrée,PayPal
CMD02561,2025-06-17 17:09,C0187,P011,3,0.0,Livrée,Virement
CMD02562,2025-06-17 18:24,C0806,P030,2,0.0,Livrée,Carte bancaire
CMD02563,2025-06-17 18:36,C1045,P010,1,0.0,Livrée,Carte bancaire
CMD02564,2025-06-17 19:26,C0859,P040,3,0.0,Livrée,Carte bancaire
CMD02565,2025-06-17 19:42,C0567,P013,3,0.0,Livrée,Carte bancaire
CMD02566,2025-06-17 20:36,C0393,P003,3,0.2,Livrée,Paiement en 3x
CMD02567,2025-06-17 20:52,C0478,P011,1,0.0,Livrée,Carte bancaire
CMD02568,2025-06-17 21:36,C0647,P019,2,0.0,Livrée,Virement
CMD02569,2025-06-17 22:45,C0765,P032,2,0.0,Livrée,Carte bancaire
CMD02570,2025-06-18 04:08,C0854,P017,1,0.0,Livrée,PayPal
CMD02571,2025-06-18 07:02,C0214,P035,3,0.0,Livrée,Virement
CMD02572,2025-06-18 10:34,C0945,P022,1,0.0,Livrée,Paiement en 3x
CMD02573,2025-06-18 11:19,C0148,P021,2,0.2,Livrée,Carte bancaire
CMD02574,2025-06-18 11:30,C0062,P029,5,0.0,Livrée,Carte bancaire
CMD02575,2025-06-18 12:55,C0070,P040,1,0.0,Retournée,Carte bancaire
CMD02576,2025-06-18 13:25,C0057,P024,2,0.2,Livrée,Carte bancaire
CMD02577,2025-06-18 14:45,C0346,P009,3,0.0,Livrée,Carte bancaire
CMD02578,2025-06-18 16:48,C0879,P007,1,0.0,Livrée,Paiement en 3x
CMD02579,2025-06-18 17:12,C0418,P024,3,0.0,Livrée,Carte bancaire
CMD02580,2025-06-18 17:13,C1121,P039,2,0.1,Livrée,Carte bancaire
CMD02581,2025-06-18 17:44,C0790,P030,1,0.0,Livrée,Carte bancaire
CMD02582,2025-06-18 19:07,C0736,P012,3,0.0,Livrée,Paiement en 3x
CMD02583,2025-06-18 19:13,C0044,P025,3,0.0,Livrée,Carte bancaire
CMD02584,2025-06-18 19:52,C0973,P015,1,0.1,Livrée,Carte bancaire
CMD02585,2025-06-18 20:11,C0127,P034,1,0.0,Livrée,Paiement en 3x
CMD02586,2025-06-18 21:46,C0031,P013,3,0.0,Livrée,Carte bancaire
CMD02587,2025-06-18 22:21,C0736,P024,1,0.0,Livrée,Carte bancaire
CMD02588,2025-06-18 22:40,C0074,P024,1,0.0,Annulée,PayPal
CMD02589,2025-06-19 09:37,C0597,P022,1,0.2,Livrée,Carte bancaire
CMD02590,2025-06-19 09:45,C0533,P016,1,0.0,Livrée,PayPal
CMD02591,2025-06-19 10:35,C0275,P012,1,0.1,Livrée,Carte bancaire
CMD02592,2025-06-19 11:09,C0016,P025,1,0.0,Livrée,Carte bancaire
CMD02593,2025-06-19 11:57,C0418,P005,1,0.0,Livrée,PayPal
CMD02594,2025-06-19 12:08,C0080,P006,1,0.1,Livrée,Carte bancaire
CMD02595,2025-06-19 12:13,C0854,P017,5,0.0,Annulée,PayPal
CMD02596,2025-06-19 12:16,C0816,P022,1,0.0,Livrée,Carte bancaire
CMD02597,2025-06-19 13:45,C0562,P038,3,0.0,Livrée,Carte bancaire
CMD02598,2025-06-19 13:51,C0445,P012,1,0.0,Livrée,Carte bancaire
CMD02599,2025-06-19 14:34,C0857,P027,2,0.0,Livrée,Carte bancaire
CMD02600,2025-06-19 14:37,C0109,P002,3,0.0,Livrée,Carte bancaire
CMD02601,2025-06-19 19:10,C0585,P025,4,0.0,Livrée,Carte bancaire
CMD02602,2025-06-19 20:05,C0165,P031,5,0.0,Livrée,PayPal
CMD02603,2025-06-19 20:13,C0798,P029,3,0.0,Livrée,Carte bancaire
CMD02604,2025-06-19 22:42,C0786,P022,1,0.0,Livrée,Carte bancaire
CMD02605,2025-06-19 23:58,C0434,P024,2,0.2,Livrée,Carte bancaire
CMD02606,2025-06-20 08:37,C0422,P008,2,0.1,Livrée,Carte bancaire
CMD02607,2025-06-20 10:20,C0698,P040,1,0.0,Livrée,Carte bancaire
CMD02608,2025-06-20 11:23,C0665,P023,1,0.0,Livrée,PayPal
CMD02609,2025-06-20 12:38,C0785,P023,1,0.0,Livrée,PayPal
CMD02610,2025-06-20 13:07,C0043,P028,2,0.0,Livrée,Carte bancaire
CMD02611,2025-06-20 13:38,C0904,P026,1,0.0,Livrée,PayPal
CMD02612,2025-06-20 14:06,C0467,P025,1,0.0,Livrée,PayPal
CMD02613,2025-06-20 18:42,C0792,P038,1,0.1,Livrée,Carte bancaire
CMD02614,2025-06-20 20:49,C0809,P011,1,0.0,Livrée,Carte bancaire
CMD02615,2025-06-20 21:35,C0272,P039,1,0.1,Livrée,Carte bancaire
CMD02616,2025-06-20 22:05,C0189,P029,1,0.0,Livrée,PayPal
CMD02617,2025-06-20 23:15,C0254,P036,1,0.0,Livrée,Carte bancaire
CMD02618,2025-06-21 03:17,C0721,P019,1,0.0,Retournée,PayPal
CMD02619,2025-06-21 06:46,C1173,P029,1,0.0,Livrée,Carte bancaire
CMD02620,2025-06-21 07:24,C0094,P020,1,0.0,Retournée,Carte bancaire
CMD02621,2025-06-21 10:01,C0335,P001,1,0.0,Livrée,Paiement en 3x
CMD02622,2025-06-21 12:30,C0401,P023,1,0.0,Livrée,Carte bancaire
CMD02623,2025-06-21 13:48,C0997,P029,1,0.1,Livrée,Carte bancaire
CMD02624,2025-06-21 15:59,C0684,P021,1,0.0,Livrée,Carte bancaire
CMD02625,2025-06-21 16:43,C0938,P028,2,0.1,Livrée,Paiement en 3x
CMD02626,2025-06-21 17:28,C1161,P014,1,0.0,Livrée,Carte bancaire
CMD02627,2025-06-21 18:01,C1095,P028,1,0.0,Livrée,Carte bancaire
CMD02628,2025-06-21 18:16,C0381,P008,1,0.1,Livrée,Carte bancaire
CMD02629,2025-06-21 18:45,C0700,P037,1,0.0,Retournée,Carte bancaire
CMD02630,2025-06-21 19:00,C0122,P026,5,0.0,Livrée,PayPal
CMD02631,2025-06-21 20:04,C0267,P024,4,0.0,Livrée,Carte bancaire
CMD02632,2025-06-21 20:42,C0057,P036,1,0.0,Retournée,Carte bancaire
CMD02633,2025-06-21 20:50,C0700,P010,1,0.1,Livrée,Carte bancaire
CMD02634,2025-06-21 21:25,C0044,P011,2,0.0,Livrée,PayPal
CMD02635,2025-06-21 21:26,C0750,P010,1,0.0,Livrée,Carte bancaire
CMD02636,2025-06-21 21:58,C0927,P034,1,0.0,Livrée,Carte bancaire
CMD02637,2025-06-21 22:24,C1055,P017,1,0.0,Livrée,Carte bancaire
CMD02638,2025-06-21 22:57,C0829,P037,1,0.0,Livrée,PayPal
CMD02639,2025-06-22 09:19,C0057,P002,3,0.2,Annulée,PayPal
CMD02640,2025-06-22 10:00,C0497,P026,1,0.1,Livrée,Virement
CMD02641,2025-06-22 12:27,C0325,P025,1,0.2,Livrée,Carte bancaire
CMD02642,2025-06-22 12:36,C0759,P009,2,0.0,Livrée,PayPal
CMD02643,2025-06-22 12:50,C0736,P024,1,0.1,Livrée,PayPal
CMD02644,2025-06-22 13:02,C0275,P028,1,0.0,Livrée,Carte bancaire
CMD02645,2025-06-22 13:08,C0879,P006,1,0.0,Livrée,Paiement en 3x
CMD02646,2025-06-22 13:50,C0034,P029,1,0.0,Livrée,Carte bancaire
CMD02647,2025-06-22 15:59,C0723,P039,1,0.0,Livrée,PayPal
CMD02648,2025-06-22 16:35,C0843,P035,1,0.0,Annulée,Carte bancaire
CMD02649,2025-06-22 17:09,C1161,P029,1,0.0,Livrée,Carte bancaire
CMD02650,2025-06-22 19:05,C0811,P016,1,0.0,Livrée,Carte bancaire
CMD02651,2025-06-22 20:08,C0584,P020,1,0.0,Livrée,Carte bancaire
CMD02652,2025-06-22 20:34,C0563,P011,1,0.0,Livrée,PayPal
CMD02653,2025-06-22 21:29,C0879,P036,1,0.0,Livrée,Carte bancaire
CMD02654,2025-06-22 22:09,C0612,P038,2,0.1,Livrée,PayPal
CMD02655,2025-06-23 07:07,C0519,P013,1,0.1,Livrée,Carte bancaire
CMD02656,2025-06-23 08:15,C0816,P017,3,0.0,Livrée,Carte bancaire
CMD02657,2025-06-23 11:20,C0254,P019,2,0.2,Livrée,Carte bancaire
CMD02658,2025-06-23 17:11,C0335,P035,1,0.2,Livrée,Carte bancaire
CMD02659,2025-06-23 18:54,C0977,P017,3,0.0,Livrée,Carte bancaire
CMD02660,2025-06-23 19:12,C0850,P008,1,0.1,Livrée,Paiement en 3x
CMD02661,2025-06-23 19:48,C0723,P028,1,0.0,Livrée,Carte bancaire
CMD02662,2025-06-23 20:01,C0214,P022,4,0.1,Livrée,Carte bancaire
CMD02663,2025-06-23 20:30,C0492,P019,1,0.1,Livrée,Carte bancaire
CMD02664,2025-06-23 22:28,C0278,P008,3,0.0,Livrée,Carte bancaire
CMD02665,2025-06-23 22:34,C0531,P011,3,0.0,Retournée,PayPal
CMD02666,2025-06-23 22:42,C0882,P037,2,0.0,Livrée,PayPal
CMD02667,2025-06-24 08:08,C0959,P010,1,0.0,Livrée,Carte bancaire
CMD02668,2025-06-24 12:53,C1083,P006,1,0.0,Livrée,Carte bancaire
CMD02669,2025-06-24 13:54,C0918,P028,1,0.0,Livrée,Carte bancaire
CMD02670,2025-06-24 17:04,C0615,P013,1,0.1,Annulée,PayPal
CMD02671,2025-06-24 19:39,C0647,P037,1,0.0,Livrée,Carte bancaire
CMD02672,2025-06-24 19:46,C0729,P015,2,0.0,Livrée,PayPal
CMD02673,2025-06-24 20:20,C0109,P001,1,0.0,Livrée,Carte bancaire
CMD02674,2025-06-24 21:51,C0072,P011,1,0.0,Livrée,Paiement en 3x
CMD02675,2025-06-24 23:34,C0994,P023,1,0.0,Livrée,PayPal
CMD02676,2025-06-25 06:11,C0217,P028,3,0.0,Livrée,Virement
CMD02677,2025-06-25 08:40,C1011,P009,1,0.0,Livrée,PayPal
CMD02678,2025-06-25 10:01,C0421,P023,5,0.2,Livrée,Carte bancaire
CMD02679,2025-06-25 10:16,C0476,P031,1,0.0,Livrée,Carte bancaire
CMD02680,2025-06-25 10:41,C0346,P034,1,0.0,Livrée,Carte bancaire
CMD02681,2025-06-25 10:55,C1133,P037,2,0.0,Annulée,PayPal
CMD02682,2025-06-25 11:56,C0994,P022,1,0.0,Livrée,Carte bancaire
CMD02683,2025-06-25 14:46,C0046,P011,3,0.0,Livrée,Carte bancaire
CMD02684,2025-06-25 16:11,C0382,P007,1,0.1,Livrée,PayPal
CMD02685,2025-06-25 17:29,C1040,P025,2,0.0,Livrée,Virement
CMD02686,2025-06-25 17:31,C0218,P018,1,0.0,Livrée,Carte bancaire
CMD02687,2025-06-25 20:02,C0421,P032,1,0.0,Livrée,Paiement en 3x
CMD02688,2025-06-25 21:50,C0858,P018,1,0.0,Livrée,Carte bancaire
CMD02689,2025-06-25 22:06,C0145,P027,3,0.2,Livrée,PayPal
CMD02690,2025-06-25 22:54,C0031,P040,2,0.0,Livrée,Carte bancaire
CMD02691,2025-06-25 23:30,C1040,P008,1,0.0,Livrée,PayPal
CMD02692,2025-06-26 06:38,C1038,P019,1,0.1,Livrée,Carte bancaire
CMD02693,2025-06-26 07:04,C0773,P027,1,0.0,Livrée,Virement
CMD02694,2025-06-26 07:52,C0107,P011,1,0.0,Livrée,Carte bancaire
CMD02695,2025-06-26 09:12,C0272,P030,1,0.1,Livrée,Carte bancaire
CMD02696,2025-06-26 09:32,C0381,P035,4,0.0,Livrée,Carte bancaire
CMD02697,2025-06-26 09:58,C1125,P022,1,0.1,Livrée,PayPal
CMD02698,2025-06-26 10:29,C0044,P040,4,0.0,Livrée,Carte bancaire
CMD02699,2025-06-26 10:32,C0183,P037,1,0.2,Livrée,Virement
CMD02700,2025-06-26 10:36,C1037,P019,1,0.0,Livrée,PayPal
CMD02701,2025-06-26 10:48,C1165,P018,2,0.0,Retournée,Carte bancaire
CMD02702,2025-06-26 17:42,C0786,P001,1,0.0,Annulée,Carte bancaire
CMD02703,2025-06-26 18:47,C0730,P021,1,0.0,Livrée,Paiement en 3x
CMD02704,2025-06-26 19:41,C0044,P007,3,0.0,Retournée,PayPal
CMD02705,2025-06-26 19:59,C0573,P031,2,0.0,Annulée,Paiement en 3x
CMD02706,2025-06-26 20:31,C0670,P014,1,0.0,Livrée,PayPal
CMD02707,2025-06-26 22:01,C0894,P021,3,0.0,Livrée,Carte bancaire
CMD02708,2025-06-26 22:43,C0346,P034,3,0.0,Livrée,PayPal
CMD02709,2025-06-27 11:46,C0203,P038,4,0.0,Livrée,Carte bancaire
CMD02710,2025-06-27 11:47,C0938,P031,1,0.0,Livrée,Virement
CMD02711,2025-06-27 11:47,C0421,P038,5,0.2,Livrée,Carte bancaire
CMD02712,2025-06-27 11:58,C0448,P031,2,0.0,Livrée,Carte bancaire
CMD02713,2025-06-27 13:01,C0213,P037,1,0.1,Annulée,Carte bancaire
CMD02714,2025-06-27 13:12,C1128,P037,2,0.0,Livrée,Carte bancaire
CMD02715,2025-06-27 13:24,C0413,P006,3,0.0,Livrée,Paiement en 3x
CMD02716,2025-06-27 14:59,C0676,P011,2,0.0,Livrée,Carte bancaire
CMD02717,2025-06-27 16:06,C1138,P023,1,0.0,Livrée,Paiement en 3x
CMD02718,2025-06-27 17:26,C0046,P029,1,0.0,Livrée,Carte bancaire
CMD02719,2025-06-27 18:02,C0990,P016,1,0.0,Livrée,PayPal
CMD02720,2025-06-27 18:15,C0815,P010,1,0.0,Livrée,Carte bancaire
CMD02721,2025-06-27 19:48,C0533,P020,2,0.0,Livrée,Carte bancaire
CMD02722,2025-06-27 20:42,C0214,P024,1,0.0,Livrée,Paiement en 3x
CMD02723,2025-06-27 21:10,C0328,P012,1,0.1,Livrée,PayPal
CMD02724,2025-06-27 23:12,C0898,P030,1,0.2,Livrée,PayPal
CMD02725,2025-06-28 05:30,C0374,P016,1,0.0,Livrée,Carte bancaire
CMD02726,2025-06-28 09:38,C0815,P039,1,0.0,Livrée,Carte bancaire
CMD02727,2025-06-28 12:06,C0330,P035,2,0.0,Livrée,Paiement en 3x
CMD02728,2025-06-28 14:19,C0213,P032,1,0.2,Livrée,Carte bancaire
CMD02729,2025-06-28 14:59,C0830,P013,2,0.2,Livrée,Carte bancaire
CMD02730,2025-06-28 15:00,C0938,P008,3,0.0,Livrée,Carte bancaire
CMD02731,2025-06-28 18:55,C0938,P031,4,0.0,Livrée,Carte bancaire
CMD02732,2025-06-28 19:03,C0235,P005,1,0.0,Livrée,Carte bancaire
CMD02733,2025-06-28 19:04,C0584,P013,1,0.0,Livrée,Paiement en 3x
CMD02734,2025-06-28 19:24,C1033,P039,2,0.1,Livrée,Virement
CMD02735,2025-06-28 19:54,C0213,P035,2,0.2,Livrée,Carte bancaire
CMD02736,2025-06-28 20:06,C0041,P007,1,0.0,Retournée,Carte bancaire
CMD02737,2025-06-28 20:24,C0824,P020,1,0.0,Livrée,PayPal
CMD02738,2025-06-28 21:18,C0677,P015,1,0.1,Livrée,Carte bancaire
CMD02739,2025-06-28 23:51,C0010,P023,1,0.1,Livrée,PayPal
CMD02740,2025-06-29 04:48,C0530,P029,1,0.0,Livrée,PayPal
CMD02741,2025-06-29 08:50,C1123,P037,2,0.1,Livrée,PayPal
CMD02742,2025-06-29 08:53,C0445,P009,1,0.0,Livrée,PayPal
CMD02743,2025-06-29 08:57,C0584,P016,1,0.1,Livrée,Carte bancaire
CMD02744,2025-06-29 09:06,C0655,P026,2,0.0,Livrée,Carte bancaire
CMD02745,2025-06-29 09:15,C0526,P008,1,0.0,Livrée,PayPal
CMD02746,2025-06-29 11:00,C0958,P030,1,0.1,Livrée,Carte bancaire
CMD02747,2025-06-29 12:43,C0374,P008,3,0.2,Livrée,Carte bancaire
CMD02748,2025-06-29 12:55,C0156,P038,2,0.0,Livrée,Carte bancaire
CMD02749,2025-06-29 12:59,C0074,P020,1,0.0,Livrée,Carte bancaire
CMD02750,2025-06-29 13:18,C0168,P016,1,0.0,Livrée,Carte bancaire
CMD02751,2025-06-29 14:47,C0168,P026,1,0.0,Livrée,PayPal
CMD02752,2025-06-29 15:08,C0593,P013,1,0.0,Livrée,Carte bancaire
CMD02753,2025-06-29 16:27,C0600,P007,1,0.0,Livrée,Paiement en 3x
CMD02754,2025-06-29 16:55,C0581,P018,3,0.2,Livrée,Carte bancaire
CMD02755,2025-06-29 17:15,C0319,P030,1,0.0,Livrée,Carte bancaire
CMD02756,2025-06-29 18:50,C0278,P012,4,0.0,Livrée,Virement
CMD02757,2025-06-29 20:22,C0240,P033,1,0.1,Livrée,Carte bancaire
CMD02758,2025-06-29 20:45,C0090,P040,3,0.1,Livrée,Virement
CMD02759,2025-06-29 20:51,C0571,P029,4,0.1,Livrée,PayPal
CMD02760,2025-06-29 21:42,C0858,P026,1,0.0,Livrée,Carte bancaire
CMD02761,2025-06-30 05:05,C0044,P024,2,0.0,Livrée,Carte bancaire
CMD02762,2025-06-30 06:43,C0990,P003,1,0.0,Livrée,Paiement en 3x
CMD02763,2025-06-30 07:38,C0849,P032,3,0.0,Livrée,Paiement en 3x
CMD02764,2025-06-30 10:40,C0994,P026,1,0.0,Livrée,Paiement en 3x
CMD02765,2025-06-30 10:47,C0178,P038,3,0.0,Livrée,Carte bancaire
CMD02766,2025-06-30 12:50,C1055,P017,2,0.1,Livrée,Carte bancaire
CMD02767,2025-06-30 13:52,C0663,P008,1,0.0,Livrée,Carte bancaire
CMD02768,2025-06-30 14:55,C0221,P014,1,0.0,Livrée,Carte bancaire
CMD02769,2025-06-30 16:18,C0417,P018,1,0.0,Livrée,Carte bancaire
CMD02770,2025-06-30 17:29,C0143,P036,1,0.0,Livrée,Carte bancaire
CMD02771,2025-06-30 20:24,C0910,P020,1,0.1,Livrée,Carte bancaire
CMD02772,2025-06-30 20:30,C0791,P012,2,0.0,Livrée,Paiement en 3x
CMD02773,2025-06-30 20:54,C0191,P007,1,0.1,Livrée,Carte bancaire
CMD02774,2025-06-30 21:53,C0036,P017,1,0.0,Livrée,Virement
CMD02775,2025-06-30 22:15,C0898,P016,2,0.0,Livrée,Carte bancaire
CMD02776,2025-06-30 22:22,C0752,P037,2,0.0,Livrée,PayPal
CMD02777,2025-06-30 22:38,C0254,P003,1,0.0,Livrée,Paiement en 3x
CMD02778,2025-06-30 23:20,C0814,P025,1,0.0,Livrée,PayPal
CMD02779,2025-06-30 23:32,C0433,P004,2,0.0,Livrée,Carte bancaire
CMD02780,2025-07-01 01:05,C0006,P015,1,0.0,Livrée,PayPal
CMD02781,2025-07-01 08:37,C0766,P008,1,0.1,Livrée,Carte bancaire
CMD02782,2025-07-01 09:54,C1025,P019,1,0.0,Livrée,Carte bancaire
CMD02783,2025-07-01 10:14,C0491,P035,2,0.0,Livrée,Carte bancaire
CMD02784,2025-07-01 12:11,C0418,P006,2,0.0,Livrée,PayPal
CMD02785,2025-07-01 12:27,C0271,P022,2,0.0,Livrée,Carte bancaire
CMD02786,2025-07-01 12:46,C0138,P035,2,0.1,Livrée,Carte bancaire
CMD02787,2025-07-01 12:56,C1001,P036,4,0.2,Livrée,Virement
CMD02788,2025-07-01 13:05,C0509,P030,1,0.0,Livrée,Paiement en 3x
CMD02789,2025-07-01 16:13,C0732,P022,2,0.1,Livrée,Carte bancaire
CMD02790,2025-07-01 18:17,C0602,P016,3,0.0,Livrée,PayPal
CMD02791,2025-07-01 18:35,C0311,P037,3,0.0,Livrée,PayPal
CMD02792,2025-07-01 19:48,C0107,P021,1,0.0,Livrée,Carte bancaire
CMD02793,2025-07-01 20:14,C0660,P012,1,0.0,Livrée,Carte bancaire
CMD02794,2025-07-01 20:20,C0381,P025,1,0.0,Livrée,Carte bancaire
CMD02795,2025-07-01 21:36,C0441,P005,1,0.0,Livrée,Carte bancaire
CMD02796,2025-07-01 22:09,C0945,P017,1,0.2,Livrée,Virement
CMD02797,2025-07-02 06:34,C0431,P010,1,0.1,Livrée,PayPal
CMD02798,2025-07-02 08:24,C0750,P040,3,0.1,Livrée,Carte bancaire
CMD02799,2025-07-02 08:26,C0858,P003,1,0.1,Livrée,Carte bancaire
CMD02800,2025-07-02 09:44,C1038,P014,1,0.0,Livrée,Carte bancaire
CMD02801,2025-07-02 10:34,C0409,P014,1,0.2,Livrée,Carte bancaire
CMD02802,2025-07-02 11:28,C0300,P040,2,0.0,Livrée,Carte bancaire
CMD02803,2025-07-02 11:34,C0565,P014,2,0.2,Livrée,Carte bancaire
CMD02804,2025-07-02 11:50,C0451,P012,1,0.0,Livrée,Carte bancaire
CMD02805,2025-07-02 12:13,C0786,P010,1,0.0,Livrée,PayPal
CMD02806,2025-07-02 12:13,C0072,P025,1,0.0,Livrée,Carte bancaire
CMD02807,2025-07-02 12:22,C1008,P005,1,0.0,Livrée,Paiement en 3x
CMD02808,2025-07-02 12:23,C0275,P019,1,0.2,Annulée,Paiement en 3x
CMD02809,2025-07-02 13:06,C0503,P029,4,0.0,Livrée,PayPal
CMD02810,2025-07-02 13:19,C1047,P020,1,0.1,Livrée,Carte bancaire
CMD02811,2025-07-02 13:37,C1089,P021,1,0.1,Livrée,Carte bancaire
CMD02812,2025-07-02 15:39,C0043,P027,2,0.0,Livrée,Carte bancaire
CMD02813,2025-07-02 17:25,C0050,P034,1,0.1,Livrée,Paiement en 3x
CMD02814,2025-07-02 18:06,C0878,P029,2,0.0,Livrée,Carte bancaire
CMD02815,2025-07-02 18:41,C0168,P035,2,0.0,Livrée,Virement
CMD02816,2025-07-02 19:15,C1158,P034,2,0.0,Livrée,Carte bancaire
CMD02817,2025-07-02 19:54,C0844,P023,4,0.0,Livrée,Carte bancaire
CMD02818,2025-07-02 21:24,C0448,P009,3,0.0,Livrée,Carte bancaire
CMD02819,2025-07-02 22:01,C0418,P024,1,0.0,Livrée,Carte bancaire
CMD02820,2025-07-02 22:16,C0893,P022,1,0.1,Livrée,Carte bancaire
CMD02821,2025-07-03 09:40,C1002,P020,1,0.0,Livrée,PayPal
CMD02822,2025-07-03 11:39,C1133,P018,2,0.0,Livrée,Carte bancaire
CMD02823,2025-07-03 12:05,C0843,P009,3,0.0,Livrée,Carte bancaire
CMD02824,2025-07-03 12:52,C0124,P007,1,0.0,Livrée,Carte bancaire
CMD02825,2025-07-03 15:11,C1105,P038,2,0.2,Livrée,Carte bancaire
CMD02826,2025-07-03 16:32,C0087,P007,1,0.0,Livrée,Paiement en 3x
CMD02827,2025-07-03 16:35,C0107,P022,1,0.1,Retournée,Carte bancaire
CMD02828,2025-07-03 17:20,C0776,P030,1,0.0,Livrée,Carte bancaire
CMD02829,2025-07-03 21:37,C0141,P021,5,0.0,Livrée,Carte bancaire
CMD02830,2025-07-04 02:06,C0792,P031,1,0.0,Livrée,Carte bancaire
CMD02831,2025-07-04 03:17,C0254,P001,2,0.1,Livrée,PayPal
CMD02832,2025-07-04 06:09,C0907,P017,1,0.0,Livrée,Carte bancaire
CMD02833,2025-07-04 08:39,C1159,P024,1,0.2,Livrée,Carte bancaire
CMD02834,2025-07-04 10:26,C1013,P025,4,0.0,Livrée,PayPal
CMD02835,2025-07-04 12:02,C0534,P025,1,0.0,Livrée,Carte bancaire
CMD02836,2025-07-04 12:39,C0398,P040,1,0.0,Livrée,Paiement en 3x
CMD02837,2025-07-04 16:09,C0475,P014,5,0.0,Livrée,Carte bancaire
CMD02838,2025-07-04 18:27,C0108,P008,2,0.2,Livrée,Carte bancaire
CMD02839,2025-07-04 18:56,C1074,P025,4,0.0,Livrée,Carte bancaire
CMD02840,2025-07-04 20:01,C0985,P016,2,0.0,Livrée,Carte bancaire
CMD02841,2025-07-04 22:50,C0879,P028,1,0.0,Livrée,Carte bancaire
CMD02842,2025-07-05 01:48,C0751,P028,3,0.0,Livrée,PayPal
CMD02843,2025-07-05 02:26,C0435,P007,1,0.0,Retournée,Carte bancaire
CMD02844,2025-07-05 06:19,C0107,P011,2,0.0,Livrée,Carte bancaire
CMD02845,2025-07-05 07:21,C0107,P039,2,0.0,Livrée,Carte bancaire
CMD02846,2025-07-05 08:35,C0198,P039,1,0.0,Livrée,Carte bancaire
CMD02847,2025-07-05 11:18,C0835,P016,1,0.0,Livrée,Paiement en 3x
CMD02848,2025-07-05 11:27,C0862,P015,2,0.0,Livrée,Carte bancaire
CMD02849,2025-07-05 12:24,C0381,P008,1,0.0,Livrée,Carte bancaire
CMD02850,2025-07-05 13:38,C0640,P020,1,0.0,Retournée,Carte bancaire
CMD02851,2025-07-05 14:08,C0625,P040,1,0.0,Livrée,Carte bancaire
CMD02852,2025-07-05 14:32,C0057,P012,1,0.0,Livrée,Carte bancaire
CMD02853,2025-07-05 15:01,C0193,P029,1,0.0,Livrée,Virement
CMD02854,2025-07-05 15:20,C0235,P038,1,0.0,Livrée,Paiement en 3x
CMD02855,2025-07-05 16:38,C0046,P020,1,0.0,Retournée,Paiement en 3x
CMD02856,2025-07-05 17:24,C0627,P004,3,0.0,Livrée,Paiement en 3x
CMD02857,2025-07-05 20:06,C0962,P016,1,0.0,Livrée,Carte bancaire
CMD02858,2025-07-05 20:46,C0594,P015,1,0.0,Livrée,Carte bancaire
CMD02859,2025-07-05 20:58,C0878,P037,1,0.2,Livrée,PayPal
CMD02860,2025-07-06 00:21,C1144,P025,2,0.0,Livrée,Carte bancaire
CMD02861,2025-07-06 02:01,C0969,P020,1,0.0,Livrée,Carte bancaire
CMD02862,2025-07-06 06:24,C1075,P030,1,0.0,Retournée,Carte bancaire
CMD02863,2025-07-06 07:00,C0107,P026,3,0.1,Livrée,Carte bancaire
CMD02864,2025-07-06 09:20,C0057,P019,1,0.0,Livrée,PayPal
CMD02865,2025-07-06 10:03,C1047,P018,4,0.0,Livrée,PayPal
CMD02866,2025-07-06 11:11,C0409,P009,1,0.0,Livrée,Carte bancaire
CMD02867,2025-07-06 12:38,C1103,P005,2,0.0,Livrée,Carte bancaire
CMD02868,2025-07-06 13:01,C0244,P034,1,0.0,Livrée,Carte bancaire
CMD02869,2025-07-06 13:42,C0345,P008,1,0.1,Livrée,Carte bancaire
CMD02870,2025-07-06 13:57,C0416,P013,4,0.0,Livrée,Carte bancaire
CMD02871,2025-07-06 14:04,C0829,P009,1,0.0,Livrée,Carte bancaire
CMD02872,2025-07-06 16:08,C1099,P016,2,0.0,Annulée,Carte bancaire
CMD02873,2025-07-06 17:16,C1185,P007,2,0.0,Livrée,Paiement en 3x
CMD02874,2025-07-06 19:19,C0838,P032,1,0.0,Livrée,Carte bancaire
CMD02875,2025-07-06 19:59,C0363,P038,1,0.0,Livrée,Paiement en 3x
CMD02876,2025-07-06 20:20,C0584,P020,1,0.1,Livrée,Carte bancaire
CMD02877,2025-07-06 22:13,C1120,P039,4,0.1,Livrée,PayPal
CMD02878,2025-07-07 01:10,C0107,P012,2,0.1,Livrée,Carte bancaire
CMD02879,2025-07-07 09:38,C0399,P011,4,0.0,Livrée,Paiement en 3x
CMD02880,2025-07-07 10:34,C0858,P026,2,0.0,Livrée,PayPal
CMD02881,2025-07-07 11:13,C0745,P010,4,0.1,Livrée,PayPal
CMD02882,2025-07-07 12:43,C1081,P039,2,0.0,Livrée,PayPal
CMD02883,2025-07-07 12:51,C0600,P027,1,0.1,Livrée,Carte bancaire
CMD02884,2025-07-07 13:52,C0202,P011,1,0.0,Livrée,Carte bancaire
CMD02885,2025-07-07 13:57,C0424,P001,1,0.0,Livrée,Carte bancaire
CMD02886,2025-07-07 15:29,C0373,P034,1,0.0,Livrée,Carte bancaire
CMD02887,2025-07-07 16:29,C0448,P002,1,0.0,Livrée,Paiement en 3x
CMD02888,2025-07-07 17:18,C0418,P004,1,0.0,Livrée,Carte bancaire
CMD02889,2025-07-07 19:52,C0046,P021,2,0.0,Retournée,PayPal
CMD02890,2025-07-07 20:36,C0046,P016,1,0.1,Livrée,Carte bancaire
CMD02891,2025-07-07 22:39,C0948,P035,2,0.0,Livrée,PayPal
CMD02892,2025-07-07 22:43,C0190,P015,2,0.0,Livrée,PayPal
CMD02893,2025-07-08 07:30,C0330,P021,1,0.0,Livrée,Paiement en 3x
CMD02894,2025-07-08 11:41,C0940,P008,5,0.1,Livrée,Paiement en 3x
CMD02895,2025-07-08 13:24,C1013,P013,1,0.0,Livrée,Carte bancaire
CMD02896,2025-07-08 13:24,C1105,P012,1,0.0,Livrée,Paiement en 3x
CMD02897,2025-07-08 17:08,C0898,P026,3,0.0,Livrée,Carte bancaire
CMD02898,2025-07-08 18:00,C0999,P034,2,0.0,Livrée,Virement
CMD02899,2025-07-08 18:54,C0690,P018,4,0.1,Livrée,Paiement en 3x
CMD02900,2025-07-08 19:11,C0057,P027,1,0.0,Livrée,Carte bancaire
CMD02901,2025-07-08 19:33,C0429,P018,1,0.2,Livrée,Carte bancaire
CMD02902,2025-07-08 21:55,C0365,P027,1,0.1,Livrée,PayPal
CMD02903,2025-07-09 08:49,C0898,P010,1,0.0,Livrée,Paiement en 3x
CMD02904,2025-07-09 09:14,C0955,P006,4,0.1,Annulée,Carte bancaire
CMD02905,2025-07-09 11:42,C0743,P016,2,0.0,Livrée,Carte bancaire
CMD02906,2025-07-09 11:47,C0750,P024,2,0.1,Livrée,Carte bancaire
CMD02907,2025-07-09 12:13,C0685,P020,1,0.0,Livrée,Virement
CMD02908,2025-07-09 12:34,C0418,P018,1,0.0,Livrée,PayPal
CMD02909,2025-07-09 15:03,C0010,P002,1,0.0,Livrée,Carte bancaire
CMD02910,2025-07-09 15:22,C1025,P040,1,0.1,Livrée,Carte bancaire
CMD02911,2025-07-09 15:50,C1195,P012,1,0.0,Livrée,PayPal
CMD02912,2025-07-09 21:55,C0335,P002,2,0.0,Annulée,Carte bancaire
CMD02913,2025-07-10 11:45,C1117,P007,2,0.1,Livrée,Paiement en 3x
CMD02914,2025-07-10 12:27,C0886,P037,3,0.1,Livrée,PayPal
CMD02915,2025-07-10 12:37,C0584,P024,1,0.0,Livrée,PayPal
CMD02916,2025-07-10 12:38,C0136,P017,1,0.0,Retournée,Carte bancaire
CMD02917,2025-07-10 13:44,C1081,P033,5,0.1,Livrée,PayPal
CMD02918,2025-07-10 14:36,C0585,P004,2,0.2,Livrée,Carte bancaire
CMD02919,2025-07-10 14:54,C0421,P028,1,0.0,Livrée,Carte bancaire
CMD02920,2025-07-10 21:24,C1075,P014,3,0.0,Livrée,Carte bancaire
CMD02921,2025-07-10 21:52,C0385,P008,2,0.0,Livrée,PayPal
CMD02922,2025-07-11 00:16,C0953,P023,1,0.0,Livrée,Carte bancaire
CMD02923,2025-07-11 08:09,C0010,P021,1,0.0,Livrée,Carte bancaire
CMD02924,2025-07-11 10:08,C0115,P033,1,0.0,Retournée,Carte bancaire
CMD02925,2025-07-11 10:17,C1069,P006,2,0.0,Livrée,Carte bancaire
CMD02926,2025-07-11 11:40,C0117,P020,2,0.0,Livrée,Carte bancaire
CMD02927,2025-07-11 12:34,C0081,P021,1,0.1,Livrée,PayPal
CMD02928,2025-07-11 14:37,C0381,P038,1,0.0,Livrée,Carte bancaire
CMD02929,2025-07-11 15:53,C1151,P038,1,0.1,Livrée,Carte bancaire
CMD02930,2025-07-11 16:38,C0094,P003,2,0.0,Livrée,Carte bancaire
CMD02931,2025-07-11 17:27,C0918,P019,2,0.1,Livrée,Carte bancaire
CMD02932,2025-07-11 17:39,C0402,P034,2,0.1,Livrée,PayPal
CMD02933,2025-07-11 18:41,C0972,P017,2,0.0,Livrée,Paiement en 3x
CMD02934,2025-07-11 18:49,C0497,P006,3,0.0,Retournée,Carte bancaire
CMD02935,2025-07-11 20:10,C0275,P021,1,0.0,Livrée,Virement
CMD02936,2025-07-11 21:21,C0840,P022,1,0.0,Livrée,Carte bancaire
CMD02937,2025-07-11 22:19,C0275,P033,2,0.1,Livrée,Carte bancaire
CMD02938,2025-07-11 22:57,C0987,P027,2,0.0,Livrée,PayPal
CMD02939,2025-07-12 08:57,C0050,P019,1,0.0,Retournée,Carte bancaire
CMD02940,2025-07-12 10:31,C0275,P002,1,0.0,Livrée,PayPal
CMD02941,2025-07-12 11:48,C0855,P022,1,0.0,Livrée,Virement
CMD02942,2025-07-12 11:53,C0625,P023,1,0.0,Livrée,PayPal
CMD02943,2025-07-12 12:35,C0138,P015,3,0.0,Livrée,Carte bancaire
CMD02944,2025-07-12 12:56,C0213,P016,5,0.0,Livrée,Paiement en 3x
CMD02945,2025-07-12 13:34,C0418,P016,1,0.0,Livrée,Carte bancaire
CMD02946,2025-07-12 15:42,C1007,P038,2,0.0,Livrée,Carte bancaire
CMD02947,2025-07-12 16:24,C0430,P030,4,0.0,Retournée,Carte bancaire
CMD02948,2025-07-12 16:59,C0176,P007,1,0.0,Annulée,Carte bancaire
CMD02949,2025-07-12 17:51,C0050,P013,4,0.0,Livrée,Carte bancaire
CMD02950,2025-07-12 18:29,C1041,P021,1,0.0,Livrée,Carte bancaire
CMD02951,2025-07-12 18:38,C1185,P032,2,0.2,Livrée,Carte bancaire
CMD02952,2025-07-12 20:19,C1048,P016,1,0.0,Livrée,Virement
CMD02953,2025-07-12 21:06,C0213,P023,2,0.1,Livrée,Carte bancaire
CMD02954,2025-07-13 05:03,C0692,P012,1,0.1,Livrée,PayPal
CMD02955,2025-07-13 12:00,C0001,P026,1,0.1,Livrée,Carte bancaire
CMD02956,2025-07-13 12:04,C0046,P031,2,0.1,Livrée,Carte bancaire
CMD02957,2025-07-13 12:21,C0202,P001,1,0.0,Annulée,Paiement en 3x
CMD02958,2025-07-13 14:27,C0312,P027,2,0.1,Livrée,Carte bancaire
CMD02959,2025-07-13 15:24,C0099,P040,1,0.0,Livrée,Carte bancaire
CMD02960,2025-07-13 16:10,C1013,P024,4,0.0,Livrée,PayPal
CMD02961,2025-07-13 16:46,C0111,P024,3,0.0,Livrée,PayPal
CMD02962,2025-07-13 19:46,C1105,P015,2,0.2,Livrée,Carte bancaire
CMD02963,2025-07-13 21:43,C1005,P018,1,0.2,Livrée,Carte bancaire
CMD02964,2025-07-13 22:29,C1105,P020,2,0.0,Livrée,Carte bancaire
CMD02965,2025-07-13 22:58,C0319,P015,1,0.0,Livrée,PayPal
CMD02966,2025-07-14 07:06,C0154,P019,1,0.0,Livrée,Carte bancaire
CMD02967,2025-07-14 09:37,C0330,P035,1,0.1,Livrée,PayPal
CMD02968,2025-07-14 09:52,C0506,P005,2,0.0,Livrée,Paiement en 3x
CMD02969,2025-07-14 12:33,C0114,P007,1,0.0,Livrée,Paiement en 3x
CMD02970,2025-07-14 12:56,C0135,P011,2,0.0,Livrée,Carte bancaire
CMD02971,2025-07-14 13:02,C0602,P014,2,0.1,Livrée,Carte bancaire
CMD02972,2025-07-14 16:20,C0904,P003,1,0.1,Livrée,Paiement en 3x
CMD02973,2025-07-14 17:17,C0885,P003,1,0.0,Livrée,Paiement en 3x
CMD02974,2025-07-14 19:29,C0484,P016,2,0.0,Livrée,PayPal
CMD02975,2025-07-14 20:09,C1157,P018,1,0.1,Livrée,PayPal
CMD02976,2025-07-14 20:18,C0198,P002,1,0.1,Livrée,Carte bancaire
CMD02977,2025-07-14 20:26,C0037,P036,1,0.0,Livrée,Carte bancaire
CMD02978,2025-07-14 20:33,C0249,P026,1,0.0,Livrée,Carte bancaire
CMD02979,2025-07-14 20:35,C0994,P020,1,0.0,Retournée,Carte bancaire
CMD02980,2025-07-14 21:30,C0110,P017,5,0.0,Livrée,Carte bancaire
CMD02981,2025-07-14 21:44,C1000,P021,1,0.0,Retournée,Paiement en 3x
CMD02982,2025-07-14 22:20,C0343,P018,1,0.2,Livrée,Carte bancaire
CMD02983,2025-07-15 08:13,C0707,P019,1,0.0,Livrée,Carte bancaire
CMD02984,2025-07-15 09:45,C0276,P019,3,0.0,Livrée,Carte bancaire
CMD02985,2025-07-15 11:34,C0009,P018,2,0.0,Livrée,PayPal
CMD02986,2025-07-15 12:46,C0986,P021,1,0.2,Livrée,Carte bancaire
CMD02987,2025-07-15 14:09,C0775,P013,1,0.0,Livrée,Carte bancaire
CMD02988,2025-07-15 19:41,C0031,P010,1,0.0,Livrée,Carte bancaire
CMD02989,2025-07-15 21:46,C0272,P036,1,0.0,Livrée,Paiement en 3x
CMD02990,2025-07-15 22:26,C0254,P004,3,0.0,Livrée,Carte bancaire
CMD02991,2025-07-15 22:33,C0319,P025,2,0.2,Livrée,PayPal
CMD02992,2025-07-16 12:02,C0661,P002,1,0.0,Annulée,Carte bancaire
CMD02993,2025-07-16 12:25,C0428,P012,1,0.1,Livrée,PayPal
CMD02994,2025-07-16 12:33,C0858,P040,1,0.0,Livrée,Carte bancaire
CMD02995,2025-07-16 13:44,C0632,P019,1,0.0,Retournée,PayPal
CMD02996,2025-07-16 14:42,C0534,P012,4,0.0,Livrée,Carte bancaire
CMD02997,2025-07-16 16:27,C0681,P027,4,0.0,Retournée,Carte bancaire
CMD02998,2025-07-16 19:46,C1155,P015,2,0.0,Annulée,Carte bancaire
CMD02999,2025-07-16 20:42,C1162,P035,1,0.0,Livrée,Carte bancaire
CMD03000,2025-07-16 21:50,C0330,P030,1,0.0,Livrée,Carte bancaire
CMD03001,2025-07-16 22:50,C0036,P015,3,0.0,Annulée,PayPal
CMD03002,2025-07-17 06:50,C0143,P027,4,0.0,Livrée,PayPal
CMD03003,2025-07-17 11:21,C0217,P021,1,0.0,Livrée,Carte bancaire
CMD03004,2025-07-17 12:48,C0014,P010,1,0.0,Livrée,Carte bancaire
CMD03005,2025-07-17 13:48,C1074,P021,1,0.0,Livrée,Carte bancaire
CMD03006,2025-07-17 14:42,C1127,P010,1,0.0,Livrée,PayPal
CMD03007,2025-07-17 17:48,C0788,P011,1,0.2,Livrée,Carte bancaire
CMD03008,2025-07-17 18:06,C0357,P022,1,0.0,Livrée,Carte bancaire
CMD03009,2025-07-17 19:05,C0646,P021,4,0.0,Livrée,Carte bancaire
CMD03010,2025-07-17 20:04,C0044,P011,1,0.0,Livrée,Carte bancaire
CMD03011,2025-07-17 20:29,C0968,P020,1,0.0,Livrée,Carte bancaire
CMD03012,2025-07-17 20:39,C0325,P009,1,0.0,Livrée,PayPal
CMD03013,2025-07-17 21:23,C0050,P015,1,0.1,Livrée,Carte bancaire
CMD03014,2025-07-18 06:44,C0241,P013,1,0.0,Livrée,Carte bancaire
CMD03015,2025-07-18 07:17,C1093,P035,1,0.0,Retournée,PayPal
CMD03016,2025-07-18 08:09,C0301,P015,1,0.2,Livrée,PayPal
CMD03017,2025-07-18 08:33,C0454,P006,1,0.2,Livrée,Carte bancaire
CMD03018,2025-07-18 08:43,C1037,P039,2,0.0,Livrée,Carte bancaire
CMD03019,2025-07-18 12:18,C0254,P032,1,0.2,Livrée,Virement
CMD03020,2025-07-18 13:16,C0203,P019,4,0.0,Livrée,Carte bancaire
CMD03021,2025-07-18 16:50,C0335,P035,1,0.1,Livrée,Paiement en 3x
CMD03022,2025-07-18 17:49,C0065,P005,1,0.0,Livrée,PayPal
CMD03023,2025-07-18 19:37,C0507,P012,1,0.2,Livrée,PayPal
CMD03024,2025-07-18 20:12,C0938,P018,1,0.0,Livrée,Carte bancaire
CMD03025,2025-07-18 20:21,C0806,P018,2,0.0,Livrée,Carte bancaire
CMD03026,2025-07-18 21:45,C0962,P001,4,0.0,Livrée,Paiement en 3x
CMD03027,2025-07-18 22:38,C0374,P038,2,0.2,Livrée,Carte bancaire
CMD03028,2025-07-18 22:55,C0830,P034,1,0.0,Livrée,Carte bancaire
CMD03029,2025-07-18 22:56,C0044,P013,1,0.2,Livrée,Carte bancaire
CMD03030,2025-07-18 22:56,C1032,P040,1,0.0,Livrée,Carte bancaire
CMD03031,2025-07-19 08:04,C0603,P018,1,0.1,Livrée,Carte bancaire
CMD03032,2025-07-19 08:25,C1068,P010,2,0.0,Livrée,Carte bancaire
CMD03033,2025-07-19 08:49,C0430,P005,1,0.0,Livrée,Paiement en 3x
CMD03034,2025-07-19 08:51,C0633,P024,1,0.0,Livrée,PayPal
CMD03035,2025-07-19 10:28,C0379,P030,3,0.0,Livrée,Virement
CMD03036,2025-07-19 12:38,C0616,P020,1,0.0,Livrée,Carte bancaire
CMD03037,2025-07-19 14:55,C0191,P026,1,0.1,Livrée,Carte bancaire
CMD03038,2025-07-19 15:50,C0614,P023,1,0.0,Livrée,Carte bancaire
CMD03039,2025-07-19 17:52,C0278,P030,1,0.0,Livrée,Carte bancaire
CMD03040,2025-07-19 20:36,C0381,P030,1,0.1,Livrée,Carte bancaire
CMD03041,2025-07-20 00:04,C0968,P010,1,0.0,Annulée,PayPal
CMD03042,2025-07-20 01:24,C0221,P039,1,0.1,Livrée,Carte bancaire
CMD03043,2025-07-20 06:47,C1068,P026,1,0.0,Livrée,Carte bancaire
CMD03044,2025-07-20 10:22,C0833,P025,1,0.0,Livrée,Carte bancaire
CMD03045,2025-07-20 10:41,C0069,P017,1,0.1,Livrée,Paiement en 3x
CMD03046,2025-07-20 11:01,C0303,P024,1,0.0,Livrée,Carte bancaire
CMD03047,2025-07-20 11:38,C0859,P026,1,0.0,Livrée,PayPal
CMD03048,2025-07-20 13:41,C1196,P010,1,0.0,Livrée,PayPal
CMD03049,2025-07-20 13:49,C0942,P035,1,0.0,Livrée,Carte bancaire
CMD03050,2025-07-20 14:47,C0100,P025,4,0.0,Livrée,Carte bancaire
CMD03051,2025-07-20 16:57,C0573,P018,1,0.0,Livrée,PayPal
CMD03052,2025-07-20 17:32,C0395,P021,1,0.1,Livrée,Carte bancaire
CMD03053,2025-07-20 19:41,C0752,P019,1,0.1,Livrée,Carte bancaire
CMD03054,2025-07-20 20:43,C0684,P036,1,0.0,Livrée,Carte bancaire
CMD03055,2025-07-20 21:50,C0182,P005,1,0.0,Livrée,Carte bancaire
CMD03056,2025-07-20 22:52,C0816,P015,2,0.2,Annulée,PayPal
CMD03057,2025-07-21 08:45,C0050,P040,2,0.0,Livrée,Carte bancaire
CMD03058,2025-07-21 10:03,C0736,P016,2,0.0,Livrée,PayPal
CMD03059,2025-07-21 12:32,C0402,P026,1,0.0,Livrée,Carte bancaire
CMD03060,2025-07-21 12:42,C0600,P019,1,0.2,Livrée,Carte bancaire
CMD03061,2025-07-21 13:27,C0711,P020,1,0.0,Livrée,PayPal
CMD03062,2025-07-21 14:26,C0325,P018,4,0.0,Livrée,Carte bancaire
CMD03063,2025-07-21 15:57,C0584,P032,3,0.0,Livrée,Carte bancaire
CMD03064,2025-07-21 16:35,C0044,P031,1,0.1,Livrée,PayPal
CMD03065,2025-07-21 17:16,C0632,P038,3,0.0,Livrée,Carte bancaire
CMD03066,2025-07-21 20:10,C1008,P029,1,0.0,Livrée,Carte bancaire
CMD03067,2025-07-21 21:34,C0433,P019,2,0.0,Livrée,PayPal
CMD03068,2025-07-21 21:40,C1006,P030,1,0.2,Livrée,Carte bancaire
CMD03069,2025-07-21 23:19,C0422,P004,1,0.0,Livrée,Paiement en 3x
CMD03070,2025-07-22 09:41,C0554,P025,1,0.1,Retournée,Carte bancaire
CMD03071,2025-07-22 16:12,C0511,P021,1,0.0,Livrée,Carte bancaire
CMD03072,2025-07-22 17:19,C1000,P003,1,0.0,Livrée,PayPal
CMD03073,2025-07-22 17:32,C0527,P006,2,0.0,Livrée,Carte bancaire
CMD03074,2025-07-22 19:51,C0687,P026,3,0.0,Retournée,Virement
CMD03075,2025-07-22 19:53,C0632,P019,2,0.0,Livrée,PayPal
CMD03076,2025-07-22 19:57,C1112,P005,1,0.0,Livrée,PayPal
CMD03077,2025-07-22 20:55,C0690,P029,1,0.0,Livrée,PayPal
CMD03078,2025-07-22 21:24,C0953,P009,3,0.0,Livrée,Carte bancaire
CMD03079,2025-07-22 22:45,C0072,P009,5,0.0,Livrée,PayPal
CMD03080,2025-07-23 06:32,C1185,P032,2,0.0,Livrée,Carte bancaire
CMD03081,2025-07-23 06:36,C0117,P024,1,0.1,Livrée,Carte bancaire
CMD03082,2025-07-23 08:01,C0277,P018,2,0.1,Retournée,Carte bancaire
CMD03083,2025-07-23 11:04,C0633,P005,2,0.1,Annulée,Paiement en 3x
CMD03084,2025-07-23 12:49,C0980,P014,2,0.2,Livrée,Carte bancaire
CMD03085,2025-07-23 14:05,C0278,P025,1,0.1,Livrée,Paiement en 3x
CMD03086,2025-07-23 15:04,C1094,P020,1,0.0,Livrée,PayPal
CMD03087,2025-07-23 18:14,C0148,P010,3,0.0,Livrée,Paiement en 3x
CMD03088,2025-07-23 20:54,C0700,P003,1,0.0,Livrée,Paiement en 3x
CMD03089,2025-07-23 21:37,C0613,P001,3,0.0,Livrée,Carte bancaire
CMD03090,2025-07-23 21:38,C0072,P020,2,0.0,Livrée,Carte bancaire
CMD03091,2025-07-24 08:27,C0430,P009,2,0.2,Livrée,Carte bancaire
CMD03092,2025-07-24 09:32,C0484,P003,1,0.2,Livrée,Carte bancaire
CMD03093,2025-07-24 09:40,C0577,P002,2,0.0,Livrée,PayPal
CMD03094,2025-07-24 10:46,C1083,P037,2,0.0,Livrée,Carte bancaire
CMD03095,2025-07-24 11:07,C0806,P023,2,0.0,Livrée,Carte bancaire
CMD03096,2025-07-24 11:13,C0816,P027,1,0.2,Livrée,PayPal
CMD03097,2025-07-24 11:50,C0893,P018,1,0.0,Annulée,Paiement en 3x
CMD03098,2025-07-24 12:27,C0993,P037,1,0.0,Livrée,PayPal
CMD03099,2025-07-24 13:27,C0175,P007,1,0.0,Livrée,Carte bancaire
CMD03100,2025-07-24 17:12,C0719,P038,1,0.2,Livrée,PayPal
CMD03101,2025-07-24 17:25,C0554,P036,1,0.0,Retournée,PayPal
CMD03102,2025-07-24 17:29,C1075,P040,2,0.0,Livrée,Carte bancaire
CMD03103,2025-07-24 18:29,C0820,P015,2,0.0,Retournée,PayPal
CMD03104,2025-07-24 19:14,C0421,P022,1,0.0,Livrée,Paiement en 3x
CMD03105,2025-07-24 19:45,C0842,P039,2,0.1,Livrée,PayPal
CMD03106,2025-07-25 07:03,C1090,P021,3,0.0,Livrée,PayPal
CMD03107,2025-07-25 07:30,C0046,P026,1,0.0,Livrée,Carte bancaire
CMD03108,2025-07-25 09:00,C1123,P035,4,0.0,Livrée,Carte bancaire
CMD03109,2025-07-25 11:51,C0139,P019,1,0.1,Retournée,Carte bancaire
CMD03110,2025-07-25 12:14,C0011,P018,3,0.2,Livrée,PayPal
CMD03111,2025-07-25 12:37,C0993,P021,1,0.0,Retournée,Carte bancaire
CMD03112,2025-07-25 13:29,C0118,P037,2,0.0,Livrée,PayPal
CMD03113,2025-07-25 14:58,C0787,P034,3,0.0,Livrée,Carte bancaire
CMD03114,2025-07-25 15:05,C1102,P031,2,0.0,Livrée,Virement
CMD03115,2025-07-25 16:15,C0531,P031,2,0.1,Livrée,PayPal
CMD03116,2025-07-25 17:14,C0269,P015,2,0.0,Livrée,Carte bancaire
CMD03117,2025-07-25 19:51,C0879,P010,2,0.0,Livrée,PayPal
CMD03118,2025-07-25 20:00,C0254,P033,1,0.1,Livrée,Paiement en 3x
CMD03119,2025-07-25 21:46,C0294,P018,1,0.0,Livrée,Carte bancaire
CMD03120,2025-07-25 21:52,C0603,P017,1,0.2,Annulée,Carte bancaire
CMD03121,2025-07-26 11:24,C0032,P036,5,0.0,Livrée,PayPal
CMD03122,2025-07-26 11:34,C0434,P013,3,0.1,Livrée,Carte bancaire
CMD03123,2025-07-26 12:02,C0460,P004,1,0.0,Livrée,Paiement en 3x
CMD03124,2025-07-26 13:47,C0503,P016,1,0.0,Retournée,Paiement en 3x
CMD03125,2025-07-26 16:26,C0524,P027,1,0.1,Livrée,PayPal
CMD03126,2025-07-26 16:26,C0635,P018,1,0.0,Livrée,Virement
CMD03127,2025-07-26 19:03,C0107,P012,1,0.2,Livrée,Carte bancaire
CMD03128,2025-07-26 22:44,C0633,P023,4,0.1,Retournée,PayPal
CMD03129,2025-07-26 22:48,C1015,P021,1,0.1,Livrée,Carte bancaire
CMD03130,2025-07-27 05:03,C0269,P022,1,0.0,Livrée,PayPal
CMD03131,2025-07-27 06:30,C1165,P040,1,0.2,Livrée,Carte bancaire
CMD03132,2025-07-27 07:42,C0335,P038,3,0.0,Livrée,Paiement en 3x
CMD03133,2025-07-27 08:00,C0118,P002,1,0.1,Livrée,Carte bancaire
CMD03134,2025-07-27 09:26,C0885,P001,1,0.0,Livrée,Paiement en 3x
CMD03135,2025-07-27 10:15,C0786,P030,4,0.0,Annulée,PayPal
CMD03136,2025-07-27 11:04,C0402,P004,3,0.0,Livrée,Paiement en 3x
CMD03137,2025-07-27 11:31,C0712,P013,3,0.0,Livrée,PayPal
CMD03138,2025-07-27 12:00,C0328,P037,1,0.0,Livrée,Carte bancaire
CMD03139,2025-07-27 12:03,C0600,P016,1,0.0,Livrée,Virement
CMD03140,2025-07-27 12:25,C1105,P027,1,0.2,Livrée,Carte bancaire
CMD03141,2025-07-27 12:40,C0343,P028,2,0.0,Livrée,Carte bancaire
CMD03142,2025-07-27 13:42,C0118,P031,4,0.1,Livrée,Carte bancaire
CMD03143,2025-07-27 13:44,C0204,P026,3,0.0,Livrée,Carte bancaire
CMD03144,2025-07-27 18:33,C0431,P033,4,0.0,Livrée,PayPal
CMD03145,2025-07-27 21:43,C0254,P015,1,0.0,Livrée,Carte bancaire
CMD03146,2025-07-27 23:19,C0849,P035,1,0.0,Livrée,Carte bancaire
CMD03147,2025-07-28 10:55,C0347,P005,2,0.0,Livrée,Carte bancaire
CMD03148,2025-07-28 12:01,C0930,P027,3,0.0,Livrée,Carte bancaire
CMD03149,2025-07-28 12:47,C0716,P028,1,0.0,Livrée,Paiement en 3x
CMD03150,2025-07-28 13:33,C0479,P019,2,0.1,Livrée,Paiement en 3x
CMD03151,2025-07-28 14:23,C0919,P021,2,0.0,Livrée,Carte bancaire
CMD03152,2025-07-28 14:29,C0393,P020,2,0.0,Livrée,PayPal
CMD03153,2025-07-28 14:56,C0307,P027,1,0.0,Livrée,Carte bancaire
CMD03154,2025-07-28 15:56,C0929,P021,1,0.1,Retournée,Carte bancaire
CMD03155,2025-07-28 18:46,C1180,P012,2,0.0,Livrée,Carte bancaire
CMD03156,2025-07-28 19:38,C0191,P022,1,0.1,Livrée,Carte bancaire
CMD03157,2025-07-28 19:48,C0272,P007,2,0.0,Livrée,Paiement en 3x
CMD03158,2025-07-28 19:49,C0117,P004,2,0.0,Livrée,Paiement en 3x
CMD03159,2025-07-28 20:47,C0330,P013,2,0.1,Livrée,PayPal
CMD03160,2025-07-28 21:27,C0346,P025,2,0.0,Livrée,PayPal
CMD03161,2025-07-29 08:26,C0202,P012,2,0.1,Livrée,Paiement en 3x
CMD03162,2025-07-29 08:33,C0919,P020,2,0.1,Livrée,Carte bancaire
CMD03163,2025-07-29 10:49,C1112,P007,5,0.0,Livrée,Carte bancaire
CMD03164,2025-07-29 11:27,C0253,P016,4,0.0,Livrée,Carte bancaire
CMD03165,2025-07-29 11:59,C0016,P018,1,0.1,Livrée,PayPal
CMD03166,2025-07-29 12:58,C0001,P029,1,0.1,Livrée,PayPal
CMD03167,2025-07-29 13:05,C1123,P024,1,0.0,Livrée,Carte bancaire
CMD03168,2025-07-29 13:33,C0707,P033,5,0.1,Livrée,Carte bancaire
CMD03169,2025-07-29 14:01,C0929,P040,1,0.0,Livrée,PayPal
CMD03170,2025-07-29 14:32,C1031,P008,1,0.0,Livrée,Paiement en 3x
CMD03171,2025-07-29 15:22,C0070,P009,1,0.0,Livrée,Virement
CMD03172,2025-07-29 19:28,C0336,P015,1,0.2,Livrée,PayPal
CMD03173,2025-07-29 19:42,C0329,P005,1,0.0,Livrée,PayPal
CMD03174,2025-07-29 20:03,C0381,P036,2,0.1,Livrée,Virement
CMD03175,2025-07-29 20:31,C0978,P023,1,0.0,Retournée,Paiement en 3x
CMD03176,2025-07-29 20:44,C0962,P017,2,0.0,Livrée,PayPal
CMD03177,2025-07-29 22:42,C0586,P035,2,0.0,Livrée,Carte bancaire
CMD03178,2025-07-30 07:30,C0978,P015,2,0.1,Livrée,Carte bancaire
CMD03179,2025-07-30 10:01,C0468,P024,1,0.0,Livrée,Carte bancaire
CMD03180,2025-07-30 11:20,C1081,P019,2,0.2,Livrée,Paiement en 3x
CMD03181,2025-07-30 11:58,C1107,P004,1,0.1,Livrée,Paiement en 3x
CMD03182,2025-07-30 12:13,C0228,P025,1,0.0,Livrée,PayPal
CMD03183,2025-07-30 13:30,C0962,P004,2,0.0,Livrée,Paiement en 3x
CMD03184,2025-07-30 17:10,C0271,P011,1,0.0,Livrée,Carte bancaire
CMD03185,2025-07-30 21:13,C1081,P031,1,0.0,Livrée,Carte bancaire
CMD03186,2025-07-30 21:19,C0382,P037,1,0.0,Livrée,PayPal
CMD03187,2025-07-31 00:10,C1133,P035,1,0.0,Livrée,Carte bancaire
CMD03188,2025-07-31 09:48,C1145,P017,1,0.2,Livrée,Carte bancaire
CMD03189,2025-07-31 11:54,C0568,P028,2,0.0,Retournée,Paiement en 3x
CMD03190,2025-07-31 12:09,C0293,P008,3,0.0,Livrée,Carte bancaire
CMD03191,2025-07-31 12:33,C0938,P030,1,0.0,Livrée,Virement
CMD03192,2025-07-31 12:49,C0786,P023,1,0.0,Livrée,PayPal
CMD03193,2025-07-31 16:00,C0970,P015,1,0.0,Livrée,PayPal
CMD03194,2025-07-31 16:54,C0290,P008,1,0.1,Livrée,Carte bancaire
CMD03195,2025-07-31 17:15,C0401,P016,1,0.0,Annulée,Carte bancaire
CMD03196,2025-07-31 18:39,C1158,P025,1,0.0,Livrée,PayPal
CMD03197,2025-07-31 20:50,C0347,P019,1,0.0,Livrée,Carte bancaire
CMD03198,2025-07-31 22:09,C0816,P033,2,0.0,Livrée,Carte bancaire
CMD03199,2025-07-31 22:33,C0108,P002,1,0.0,Livrée,Paiement en 3x
CMD03200,2025-07-31 23:28,C0815,P017,1,0.2,Livrée,Virement
CMD03201,2025-08-01 03:57,C1192,P031,3,0.0,Livrée,Carte bancaire
CMD03202,2025-08-01 07:36,C0044,P012,1,0.0,Livrée,Carte bancaire
CMD03203,2025-08-01 14:47,C1178,P017,1,0.0,Livrée,PayPal
CMD03204,2025-08-01 16:49,C0426,P019,1,0.0,Livrée,Virement
CMD03205,2025-08-01 19:23,C1192,P017,2,0.1,Livrée,Carte bancaire
CMD03206,2025-08-02 01:33,C0016,P031,1,0.0,Livrée,Carte bancaire
CMD03207,2025-08-02 08:35,C0255,P021,1,0.0,Livrée,Carte bancaire
CMD03208,2025-08-02 11:48,C1062,P027,1,0.0,Livrée,PayPal
CMD03209,2025-08-02 12:19,C0898,P038,1,0.0,Livrée,Carte bancaire
CMD03210,2025-08-02 12:28,C1109,P026,1,0.0,Livrée,Carte bancaire
CMD03211,2025-08-02 16:34,C0427,P017,1,0.0,Livrée,PayPal
CMD03212,2025-08-02 18:00,C0698,P027,1,0.0,Livrée,Carte bancaire
CMD03213,2025-08-02 18:08,C0938,P024,1,0.1,Annulée,Paiement en 3x
CMD03214,2025-08-02 18:33,C0876,P012,1,0.0,Livrée,PayPal
CMD03215,2025-08-02 18:48,C0335,P023,4,0.0,Annulée,PayPal
CMD03216,2025-08-02 19:28,C0922,P012,1,0.0,Livrée,PayPal
CMD03217,2025-08-02 23:42,C0644,P012,1,0.1,Livrée,PayPal
CMD03218,2025-08-03 07:08,C0079,P032,2,0.0,Livrée,PayPal
CMD03219,2025-08-03 07:16,C1200,P028,1,0.0,Livrée,PayPal
CMD03220,2025-08-03 09:16,C0938,P036,1,0.0,Livrée,Virement
CMD03221,2025-08-03 09:28,C0380,P007,1,0.0,Livrée,Paiement en 3x
CMD03222,2025-08-03 11:50,C0330,P018,1,0.0,Livrée,Carte bancaire
CMD03223,2025-08-03 16:06,C0118,P024,1,0.0,Livrée,PayPal
CMD03224,2025-08-03 16:33,C0201,P032,1,0.0,Livrée,PayPal
CMD03225,2025-08-03 19:17,C0820,P011,1,0.0,Livrée,Paiement en 3x
CMD03226,2025-08-03 19:55,C1015,P008,1,0.0,Livrée,Paiement en 3x
CMD03227,2025-08-03 20:27,C0962,P020,1,0.0,Annulée,Carte bancaire
CMD03228,2025-08-03 20:41,C0755,P020,1,0.1,Livrée,Carte bancaire
CMD03229,2025-08-03 21:47,C0562,P007,1,0.0,Livrée,Paiement en 3x
CMD03230,2025-08-04 02:53,C0191,P036,2,0.0,Livrée,Carte bancaire
CMD03231,2025-08-04 09:26,C0981,P040,3,0.0,Livrée,PayPal
CMD03232,2025-08-04 11:54,C0851,P029,1,0.0,Livrée,Carte bancaire
CMD03233,2025-08-04 12:03,C0673,P036,5,0.0,Livrée,Carte bancaire
CMD03234,2025-08-04 13:59,C0353,P019,4,0.0,Annulée,Carte bancaire
CMD03235,2025-08-04 14:17,C1163,P026,1,0.0,Livrée,Carte bancaire
CMD03236,2025-08-04 16:23,C0419,P027,1,0.1,Livrée,Carte bancaire
CMD03237,2025-08-04 16:29,C0756,P011,1,0.0,Livrée,Carte bancaire
CMD03238,2025-08-04 17:34,C1089,P031,4,0.0,Livrée,Carte bancaire
CMD03239,2025-08-04 18:24,C0160,P028,5,0.0,Retournée,Carte bancaire
CMD03240,2025-08-04 19:04,C0859,P008,1,0.0,Annulée,Paiement en 3x
CMD03241,2025-08-04 19:11,C0124,P040,1,0.0,Livrée,Carte bancaire
CMD03242,2025-08-04 20:14,C1085,P039,1,0.0,Livrée,Carte bancaire
CMD03243,2025-08-04 21:02,C0046,P033,3,0.0,Livrée,Carte bancaire
CMD03244,2025-08-04 21:03,C0947,P017,1,0.0,Livrée,Carte bancaire
CMD03245,2025-08-04 22:02,C0999,P024,3,0.0,Livrée,PayPal
CMD03246,2025-08-05 10:36,C0118,P030,1,0.0,Livrée,Carte bancaire
CMD03247,2025-08-05 13:47,C0411,P035,4,0.0,Livrée,Carte bancaire
CMD03248,2025-08-05 13:54,C1167,P027,1,0.0,Livrée,Carte bancaire
CMD03249,2025-08-05 17:04,C1054,P016,1,0.0,Livrée,Carte bancaire
CMD03250,2025-08-05 17:14,C0330,P003,1,0.0,Annulée,Carte bancaire
CMD03251,2025-08-05 17:19,C1092,P039,2,0.0,Livrée,Carte bancaire
CMD03252,2025-08-05 19:00,C0756,P021,1,0.2,Livrée,PayPal
CMD03253,2025-08-05 20:32,C0814,P023,5,0.0,Livrée,Carte bancaire
CMD03254,2025-08-05 21:26,C0330,P024,3,0.1,Livrée,Carte bancaire
CMD03255,2025-08-06 13:25,C0319,P018,1,0.0,Livrée,Paiement en 3x
CMD03256,2025-08-06 14:53,C1083,P010,2,0.0,Livrée,Carte bancaire
CMD03257,2025-08-06 18:26,C0708,P019,1,0.0,Retournée,Carte bancaire
CMD03258,2025-08-06 18:53,C0308,P023,1,0.1,Livrée,Carte bancaire
CMD03259,2025-08-06 21:03,C1054,P005,1,0.2,Livrée,PayPal
CMD03260,2025-08-07 16:58,C0621,P023,1,0.0,Livrée,Carte bancaire
CMD03261,2025-08-07 19:14,C0338,P007,2,0.1,Livrée,Virement
CMD03262,2025-08-07 19:42,C0886,P008,1,0.0,Livrée,Carte bancaire
CMD03263,2025-08-07 19:51,C0750,P038,2,0.0,Livrée,Carte bancaire
CMD03264,2025-08-07 20:02,C0044,P030,1,0.0,Livrée,PayPal
CMD03265,2025-08-07 20:51,C0044,P024,1,0.1,Livrée,Carte bancaire
CMD03266,2025-08-07 21:10,C1008,P005,1,0.2,Livrée,Carte bancaire
CMD03267,2025-08-07 21:21,C0786,P017,4,0.0,Retournée,Carte bancaire
CMD03268,2025-08-07 21:44,C0277,P004,1,0.0,Livrée,Carte bancaire
CMD03269,2025-08-07 21:48,C0816,P035,1,0.0,Livrée,Carte bancaire
CMD03270,2025-08-07 21:49,C1133,P019,1,0.0,Livrée,Carte bancaire
CMD03271,2025-08-07 22:13,C0816,P027,1,0.2,Livrée,Carte bancaire
CMD03272,2025-08-08 08:21,C0185,P027,1,0.0,Livrée,Carte bancaire
CMD03273,2025-08-08 08:49,C1114,P027,2,0.0,Annulée,Paiement en 3x
CMD03274,2025-08-08 11:50,C0417,P016,1,0.0,Retournée,Carte bancaire
CMD03275,2025-08-08 13:36,C0970,P016,1,0.0,Livrée,Carte bancaire
CMD03276,2025-08-08 16:04,C0796,P025,1,0.0,Livrée,PayPal
CMD03277,2025-08-08 16:22,C1074,P022,1,0.0,Livrée,PayPal
CMD03278,2025-08-08 19:39,C0309,P015,1,0.0,Livrée,Carte bancaire
CMD03279,2025-08-08 19:56,C0526,P026,2,0.0,Livrée,Carte bancaire
CMD03280,2025-08-08 20:14,C0430,P040,2,0.1,Livrée,Carte bancaire
CMD03281,2025-08-08 21:10,C0804,P024,1,0.0,Livrée,Carte bancaire
CMD03282,2025-08-08 21:26,C1038,P020,1,0.0,Retournée,Carte bancaire
CMD03283,2025-08-08 23:29,C0007,P009,1,0.0,Livrée,Paiement en 3x
CMD03284,2025-08-09 01:02,C1081,P023,1,0.0,Livrée,Paiement en 3x
CMD03285,2025-08-09 07:57,C0016,P009,2,0.0,Livrée,Carte bancaire
CMD03286,2025-08-09 10:06,C0381,P022,4,0.1,Livrée,PayPal
CMD03287,2025-08-09 12:09,C0731,P014,2,0.1,Livrée,PayPal
CMD03288,2025-08-09 12:17,C0962,P030,1,0.0,Livrée,Carte bancaire
CMD03289,2025-08-09 12:22,C1160,P027,1,0.0,Livrée,Carte bancaire
CMD03290,2025-08-09 12:40,C0597,P039,5,0.0,Livrée,Paiement en 3x
CMD03291,2025-08-09 13:25,C0213,P037,1,0.0,Livrée,PayPal
CMD03292,2025-08-09 15:03,C0661,P027,1,0.0,Livrée,Carte bancaire
CMD03293,2025-08-09 16:12,C0062,P014,1,0.0,Livrée,Carte bancaire
CMD03294,2025-08-09 16:51,C0549,P018,1,0.0,Livrée,PayPal
CMD03295,2025-08-09 17:40,C0046,P038,2,0.0,Livrée,PayPal
CMD03296,2025-08-09 18:39,C0885,P026,1,0.0,Livrée,PayPal
CMD03297,2025-08-09 20:35,C0044,P005,1,0.0,Livrée,Paiement en 3x
CMD03298,2025-08-09 21:43,C0135,P009,1,0.1,Livrée,Carte bancaire
CMD03299,2025-08-10 05:24,C0187,P015,1,0.0,Livrée,Carte bancaire
CMD03300,2025-08-10 07:26,C0408,P020,1,0.1,Livrée,PayPal
CMD03301,2025-08-10 07:48,C0908,P012,4,0.2,Livrée,Carte bancaire
CMD03302,2025-08-10 08:38,C0385,P026,3,0.0,Livrée,Carte bancaire
CMD03303,2025-08-10 08:39,C0978,P026,1,0.0,Livrée,PayPal
CMD03304,2025-08-10 09:58,C0551,P008,2,0.0,Livrée,Carte bancaire
CMD03305,2025-08-10 10:14,C0131,P038,1,0.0,Livrée,Carte bancaire
CMD03306,2025-08-10 10:43,C0888,P027,1,0.2,Livrée,Carte bancaire
CMD03307,2025-08-10 12:32,C0844,P016,1,0.0,Livrée,Virement
CMD03308,2025-08-10 12:50,C1105,P030,2,0.1,Livrée,Carte bancaire
CMD03309,2025-08-10 13:04,C0070,P014,1,0.0,Livrée,Paiement en 3x
CMD03310,2025-08-10 14:08,C0664,P003,1,0.2,Livrée,Carte bancaire
CMD03311,2025-08-10 16:35,C0891,P031,1,0.0,Livrée,PayPal
CMD03312,2025-08-10 19:51,C0228,P008,1,0.0,Livrée,Carte bancaire
CMD03313,2025-08-10 20:22,C1041,P008,1,0.2,Livrée,Carte bancaire
CMD03314,2025-08-10 20:40,C0382,P007,1,0.0,Livrée,Virement
CMD03315,2025-08-10 21:00,C0632,P019,4,0.1,Livrée,PayPal
CMD03316,2025-08-10 21:34,C0827,P034,1,0.0,Livrée,Carte bancaire
CMD03317,2025-08-10 21:56,C1161,P001,1,0.0,Annulée,Carte bancaire
CMD03318,2025-08-10 22:53,C0445,P007,2,0.0,Livrée,Paiement en 3x
CMD03319,2025-08-11 00:37,C1162,P003,1,0.2,Livrée,Paiement en 3x
CMD03320,2025-08-11 09:50,C0200,P021,1,0.0,Livrée,Carte bancaire
CMD03321,2025-08-11 09:59,C0766,P014,4,0.0,Livrée,Carte bancaire
CMD03322,2025-08-11 10:26,C0830,P024,1,0.0,Livrée,PayPal
CMD03323,2025-08-11 13:08,C0114,P019,1,0.0,Livrée,Carte bancaire
CMD03324,2025-08-11 16:15,C0495,P027,1,0.0,Livrée,Carte bancaire
CMD03325,2025-08-11 17:00,C0335,P017,2,0.0,Livrée,Carte bancaire
CMD03326,2025-08-11 17:49,C0384,P016,1,0.0,Annulée,Carte bancaire
CMD03327,2025-08-11 18:02,C0072,P015,1,0.1,Livrée,Carte bancaire
CMD03328,2025-08-11 20:00,C0716,P001,2,0.0,Livrée,Carte bancaire
CMD03329,2025-08-11 22:55,C0798,P034,2,0.0,Livrée,Carte bancaire
CMD03330,2025-08-12 11:07,C0168,P007,1,0.1,Livrée,Paiement en 3x
CMD03331,2025-08-12 14:03,C1162,P037,1,0.0,Livrée,Carte bancaire
CMD03332,2025-08-12 14:25,C0254,P030,1,0.0,Livrée,Carte bancaire
CMD03333,2025-08-12 16:30,C0202,P036,2,0.1,Livrée,Carte bancaire
CMD03334,2025-08-12 18:16,C0040,P020,1,0.0,Livrée,Carte bancaire
CMD03335,2025-08-12 19:39,C0931,P022,1,0.0,Livrée,Carte bancaire
CMD03336,2025-08-12 20:19,C0114,P021,2,0.0,Livrée,PayPal
CMD03337,2025-08-12 21:00,C0107,P013,1,0.0,Livrée,PayPal
CMD03338,2025-08-12 22:38,C0381,P024,1,0.1,Livrée,Carte bancaire
CMD03339,2025-08-13 10:18,C0434,P022,1,0.0,Livrée,Paiement en 3x
CMD03340,2025-08-13 11:29,C0792,P017,4,0.1,Livrée,Paiement en 3x
CMD03341,2025-08-13 11:55,C0618,P005,2,0.2,Livrée,Paiement en 3x
CMD03342,2025-08-13 12:23,C1079,P014,1,0.0,Livrée,Carte bancaire
CMD03343,2025-08-13 16:35,C0186,P006,2,0.0,Livrée,Carte bancaire
CMD03344,2025-08-13 18:59,C1103,P017,3,0.0,Retournée,Carte bancaire
CMD03345,2025-08-13 20:33,C0834,P021,1,0.1,Livrée,PayPal
CMD03346,2025-08-13 21:31,C0168,P017,1,0.0,Livrée,Paiement en 3x
CMD03347,2025-08-14 08:01,C0069,P033,4,0.2,Livrée,Carte bancaire
CMD03348,2025-08-14 16:17,C1086,P028,4,0.0,Livrée,Carte bancaire
CMD03349,2025-08-14 20:03,C0422,P002,2,0.1,Livrée,PayPal
CMD03350,2025-08-14 21:17,C0036,P022,1,0.1,Livrée,Carte bancaire
CMD03351,2025-08-14 22:18,C0454,P012,1,0.1,Livrée,Carte bancaire
CMD03352,2025-08-15 07:06,C0409,P013,1,0.2,Livrée,Carte bancaire
CMD03353,2025-08-15 12:09,C0697,P024,1,0.0,Livrée,PayPal
CMD03354,2025-08-15 13:10,C0046,P040,1,0.1,Livrée,Carte bancaire
CMD03355,2025-08-15 13:28,C0450,P004,1,0.0,Livrée,Carte bancaire
CMD03356,2025-08-15 18:10,C0222,P014,1,0.0,Livrée,Paiement en 3x
CMD03357,2025-08-15 19:20,C1142,P020,1,0.0,Livrée,Carte bancaire
CMD03358,2025-08-15 20:19,C0451,P024,1,0.0,Annulée,Carte bancaire
CMD03359,2025-08-16 07:50,C0830,P014,2,0.0,Livrée,Carte bancaire
CMD03360,2025-08-16 09:02,C0666,P011,2,0.0,Livrée,Virement
CMD03361,2025-08-16 09:23,C0373,P023,1,0.1,Livrée,PayPal
CMD03362,2025-08-16 10:54,C0434,P003,1,0.1,Livrée,Paiement en 3x
CMD03363,2025-08-16 13:23,C0484,P004,1,0.1,Livrée,Carte bancaire
CMD03364,2025-08-16 16:18,C0672,P021,4,0.0,Livrée,Carte bancaire
CMD03365,2025-08-16 16:38,C1128,P038,4,0.1,Livrée,Carte bancaire
CMD03366,2025-08-16 18:30,C0468,P011,1,0.0,Livrée,PayPal
CMD03367,2025-08-16 19:01,C0098,P008,1,0.1,Livrée,Carte bancaire
CMD03368,2025-08-16 19:07,C0214,P037,1,0.0,Livrée,Carte bancaire
CMD03369,2025-08-16 19:55,C0261,P011,1,0.0,Livrée,Carte bancaire
CMD03370,2025-08-16 20:00,C0384,P020,1,0.0,Livrée,Carte bancaire
CMD03371,2025-08-16 20:05,C0148,P039,4,0.2,Livrée,Carte bancaire
CMD03372,2025-08-16 20:31,C0491,P025,1,0.0,Livrée,Carte bancaire
CMD03373,2025-08-16 21:52,C0894,P032,1,0.0,Livrée,Carte bancaire
CMD03374,2025-08-16 23:56,C1011,P021,1,0.0,Livrée,Paiement en 3x
CMD03375,2025-08-17 09:18,C0433,P009,1,0.0,Livrée,Virement
CMD03376,2025-08-17 11:04,C0929,P010,1,0.0,Livrée,Carte bancaire
CMD03377,2025-08-17 11:37,C0454,P009,2,0.0,Livrée,Carte bancaire
CMD03378,2025-08-17 13:05,C1000,P027,1,0.0,Livrée,PayPal
CMD03379,2025-08-17 14:03,C0915,P007,1,0.0,Livrée,PayPal
CMD03380,2025-08-17 14:53,C0335,P036,3,0.0,Livrée,Carte bancaire
CMD03381,2025-08-17 16:26,C0418,P020,1,0.0,Livrée,Paiement en 3x
CMD03382,2025-08-17 20:43,C0428,P023,3,0.0,Livrée,PayPal
CMD03383,2025-08-17 21:44,C0199,P014,1,0.0,Livrée,PayPal
CMD03384,2025-08-18 08:05,C0804,P013,1,0.0,Livrée,PayPal
CMD03385,2025-08-18 09:47,C0993,P039,2,0.0,Livrée,Paiement en 3x
CMD03386,2025-08-18 09:56,C0757,P037,1,0.0,Retournée,Carte bancaire
CMD03387,2025-08-18 12:58,C0044,P032,1,0.0,Livrée,PayPal
CMD03388,2025-08-18 20:34,C0278,P031,2,0.0,Livrée,Carte bancaire
CMD03389,2025-08-18 20:44,C0107,P024,2,0.0,Livrée,Carte bancaire
CMD03390,2025-08-18 20:57,C1196,P035,1,0.0,Retournée,Carte bancaire
CMD03391,2025-08-18 21:54,C0265,P021,5,0.0,Livrée,Carte bancaire
CMD03392,2025-08-19 12:04,C1013,P021,1,0.0,Livrée,Carte bancaire
CMD03393,2025-08-19 13:21,C0202,P017,1,0.0,Livrée,Carte bancaire
CMD03394,2025-08-19 13:35,C0731,P002,1,0.0,Livrée,Paiement en 3x
CMD03395,2025-08-19 19:07,C1149,P039,1,0.1,Livrée,Paiement en 3x
CMD03396,2025-08-19 19:15,C0059,P027,1,0.0,Livrée,PayPal
CMD03397,2025-08-19 19:53,C0962,P027,2,0.0,Livrée,PayPal
CMD03398,2025-08-19 23:51,C0050,P023,1,0.0,Livrée,PayPal
CMD03399,2025-08-20 08:09,C1196,P035,1,0.0,Livrée,PayPal
CMD03400,2025-08-20 09:41,C0418,P039,1,0.0,Livrée,Carte bancaire
CMD03401,2025-08-20 10:15,C0036,P032,2,0.0,Livrée,Carte bancaire
CMD03402,2025-08-20 11:50,C0094,P025,1,0.0,Livrée,PayPal
CMD03403,2025-08-20 12:29,C0189,P006,1,0.0,Livrée,Paiement en 3x
CMD03404,2025-08-20 18:13,C0194,P019,1,0.1,Livrée,PayPal
CMD03405,2025-08-20 18:15,C1196,P019,1,0.0,Livrée,Carte bancaire
CMD03406,2025-08-20 18:38,C0319,P027,1,0.1,Livrée,Carte bancaire
CMD03407,2025-08-20 19:13,C0883,P036,2,0.0,Livrée,Carte bancaire
CMD03408,2025-08-20 19:14,C0214,P035,1,0.1,Livrée,Carte bancaire
CMD03409,2025-08-20 21:01,C0817,P030,3,0.0,Livrée,PayPal
CMD03410,2025-08-20 21:29,C0992,P005,1,0.0,Livrée,PayPal
CMD03411,2025-08-20 21:38,C0339,P015,1,0.0,Livrée,PayPal
CMD03412,2025-08-20 22:24,C0736,P017,3,0.0,Livrée,PayPal
CMD03413,2025-08-21 00:51,C0044,P001,2,0.0,Livrée,Carte bancaire
CMD03414,2025-08-21 09:00,C0382,P035,1,0.0,Livrée,Carte bancaire
CMD03415,2025-08-21 09:18,C0303,P021,3,0.0,Livrée,Carte bancaire
CMD03416,2025-08-21 10:01,C0146,P033,1,0.0,Livrée,Carte bancaire
CMD03417,2025-08-21 11:55,C0952,P025,2,0.0,Livrée,Paiement en 3x
CMD03418,2025-08-21 12:47,C0312,P037,1,0.0,Livrée,Carte bancaire
CMD03419,2025-08-21 15:21,C0115,P015,3,0.0,Livrée,Carte bancaire
CMD03420,2025-08-21 21:25,C0280,P029,1,0.0,Livrée,Carte bancaire
CMD03421,2025-08-21 22:30,C0323,P039,2,0.1,Livrée,Carte bancaire
CMD03422,2025-08-21 23:12,C0995,P033,2,0.1,Livrée,PayPal
CMD03423,2025-08-22 00:07,C0408,P023,1,0.0,Livrée,Carte bancaire
CMD03424,2025-08-22 09:54,C0587,P037,2,0.0,Livrée,Paiement en 3x
CMD03425,2025-08-22 10:39,C0107,P010,2,0.0,Livrée,PayPal
CMD03426,2025-08-22 10:42,C0825,P039,1,0.0,Livrée,PayPal
CMD03427,2025-08-22 11:40,C0959,P018,1,0.1,Livrée,PayPal
CMD03428,2025-08-22 12:01,C0853,P018,1,0.0,Livrée,Carte bancaire
CMD03429,2025-08-22 13:23,C0576,P017,1,0.0,Livrée,PayPal
CMD03430,2025-08-22 13:27,C0988,P025,1,0.0,Livrée,Paiement en 3x
CMD03431,2025-08-22 15:04,C0277,P016,2,0.0,Retournée,Carte bancaire
CMD03432,2025-08-22 19:29,C0369,P011,4,0.0,Livrée,Carte bancaire
CMD03433,2025-08-22 20:13,C0381,P015,1,0.0,Livrée,Carte bancaire
CMD03434,2025-08-22 21:00,C0562,P019,2,0.0,Livrée,Carte bancaire
CMD03435,2025-08-22 21:37,C0598,P028,1,0.1,Livrée,Paiement en 3x
CMD03436,2025-08-22 22:07,C1165,P020,4,0.0,Livrée,Carte bancaire
CMD03437,2025-08-22 22:49,C0813,P019,3,0.0,Livrée,Carte bancaire
CMD03438,2025-08-23 08:09,C0460,P007,2,0.0,Livrée,Carte bancaire
CMD03439,2025-08-23 12:32,C0566,P037,2,0.0,Livrée,PayPal
CMD03440,2025-08-23 12:36,C0129,P031,1,0.0,Livrée,Carte bancaire
CMD03441,2025-08-23 14:20,C0700,P025,1,0.0,Livrée,Carte bancaire
CMD03442,2025-08-23 18:58,C1083,P018,1,0.0,Livrée,Carte bancaire
CMD03443,2025-08-23 19:04,C0046,P026,1,0.1,Livrée,Carte bancaire
CMD03444,2025-08-23 19:13,C0918,P017,4,0.0,Livrée,Carte bancaire
CMD03445,2025-08-23 19:34,C0194,P024,2,0.0,Livrée,Carte bancaire
CMD03446,2025-08-23 20:52,C0168,P014,2,0.0,Livrée,Carte bancaire
CMD03447,2025-08-23 21:59,C0335,P019,1,0.2,Livrée,PayPal
CMD03448,2025-08-24 00:54,C0168,P005,1,0.2,Livrée,Carte bancaire
CMD03449,2025-08-24 10:44,C1177,P027,2,0.0,Livrée,PayPal
CMD03450,2025-08-24 12:09,C0962,P029,1,0.0,Livrée,Carte bancaire
CMD03451,2025-08-24 12:30,C0673,P032,2,0.1,Livrée,Carte bancaire
CMD03452,2025-08-24 12:44,C0094,P038,2,0.0,Livrée,PayPal
CMD03453,2025-08-24 17:34,C0078,P005,2,0.1,Livrée,Carte bancaire
CMD03454,2025-08-24 18:32,C0294,P022,1,0.0,Livrée,Carte bancaire
CMD03455,2025-08-24 19:25,C0037,P037,1,0.0,Livrée,Paiement en 3x
CMD03456,2025-08-24 21:14,C0446,P010,2,0.0,Livrée,Paiement en 3x
CMD03457,2025-08-24 21:42,C0292,P015,1,0.0,Livrée,Carte bancaire
CMD03458,2025-08-24 22:12,C0008,P025,1,0.0,Livrée,PayPal
CMD03459,2025-08-24 23:12,C0109,P017,2,0.0,Livrée,Carte bancaire
CMD03460,2025-08-24 23:26,C0527,P013,1,0.0,Livrée,Virement
CMD03461,2025-08-25 03:14,C0203,P025,1,0.0,Livrée,Carte bancaire
CMD03462,2025-08-25 07:44,C0938,P007,1,0.0,Livrée,Paiement en 3x
CMD03463,2025-08-25 08:46,C0198,P020,3,0.0,Livrée,PayPal
CMD03464,2025-08-25 09:51,C1163,P027,1,0.0,Livrée,Carte bancaire
CMD03465,2025-08-25 12:15,C0077,P034,1,0.0,Livrée,Carte bancaire
CMD03466,2025-08-25 12:52,C0430,P021,4,0.0,Livrée,PayPal
CMD03467,2025-08-25 14:51,C1163,P029,1,0.0,Livrée,Paiement en 3x
CMD03468,2025-08-25 16:15,C0879,P038,2,0.0,Livrée,Carte bancaire
CMD03469,2025-08-25 21:01,C0667,P029,3,0.0,Livrée,Carte bancaire
CMD03470,2025-08-25 22:15,C0204,P031,2,0.0,Livrée,PayPal
CMD03471,2025-08-26 08:13,C0816,P016,1,0.0,Livrée,Carte bancaire
CMD03472,2025-08-26 08:26,C1186,P017,1,0.0,Retournée,Carte bancaire
CMD03473,2025-08-26 10:09,C0384,P015,3,0.1,Livrée,PayPal
CMD03474,2025-08-26 10:24,C0135,P026,1,0.0,Livrée,Carte bancaire
CMD03475,2025-08-26 11:31,C0069,P006,2,0.0,Livrée,Carte bancaire
CMD03476,2025-08-26 12:36,C0305,P004,1,0.0,Livrée,Carte bancaire
CMD03477,2025-08-26 12:54,C0203,P001,1,0.0,Livrée,Carte bancaire
CMD03478,2025-08-26 14:47,C0962,P025,1,0.0,Livrée,Carte bancaire
CMD03479,2025-08-26 18:34,C0240,P031,2,0.0,Livrée,Carte bancaire
CMD03480,2025-08-26 18:51,C0761,P005,1,0.0,Livrée,Carte bancaire
CMD03481,2025-08-26 19:00,C1021,P019,1,0.0,Livrée,PayPal
CMD03482,2025-08-27 09:33,C0492,P026,1,0.1,Livrée,Carte bancaire
CMD03483,2025-08-27 11:39,C0439,P029,1,0.0,Livrée,PayPal
CMD03484,2025-08-27 14:23,C0335,P033,1,0.0,Livrée,Carte bancaire
CMD03485,2025-08-27 14:29,C1007,P007,1,0.1,Livrée,Paiement en 3x
CMD03486,2025-08-27 16:21,C0999,P013,2,0.2,Livrée,Carte bancaire
CMD03487,2025-08-27 18:09,C0385,P016,1,0.0,Livrée,Carte bancaire
CMD03488,2025-08-27 19:06,C0757,P024,1,0.0,Livrée,Carte bancaire
CMD03489,2025-08-27 21:34,C0057,P021,3,0.0,Livrée,Carte bancaire
CMD03490,2025-08-28 07:46,C0047,P018,3,0.0,Livrée,Paiement en 3x
CMD03491,2025-08-28 09:37,C0856,P036,2,0.0,Livrée,Virement
CMD03492,2025-08-28 11:02,C0218,P020,3,0.0,Livrée,Virement
CMD03493,2025-08-28 12:57,C0402,P024,2,0.1,Retournée,Virement
CMD03494,2025-08-28 13:08,C1074,P011,1,0.1,Livrée,Carte bancaire
CMD03495,2025-08-28 14:03,C0900,P030,1,0.0,Livrée,Carte bancaire
CMD03496,2025-08-28 16:37,C0761,P037,1,0.0,Livrée,Virement
CMD03497,2025-08-28 19:39,C0115,P018,3,0.0,Livrée,Paiement en 3x
CMD03498,2025-08-28 20:09,C0894,P016,2,0.0,Livrée,Carte bancaire
CMD03499,2025-08-29 09:56,C0265,P039,3,0.0,Livrée,PayPal
CMD03500,2025-08-29 12:25,C0829,P016,1,0.0,Retournée,Carte bancaire
CMD03501,2025-08-29 16:06,C0604,P024,2,0.0,Livrée,Carte bancaire
CMD03502,2025-08-29 18:03,C1185,P031,1,0.0,Annulée,Virement
CMD03503,2025-08-29 18:19,C0492,P020,1,0.0,Livrée,PayPal
CMD03504,2025-08-30 13:07,C1121,P008,1,0.0,Livrée,Carte bancaire
CMD03505,2025-08-30 15:02,C0571,P012,1,0.0,Livrée,Carte bancaire
CMD03506,2025-08-30 17:22,C0454,P023,1,0.0,Livrée,Virement
CMD03507,2025-08-30 19:41,C0385,P017,1,0.0,Livrée,Paiement en 3x
CMD03508,2025-08-30 21:47,C1140,P037,1,0.0,Livrée,PayPal
CMD03509,2025-08-30 21:48,C1146,P001,1,0.0,Livrée,Paiement en 3x
CMD03510,2025-08-30 21:50,C0030,P005,2,0.0,Livrée,Paiement en 3x
CMD03511,2025-08-30 22:20,C1092,P012,2,0.1,Retournée,Paiement en 3x
CMD03512,2025-08-31 00:46,C0073,P030,1,0.0,Livrée,PayPal
CMD03513,2025-08-31 01:10,C0676,P038,1,0.1,Livrée,Carte bancaire
CMD03514,2025-08-31 07:56,C0213,P012,1,0.1,Livrée,Carte bancaire
CMD03515,2025-08-31 10:22,C0983,P031,1,0.1,Livrée,Virement
CMD03516,2025-08-31 17:23,C0525,P034,1,0.0,Livrée,Carte bancaire
CMD03517,2025-08-31 18:05,C0736,P008,1,0.0,Annulée,Carte bancaire
CMD03518,2025-08-31 20:07,C0670,P024,1,0.2,Livrée,Carte bancaire
CMD03519,2025-08-31 20:32,C0285,P036,4,0.0,Livrée,Paiement en 3x
CMD03520,2025-08-31 21:34,C0224,P027,1,0.0,Livrée,Carte bancaire
CMD03521,2025-08-31 22:39,C0044,P025,1,0.1,Livrée,Virement
CMD03522,2025-09-01 07:21,C0953,P033,1,0.0,Livrée,Carte bancaire
CMD03523,2025-09-01 07:56,C0894,P017,1,0.0,Livrée,Carte bancaire
CMD03524,2025-09-01 08:09,C1162,P032,4,0.1,Livrée,Paiement en 3x
CMD03525,2025-09-01 09:29,C0826,P014,1,0.0,Livrée,Carte bancaire
CMD03526,2025-09-01 12:35,C1185,P020,1,0.0,Livrée,Carte bancaire
CMD03527,2025-09-01 13:22,C1038,P039,1,0.0,Livrée,Carte bancaire
CMD03528,2025-09-01 14:23,C0762,P028,1,0.1,Livrée,Carte bancaire
CMD03529,2025-09-01 17:40,C0381,P036,2,0.0,Livrée,Carte bancaire
CMD03530,2025-09-01 19:27,C0060,P004,2,0.0,Livrée,Carte bancaire
CMD03531,2025-09-01 20:38,C0046,P033,1,0.0,Livrée,PayPal
CMD03532,2025-09-01 22:16,C0044,P018,1,0.0,Livrée,Carte bancaire
CMD03533,2025-09-01 22:55,C0182,P024,1,0.0,Annulée,Virement
CMD03534,2025-09-01 23:39,C0335,P031,3,0.0,Livrée,Virement
CMD03535,2025-09-02 00:46,C0778,P013,1,0.0,Livrée,Carte bancaire
CMD03536,2025-09-02 07:11,C0110,P017,1,0.1,Livrée,Carte bancaire
CMD03537,2025-09-02 08:12,C0524,P040,2,0.0,Livrée,Carte bancaire
CMD03538,2025-09-02 09:42,C0012,P017,3,0.0,Retournée,Carte bancaire
CMD03539,2025-09-02 11:13,C0058,P036,2,0.0,Livrée,Carte bancaire
CMD03540,2025-09-02 12:16,C1017,P022,1,0.2,Livrée,Carte bancaire
CMD03541,2025-09-02 12:27,C0010,P029,1,0.0,Annulée,Virement
CMD03542,2025-09-02 14:12,C1011,P021,1,0.2,Livrée,Carte bancaire
CMD03543,2025-09-02 15:45,C0275,P039,1,0.2,Livrée,Carte bancaire
CMD03544,2025-09-02 18:55,C0616,P019,1,0.0,Livrée,Paiement en 3x
CMD03545,2025-09-02 19:34,C1038,P030,2,0.0,Livrée,Paiement en 3x
CMD03546,2025-09-02 19:54,C0278,P010,1,0.0,Retournée,Carte bancaire
CMD03547,2025-09-03 07:33,C1165,P034,1,0.0,Livrée,Carte bancaire
CMD03548,2025-09-03 08:15,C0572,P016,4,0.0,Retournée,Carte bancaire
CMD03549,2025-09-03 08:41,C0648,P015,1,0.0,Livrée,PayPal
CMD03550,2025-09-03 11:10,C0894,P020,1,0.2,Livrée,Carte bancaire
CMD03551,2025-09-03 12:41,C0309,P016,1,0.1,Livrée,PayPal
CMD03552,2025-09-03 13:11,C0301,P024,1,0.0,Livrée,Carte bancaire
CMD03553,2025-09-03 13:34,C0979,P016,2,0.0,Livrée,PayPal
CMD03554,2025-09-03 13:52,C0993,P007,1,0.0,Livrée,Carte bancaire
CMD03555,2025-09-03 15:07,C0539,P008,2,0.0,Livrée,Paiement en 3x
CMD03556,2025-09-03 16:01,C0178,P022,2,0.0,Livrée,Carte bancaire
CMD03557,2025-09-03 17:19,C0783,P024,2,0.2,Livrée,Carte bancaire
CMD03558,2025-09-03 18:45,C0202,P021,1,0.0,Livrée,Carte bancaire
CMD03559,2025-09-03 19:03,C1013,P027,3,0.0,Livrée,Paiement en 3x
CMD03560,2025-09-03 19:37,C0032,P008,1,0.0,Livrée,Carte bancaire
CMD03561,2025-09-03 19:56,C0220,P028,1,0.0,Livrée,Carte bancaire
CMD03562,2025-09-03 20:13,C0421,P012,1,0.0,Livrée,PayPal
CMD03563,2025-09-03 20:20,C0145,P004,1,0.0,Livrée,Paiement en 3x
CMD03564,2025-09-03 21:22,C0016,P034,1,0.0,Livrée,Carte bancaire
CMD03565,2025-09-03 21:29,C1066,P002,2,0.0,Livrée,Carte bancaire
CMD03566,2025-09-03 22:35,C0894,P035,2,0.0,Livrée,PayPal
CMD03567,2025-09-03 22:47,C0321,P038,3,0.1,Livrée,PayPal
CMD03568,2025-09-03 23:48,C0568,P009,2,0.0,Livrée,Carte bancaire
CMD03569,2025-09-03 23:56,C0269,P032,3,0.0,Livrée,Carte bancaire
CMD03570,2025-09-04 06:01,C1047,P023,3,0.0,Livrée,PayPal
CMD03571,2025-09-04 07:51,C0117,P036,5,0.0,Livrée,PayPal
CMD03572,2025-09-04 08:07,C0296,P031,4,0.0,Livrée,Paiement en 3x
CMD03573,2025-09-04 09:04,C0280,P017,1,0.0,Livrée,Carte bancaire
CMD03574,2025-09-04 09:55,C0995,P021,4,0.1,Livrée,Carte bancaire
CMD03575,2025-09-04 12:38,C1094,P007,1,0.0,Livrée,Carte bancaire
CMD03576,2025-09-04 13:54,C0010,P035,1,0.1,Livrée,Carte bancaire
CMD03577,2025-09-04 18:11,C0640,P034,1,0.0,Livrée,Carte bancaire
CMD03578,2025-09-04 18:18,C0046,P026,1,0.0,Livrée,Carte bancaire
CMD03579,2025-09-04 19:57,C0638,P026,2,0.1,Livrée,Carte bancaire
CMD03580,2025-09-04 20:31,C0377,P036,1,0.1,Retournée,Carte bancaire
CMD03581,2025-09-04 20:47,C0938,P025,2,0.1,Livrée,Carte bancaire
CMD03582,2025-09-04 22:07,C1026,P008,2,0.0,Livrée,Paiement en 3x
CMD03583,2025-09-04 22:14,C0792,P017,1,0.0,Livrée,Carte bancaire
CMD03584,2025-09-05 07:59,C0995,P008,1,0.0,Livrée,PayPal
CMD03585,2025-09-05 08:51,C0133,P021,1,0.0,Retournée,Carte bancaire
CMD03586,2025-09-05 09:26,C0503,P018,1,0.0,Retournée,Carte bancaire
CMD03587,2025-09-05 10:15,C1070,P021,1,0.0,Livrée,Paiement en 3x
CMD03588,2025-09-05 10:50,C0373,P035,1,0.2,Livrée,Carte bancaire
CMD03589,2025-09-05 12:00,C0307,P040,1,0.0,Livrée,Carte bancaire
CMD03590,2025-09-05 12:01,C0448,P028,1,0.1,Annulée,Carte bancaire
CMD03591,2025-09-05 12:02,C0476,P037,4,0.0,Livrée,PayPal
CMD03592,2025-09-05 13:45,C0703,P019,1,0.0,Retournée,Carte bancaire
CMD03593,2025-09-05 14:39,C0030,P006,3,0.0,Livrée,Carte bancaire
CMD03594,2025-09-05 15:06,C0584,P027,2,0.1,Livrée,PayPal
CMD03595,2025-09-05 16:16,C1008,P014,4,0.0,Livrée,Carte bancaire
CMD03596,2025-09-05 17:21,C0811,P007,2,0.1,Livrée,Carte bancaire
CMD03597,2025-09-05 18:05,C1136,P021,1,0.0,Livrée,Carte bancaire
CMD03598,2025-09-05 19:47,C0124,P018,1,0.0,Livrée,Carte bancaire
CMD03599,2025-09-05 19:57,C0648,P027,1,0.1,Livrée,Carte bancaire
CMD03600,2025-09-05 20:07,C0399,P025,1,0.0,Annulée,Carte bancaire
CMD03601,2025-09-05 20:45,C0508,P023,1,0.0,Livrée,Carte bancaire
CMD03602,2025-09-05 20:53,C0767,P031,1,0.0,Livrée,Carte bancaire
CMD03603,2025-09-05 20:55,C0995,P016,3,0.1,Livrée,Carte bancaire
CMD03604,2025-09-05 21:00,C0031,P011,1,0.0,Livrée,Paiement en 3x
CMD03605,2025-09-05 22:36,C0953,P035,1,0.0,Livrée,Carte bancaire
CMD03606,2025-09-05 22:53,C0600,P002,2,0.0,Livrée,Carte bancaire
CMD03607,2025-09-06 00:51,C0681,P009,2,0.0,Livrée,PayPal
CMD03608,2025-09-06 07:12,C0433,P010,1,0.0,Livrée,PayPal
CMD03609,2025-09-06 07:43,C1081,P013,1,0.1,Livrée,PayPal
CMD03610,2025-09-06 07:51,C0312,P019,1,0.0,Livrée,Carte bancaire
CMD03611,2025-09-06 09:49,C0488,P020,2,0.0,Livrée,PayPal
CMD03612,2025-09-06 12:04,C0604,P016,1,0.2,Retournée,Carte bancaire
CMD03613,2025-09-06 12:07,C1158,P009,3,0.2,Livrée,PayPal
CMD03614,2025-09-06 12:17,C0973,P015,2,0.0,Livrée,Paiement en 3x
CMD03615,2025-09-06 12:21,C0543,P035,1,0.0,Livrée,Carte bancaire
CMD03616,2025-09-06 13:31,C0122,P028,4,0.0,Livrée,Carte bancaire
CMD03617,2025-09-06 14:54,C0212,P035,2,0.0,Livrée,Carte bancaire
CMD03618,2025-09-06 15:07,C0381,P019,1,0.2,Livrée,Virement
CMD03619,2025-09-06 15:26,C0691,P014,1,0.2,Livrée,Carte bancaire
CMD03620,2025-09-06 15:52,C1105,P016,2,0.0,Livrée,Paiement en 3x
CMD03621,2025-09-06 16:39,C0442,P031,2,0.0,Livrée,Paiement en 3x
CMD03622,2025-09-06 17:49,C0044,P016,3,0.1,Livrée,Carte bancaire
CMD03623,2025-09-06 18:45,C0676,P033,1,0.0,Livrée,PayPal
CMD03624,2025-09-06 19:05,C0962,P014,3,0.0,Livrée,Paiement en 3x
CMD03625,2025-09-06 19:06,C0677,P003,1,0.0,Livrée,Carte bancaire
CMD03626,2025-09-06 19:34,C0322,P008,5,0.0,Livrée,Paiement en 3x
CMD03627,2025-09-06 20:38,C0202,P017,2,0.0,Livrée,Paiement en 3x
CMD03628,2025-09-06 22:31,C1140,P002,1,0.2,Livrée,Virement
CMD03629,2025-09-07 07:20,C0309,P038,2,0.1,Livrée,Carte bancaire
CMD03630,2025-09-07 08:05,C0335,P027,1,0.0,Livrée,Carte bancaire
CMD03631,2025-09-07 09:05,C0145,P011,2,0.1,Livrée,Paiement en 3x
CMD03632,2025-09-07 17:31,C0691,P006,1,0.0,Livrée,PayPal
CMD03633,2025-09-07 17:43,C0786,P027,1,0.1,Livrée,Carte bancaire
CMD03634,2025-09-07 18:41,C0577,P010,1,0.0,Livrée,Paiement en 3x
CMD03635,2025-09-07 19:41,C0145,P011,1,0.0,Livrée,Carte bancaire
CMD03636,2025-09-07 19:57,C0539,P008,1,0.0,Livrée,Virement
CMD03637,2025-09-07 20:17,C0115,P017,1,0.2,Livrée,Carte bancaire
CMD03638,2025-09-07 21:27,C0126,P020,1,0.0,Livrée,Virement
CMD03639,2025-09-07 22:36,C0756,P026,1,0.0,Livrée,Paiement en 3x
CMD03640,2025-09-08 06:18,C0382,P034,1,0.1,Livrée,PayPal
CMD03641,2025-09-08 07:43,C0381,P022,1,0.0,Livrée,Carte bancaire
CMD03642,2025-09-08 10:45,C0269,P013,2,0.0,Livrée,Carte bancaire
CMD03643,2025-09-08 11:21,C0417,P008,1,0.1,Livrée,Paiement en 3x
CMD03644,2025-09-08 12:43,C0277,P030,3,0.0,Livrée,Carte bancaire
CMD03645,2025-09-08 13:21,C0640,P018,4,0.0,Livrée,Virement
CMD03646,2025-09-08 13:56,C1047,P017,1,0.0,Livrée,Virement
CMD03647,2025-09-08 14:41,C1143,P029,1,0.1,Livrée,Carte bancaire
CMD03648,2025-09-08 15:58,C0497,P016,4,0.0,Livrée,Carte bancaire
CMD03649,2025-09-08 17:01,C0594,P005,1,0.1,Livrée,Carte bancaire
CMD03650,2025-09-08 18:04,C0043,P015,1,0.0,Livrée,Carte bancaire
CMD03651,2025-09-08 19:38,C0305,P026,1,0.0,Livrée,PayPal
CMD03652,2025-09-08 20:59,C0309,P007,4,0.0,Livrée,Paiement en 3x
CMD03653,2025-09-08 21:04,C0786,P003,1,0.0,Livrée,Carte bancaire
CMD03654,2025-09-08 21:49,C0903,P017,2,0.0,Livrée,Carte bancaire
CMD03655,2025-09-08 23:24,C0199,P021,2,0.1,Retournée,Carte bancaire
CMD03656,2025-09-09 08:21,C0521,P031,2,0.0,Livrée,Virement
CMD03657,2025-09-09 09:46,C1015,P008,4,0.1,Livrée,Carte bancaire
CMD03658,2025-09-09 12:35,C0911,P029,1,0.0,Livrée,PayPal
CMD03659,2025-09-09 13:26,C0469,P016,1,0.0,Livrée,Carte bancaire
CMD03660,2025-09-09 14:50,C1047,P026,2,0.0,Livrée,PayPal
CMD03661,2025-09-09 14:55,C0994,P032,2,0.0,Retournée,Virement
CMD03662,2025-09-09 15:38,C0321,P010,1,0.0,Livrée,Carte bancaire
CMD03663,2025-09-09 17:42,C1097,P014,1,0.1,Livrée,Paiement en 3x
CMD03664,2025-09-09 18:00,C0883,P029,1,0.0,Livrée,Carte bancaire
CMD03665,2025-09-09 18:59,C0139,P016,1,0.1,Livrée,PayPal
CMD03666,2025-09-09 20:18,C0118,P023,1,0.1,Livrée,Carte bancaire
CMD03667,2025-09-09 21:36,C0736,P005,1,0.0,Livrée,Paiement en 3x
CMD03668,2025-09-10 06:04,C0813,P015,4,0.0,Livrée,Carte bancaire
CMD03669,2025-09-10 06:34,C0879,P018,1,0.0,Livrée,Carte bancaire
CMD03670,2025-09-10 08:44,C0418,P022,1,0.0,Retournée,Carte bancaire
CMD03671,2025-09-10 10:13,C0636,P012,3,0.0,Livrée,Carte bancaire
CMD03672,2025-09-10 10:15,C0786,P014,1,0.2,Livrée,Carte bancaire
CMD03673,2025-09-10 14:18,C0427,P026,3,0.0,Livrée,Virement
CMD03674,2025-09-10 15:51,C0397,P014,4,0.1,Livrée,Virement
CMD03675,2025-09-10 17:07,C1081,P021,3,0.0,Livrée,Carte bancaire
CMD03676,2025-09-10 19:09,C0292,P023,2,0.0,Livrée,PayPal
CMD03677,2025-09-10 19:16,C0787,P006,1,0.0,Livrée,Paiement en 3x
CMD03678,2025-09-10 19:55,C1030,P037,1,0.0,Annulée,Paiement en 3x
CMD03679,2025-09-10 20:44,C0564,P025,2,0.0,Livrée,Carte bancaire
CMD03680,2025-09-10 21:00,C0244,P012,3,0.0,Livrée,PayPal
CMD03681,2025-09-10 23:29,C0603,P035,2,0.0,Livrée,Carte bancaire
CMD03682,2025-09-11 08:18,C0016,P034,1,0.0,Livrée,Carte bancaire
CMD03683,2025-09-11 08:46,C1047,P028,1,0.0,Livrée,PayPal
CMD03684,2025-09-11 09:54,C0761,P014,2,0.0,Livrée,Carte bancaire
CMD03685,2025-09-11 11:02,C0856,P024,2,0.0,Livrée,Carte bancaire
CMD03686,2025-09-11 11:48,C1077,P016,1,0.0,Livrée,Paiement en 3x
CMD03687,2025-09-11 11:53,C1125,P018,1,0.0,Livrée,Carte bancaire
CMD03688,2025-09-11 11:57,C0950,P026,1,0.0,Livrée,Carte bancaire
CMD03689,2025-09-11 11:59,C0191,P005,1,0.0,Livrée,PayPal
CMD03690,2025-09-11 14:32,C0253,P003,4,0.0,Livrée,Paiement en 3x
CMD03691,2025-09-11 14:55,C0031,P018,1,0.0,Livrée,PayPal
CMD03692,2025-09-11 16:25,C0736,P016,1,0.0,Retournée,Carte bancaire
CMD03693,2025-09-11 17:01,C0698,P007,3,0.0,Livrée,Carte bancaire
CMD03694,2025-09-11 17:35,C0408,P005,5,0.0,Livrée,Carte bancaire
CMD03695,2025-09-11 18:09,C0687,P039,1,0.1,Livrée,Carte bancaire
CMD03696,2025-09-11 21:16,C0036,P001,1,0.1,Livrée,Paiement en 3x
CMD03697,2025-09-11 21:32,C1121,P005,1,0.0,Livrée,PayPal
CMD03698,2025-09-11 21:42,C0114,P020,2,0.0,Livrée,Carte bancaire
CMD03699,2025-09-11 22:56,C0841,P036,1,0.1,Livrée,Carte bancaire
CMD03700,2025-09-11 23:40,C0771,P005,2,0.1,Livrée,Paiement en 3x
CMD03701,2025-09-12 08:31,C1014,P025,1,0.2,Livrée,Carte bancaire
CMD03702,2025-09-12 11:41,C0995,P019,1,0.0,Livrée,Virement
CMD03703,2025-09-12 11:45,C0938,P007,2,0.0,Livrée,Carte bancaire
CMD03704,2025-09-12 12:15,C0716,P008,1,0.1,Livrée,Paiement en 3x
CMD03705,2025-09-12 12:26,C0466,P025,4,0.0,Livrée,Virement
CMD03706,2025-09-12 15:08,C0750,P015,1,0.0,Livrée,PayPal
CMD03707,2025-09-12 19:04,C0690,P033,2,0.0,Retournée,Carte bancaire
CMD03708,2025-09-12 19:11,C0137,P014,1,0.0,Livrée,Carte bancaire
CMD03709,2025-09-12 20:41,C0275,P017,3,0.1,Livrée,Paiement en 3x
CMD03710,2025-09-12 21:27,C0898,P024,3,0.0,Livrée,Carte bancaire
CMD03711,2025-09-12 22:02,C0476,P006,1,0.1,Livrée,Paiement en 3x
CMD03712,2025-09-12 22:42,C0074,P015,1,0.0,Livrée,PayPal
CMD03713,2025-09-12 23:32,C0276,P004,2,0.0,Livrée,Paiement en 3x
CMD03714,2025-09-13 10:17,C1011,P037,2,0.0,Livrée,Carte bancaire
CMD03715,2025-09-13 11:29,C0836,P024,1,0.0,Livrée,Carte bancaire
CMD03716,2025-09-13 12:38,C1048,P029,1,0.0,Livrée,Carte bancaire
CMD03717,2025-09-13 12:48,C0805,P036,1,0.0,Livrée,Carte bancaire
CMD03718,2025-09-13 13:46,C0073,P029,2,0.0,Retournée,Carte bancaire
CMD03719,2025-09-13 14:08,C1132,P001,1,0.0,Livrée,Carte bancaire
CMD03720,2025-09-13 14:14,C0419,P017,5,0.0,Livrée,Carte bancaire
CMD03721,2025-09-13 14:20,C0325,P027,1,0.1,Livrée,Carte bancaire
CMD03722,2025-09-13 14:28,C0949,P036,1,0.1,Retournée,PayPal
CMD03723,2025-09-13 18:17,C0691,P037,1,0.1,Livrée,PayPal
CMD03724,2025-09-13 18:57,C0321,P025,1,0.0,Livrée,Carte bancaire
CMD03725,2025-09-13 19:14,C0307,P009,1,0.1,Retournée,Paiement en 3x
CMD03726,2025-09-13 19:29,C0700,P032,1,0.0,Livrée,Carte bancaire
CMD03727,2025-09-13 19:32,C1102,P027,1,0.0,Annulée,Carte bancaire
CMD03728,2025-09-13 19:53,C0046,P010,1,0.0,Livrée,Carte bancaire
CMD03729,2025-09-13 20:30,C0416,P014,1,0.0,Livrée,PayPal
CMD03730,2025-09-13 20:51,C0118,P034,4,0.0,Livrée,Carte bancaire
CMD03731,2025-09-13 21:37,C0168,P010,1,0.0,Livrée,Virement
CMD03732,2025-09-13 22:29,C0825,P012,1,0.0,Livrée,Carte bancaire
CMD03733,2025-09-13 22:34,C1035,P029,1,0.0,Livrée,Carte bancaire
CMD03734,2025-09-13 22:51,C0358,P012,2,0.0,Livrée,PayPal
CMD03735,2025-09-13 23:25,C0600,P014,2,0.2,Livrée,Paiement en 3x
CMD03736,2025-09-13 23:47,C0050,P032,1,0.0,Livrée,Carte bancaire
CMD03737,2025-09-13 23:53,C1037,P033,1,0.0,Livrée,Paiement en 3x
CMD03738,2025-09-14 10:58,C0135,P023,1,0.0,Livrée,Paiement en 3x
CMD03739,2025-09-14 13:02,C0217,P033,1,0.1,Livrée,Carte bancaire
CMD03740,2025-09-14 13:03,C0929,P018,1,0.2,Livrée,Paiement en 3x
CMD03741,2025-09-14 13:10,C0228,P003,1,0.0,Livrée,Carte bancaire
CMD03742,2025-09-14 13:19,C1011,P019,1,0.0,Livrée,Carte bancaire
CMD03743,2025-09-14 13:32,C0137,P022,2,0.0,Livrée,Carte bancaire
CMD03744,2025-09-14 13:33,C0026,P009,2,0.0,Livrée,Carte bancaire
CMD03745,2025-09-14 13:36,C1049,P036,3,0.2,Livrée,Carte bancaire
CMD03746,2025-09-14 13:58,C0630,P031,1,0.0,Livrée,PayPal
CMD03747,2025-09-14 14:06,C0077,P003,1,0.0,Livrée,Carte bancaire
CMD03748,2025-09-14 14:38,C0921,P025,1,0.0,Livrée,Paiement en 3x
CMD03749,2025-09-14 17:25,C1104,P031,1,0.0,Livrée,Carte bancaire
CMD03750,2025-09-14 17:52,C0074,P007,1,0.0,Livrée,Paiement en 3x
CMD03751,2025-09-14 17:58,C0445,P025,1,0.0,Livrée,Carte bancaire
CMD03752,2025-09-14 19:43,C0886,P001,1,0.0,Livrée,Virement
CMD03753,2025-09-14 19:47,C0102,P023,2,0.0,Annulée,Carte bancaire
CMD03754,2025-09-14 20:22,C0381,P013,2,0.0,Livrée,PayPal
CMD03755,2025-09-14 21:00,C0687,P008,2,0.0,Livrée,Carte bancaire
CMD03756,2025-09-14 21:07,C0421,P031,2,0.0,Livrée,Carte bancaire
CMD03757,2025-09-14 21:56,C0830,P011,1,0.0,Livrée,Paiement en 3x
CMD03758,2025-09-14 22:07,C0418,P034,3,0.0,Livrée,Carte bancaire
CMD03759,2025-09-15 00:43,C0811,P016,2,0.0,Livrée,Carte bancaire
CMD03760,2025-09-15 06:55,C0050,P002,1,0.0,Livrée,Carte bancaire
CMD03761,2025-09-15 10:35,C0700,P022,1,0.1,Livrée,PayPal
CMD03762,2025-09-15 11:24,C0381,P020,2,0.0,Livrée,Carte bancaire
CMD03763,2025-09-15 13:42,C0719,P038,3,0.2,Livrée,Carte bancaire
CMD03764,2025-09-15 16:57,C0786,P020,1,0.0,Livrée,Carte bancaire
CMD03765,2025-09-15 18:36,C0771,P017,1,0.0,Livrée,Carte bancaire
CMD03766,2025-09-15 18:39,C0044,P025,4,0.0,Livrée,Carte bancaire
CMD03767,2025-09-15 19:19,C0138,P023,1,0.0,Livrée,Carte bancaire
CMD03768,2025-09-15 19:56,C0124,P010,2,0.0,Livrée,PayPal
CMD03769,2025-09-15 20:13,C0035,P011,1,0.1,Livrée,Carte bancaire
CMD03770,2025-09-15 20:52,C0118,P001,1,0.1,Livrée,Carte bancaire
CMD03771,2025-09-15 20:59,C0334,P028,3,0.0,Livrée,Virement
CMD03772,2025-09-15 21:16,C0428,P021,1,0.1,Livrée,Carte bancaire
CMD03773,2025-09-15 22:26,C0030,P012,1,0.2,Livrée,Carte bancaire
CMD03774,2025-09-15 23:46,C0977,P002,3,0.2,Livrée,PayPal
CMD03775,2025-09-16 08:18,C0732,P033,1,0.0,Livrée,Carte bancaire
CMD03776,2025-09-16 13:43,C0218,P022,1,0.2,Livrée,PayPal
CMD03777,2025-09-16 14:45,C0381,P032,4,0.0,Livrée,Carte bancaire
CMD03778,2025-09-16 15:57,C0266,P009,1,0.0,Livrée,Carte bancaire
CMD03779,2025-09-16 16:29,C0792,P028,1,0.0,Livrée,Carte bancaire
CMD03780,2025-09-16 17:18,C0750,P004,2,0.2,Livrée,PayPal
CMD03781,2025-09-16 20:16,C0746,P037,3,0.0,Livrée,Carte bancaire
CMD03782,2025-09-16 21:01,C0693,P026,4,0.0,Livrée,PayPal
CMD03783,2025-09-16 22:32,C0333,P010,1,0.0,Livrée,Carte bancaire
CMD03784,2025-09-16 22:51,C1101,P039,1,0.0,Livrée,PayPal
CMD03785,2025-09-17 07:34,C0818,P018,1,0.0,Livrée,PayPal
CMD03786,2025-09-17 07:38,C0826,P026,1,0.2,Livrée,Paiement en 3x
CMD03787,2025-09-17 11:38,C0449,P034,2,0.0,Livrée,PayPal
CMD03788,2025-09-17 13:19,C0614,P013,3,0.0,Livrée,PayPal
CMD03789,2025-09-17 14:23,C0135,P017,5,0.0,Livrée,Carte bancaire
CMD03790,2025-09-17 16:39,C0868,P030,2,0.0,Livrée,Carte bancaire
CMD03791,2025-09-17 18:18,C0632,P026,1,0.0,Livrée,Carte bancaire
CMD03792,2025-09-17 18:19,C0602,P003,1,0.0,Livrée,Carte bancaire
CMD03793,2025-09-17 18:27,C0600,P037,2,0.2,Livrée,Carte bancaire
CMD03794,2025-09-17 18:51,C1196,P008,1,0.0,Livrée,PayPal
CMD03795,2025-09-17 20:23,C0736,P027,2,0.1,Livrée,Virement
CMD03796,2025-09-17 20:26,C0524,P019,5,0.1,Livrée,PayPal
CMD03797,2025-09-17 20:56,C0307,P023,3,0.0,Livrée,Carte bancaire
CMD03798,2025-09-17 22:01,C0006,P019,2,0.0,Livrée,Carte bancaire
CMD03799,2025-09-18 08:48,C0098,P017,2,0.0,Livrée,Carte bancaire
CMD03800,2025-09-18 08:56,C0044,P016,2,0.0,Livrée,Paiement en 3x
CMD03801,2025-09-18 11:09,C0665,P018,1,0.2,Livrée,Carte bancaire
CMD03802,2025-09-18 12:19,C0267,P003,1,0.0,Livrée,Paiement en 3x
CMD03803,2025-09-18 12:51,C0254,P019,1,0.0,Livrée,Carte bancaire
CMD03804,2025-09-18 13:21,C0044,P026,1,0.0,Livrée,Carte bancaire
CMD03805,2025-09-18 15:06,C0292,P015,1,0.2,Retournée,Carte bancaire
CMD03806,2025-09-18 15:19,C0272,P004,2,0.2,Retournée,Paiement en 3x
CMD03807,2025-09-18 17:47,C0898,P002,2,0.0,Livrée,Virement
CMD03808,2025-09-18 18:00,C0265,P021,1,0.0,Livrée,Carte bancaire
CMD03809,2025-09-18 19:03,C0036,P029,4,0.0,Livrée,PayPal
CMD03810,2025-09-18 19:26,C1081,P031,1,0.0,Livrée,Carte bancaire
CMD03811,2025-09-18 20:28,C0107,P027,2,0.0,Livrée,Carte bancaire
CMD03812,2025-09-18 21:32,C1116,P020,1,0.0,Annulée,Carte bancaire
CMD03813,2025-09-18 21:50,C0439,P026,1,0.1,Livrée,Carte bancaire
CMD03814,2025-09-18 22:59,C1032,P008,1,0.0,Livrée,Carte bancaire
CMD03815,2025-09-19 08:17,C0562,P021,2,0.1,Livrée,Carte bancaire
CMD03816,2025-09-19 08:23,C0092,P036,1,0.0,Livrée,Paiement en 3x
CMD03817,2025-09-19 12:16,C0107,P012,1,0.1,Livrée,Carte bancaire
CMD03818,2025-09-19 13:26,C0312,P028,1,0.0,Livrée,Carte bancaire
CMD03819,2025-09-19 17:54,C1013,P028,2,0.0,Livrée,Carte bancaire
CMD03820,2025-09-19 18:08,C0069,P017,1,0.2,Livrée,Paiement en 3x
CMD03821,2025-09-19 18:41,C1162,P015,1,0.0,Livrée,Paiement en 3x
CMD03822,2025-09-19 21:15,C0568,P015,1,0.2,Retournée,Carte bancaire
CMD03823,2025-09-19 22:38,C0034,P006,2,0.1,Livrée,Carte bancaire
CMD03824,2025-09-20 07:13,C0633,P025,1,0.0,Livrée,PayPal
CMD03825,2025-09-20 08:27,C0276,P014,3,0.2,Livrée,Carte bancaire
CMD03826,2025-09-20 10:00,C0810,P009,2,0.0,Livrée,PayPal
CMD03827,2025-09-20 10:01,C0692,P010,1,0.0,Retournée,Carte bancaire
CMD03828,2025-09-20 11:47,C0107,P029,1,0.2,Livrée,Carte bancaire
CMD03829,2025-09-20 13:14,C0010,P013,1,0.0,Livrée,Carte bancaire
CMD03830,2025-09-20 15:30,C0994,P008,1,0.0,Livrée,Virement
CMD03831,2025-09-20 16:24,C1155,P028,5,0.0,Livrée,Carte bancaire
CMD03832,2025-09-20 17:01,C0143,P027,1,0.2,Livrée,Carte bancaire
CMD03833,2025-09-20 18:49,C0001,P040,3,0.0,Livrée,Carte bancaire
CMD03834,2025-09-20 19:41,C0242,P011,1,0.0,Livrée,PayPal
CMD03835,2025-09-20 19:45,C0953,P027,1,0.0,Retournée,Carte bancaire
CMD03836,2025-09-20 19:57,C0303,P007,3,0.2,Livrée,Carte bancaire
CMD03837,2025-09-20 20:37,C0432,P026,1,0.1,Livrée,Carte bancaire
CMD03838,2025-09-20 20:57,C1116,P002,1,0.0,Livrée,Carte bancaire
CMD03839,2025-09-20 22:19,C0202,P016,1,0.0,Livrée,Paiement en 3x
CMD03840,2025-09-20 23:10,C0277,P022,2,0.0,Livrée,Carte bancaire
CMD03841,2025-09-21 03:25,C0691,P005,1,0.0,Retournée,PayPal
CMD03842,2025-09-21 10:04,C1161,P022,1,0.1,Livrée,Carte bancaire
CMD03843,2025-09-21 10:06,C0453,P008,1,0.0,Livrée,Carte bancaire
CMD03844,2025-09-21 10:35,C0600,P024,1,0.0,Livrée,Carte bancaire
CMD03845,2025-09-21 10:48,C0214,P020,3,0.0,Livrée,Carte bancaire
CMD03846,2025-09-21 12:11,C0950,P017,4,0.0,Livrée,Carte bancaire
CMD03847,2025-09-21 13:45,C0182,P037,1,0.0,Livrée,Carte bancaire
CMD03848,2025-09-21 14:13,C0492,P023,1,0.0,Livrée,PayPal
CMD03849,2025-09-21 14:51,C0448,P007,1,0.2,Livrée,Carte bancaire
CMD03850,2025-09-21 15:11,C1083,P037,2,0.0,Livrée,Carte bancaire
CMD03851,2025-09-21 16:11,C0382,P017,2,0.0,Livrée,Paiement en 3x
CMD03852,2025-09-21 18:03,C0346,P027,2,0.1,Livrée,Carte bancaire
CMD03853,2025-09-21 18:08,C0050,P020,1,0.0,Livrée,Carte bancaire
CMD03854,2025-09-21 19:08,C0072,P005,1,0.2,Livrée,Paiement en 3x
CMD03855,2025-09-21 20:40,C0878,P032,2,0.0,Retournée,PayPal
CMD03856,2025-09-22 08:32,C0886,P028,5,0.0,Livrée,Paiement en 3x
CMD03857,2025-09-22 09:29,C0217,P039,5,0.0,Livrée,Carte bancaire
CMD03858,2025-09-22 11:05,C0879,P016,1,0.0,Livrée,Carte bancaire
CMD03859,2025-09-22 12:07,C0428,P001,2,0.0,Livrée,Paiement en 3x
CMD03860,2025-09-22 12:08,C0152,P014,1,0.0,Livrée,Paiement en 3x
CMD03861,2025-09-22 14:41,C0771,P003,1,0.0,Livrée,Carte bancaire
CMD03862,2025-09-22 16:21,C0217,P024,1,0.2,Livrée,PayPal
CMD03863,2025-09-22 16:34,C0564,P034,2,0.0,Livrée,Carte bancaire
CMD03864,2025-09-22 16:58,C0492,P014,2,0.0,Livrée,Carte bancaire
CMD03865,2025-09-22 18:42,C0044,P027,1,0.1,Livrée,Carte bancaire
CMD03866,2025-09-22 18:53,C0450,P020,1,0.1,Livrée,PayPal
CMD03867,2025-09-22 19:26,C0632,P018,1,0.0,Livrée,Carte bancaire
CMD03868,2025-09-22 19:56,C1115,P013,2,0.0,Livrée,Carte bancaire
CMD03869,2025-09-22 20:22,C0215,P008,1,0.0,Livrée,Carte bancaire
CMD03870,2025-09-22 20:23,C0439,P016,2,0.0,Livrée,Carte bancaire
CMD03871,2025-09-22 21:12,C0618,P013,1,0.0,Livrée,Paiement en 3x
CMD03872,2025-09-22 21:21,C0599,P024,1,0.1,Annulée,PayPal
CMD03873,2025-09-22 22:04,C0217,P008,1,0.1,Livrée,Carte bancaire
CMD03874,2025-09-22 22:06,C0434,P010,1,0.0,Livrée,Carte bancaire
CMD03875,2025-09-23 00:49,C0995,P006,2,0.0,Livrée,PayPal
CMD03876,2025-09-23 08:25,C0919,P015,2,0.0,Livrée,PayPal
CMD03877,2025-09-23 09:05,C0369,P021,1,0.1,Retournée,Carte bancaire
CMD03878,2025-09-23 09:11,C0497,P040,1,0.1,Retournée,Carte bancaire
CMD03879,2025-09-23 10:08,C0606,P001,1,0.0,Livrée,Paiement en 3x
CMD03880,2025-09-23 10:23,C0605,P008,1,0.0,Livrée,Carte bancaire
CMD03881,2025-09-23 11:08,C0792,P008,1,0.0,Livrée,Carte bancaire
CMD03882,2025-09-23 11:16,C0751,P033,1,0.1,Livrée,Carte bancaire
CMD03883,2025-09-23 13:46,C0046,P013,2,0.0,Livrée,PayPal
CMD03884,2025-09-23 18:38,C0786,P004,3,0.1,Livrée,Paiement en 3x
CMD03885,2025-09-23 19:10,C0309,P039,1,0.0,Livrée,Carte bancaire
CMD03886,2025-09-23 19:58,C0299,P025,1,0.1,Annulée,Carte bancaire
CMD03887,2025-09-23 20:00,C0786,P016,3,0.0,Retournée,Carte bancaire
CMD03888,2025-09-23 20:06,C0850,P018,2,0.1,Livrée,Paiement en 3x
CMD03889,2025-09-23 20:35,C0381,P040,2,0.0,Livrée,Carte bancaire
CMD03890,2025-09-23 21:11,C0710,P025,2,0.0,Livrée,Carte bancaire
CMD03891,2025-09-23 22:03,C0705,P022,1,0.0,Livrée,PayPal
CMD03892,2025-09-23 22:45,C1176,P012,2,0.0,Livrée,Carte bancaire
CMD03893,2025-09-24 06:40,C0381,P024,1,0.0,Livrée,PayPal
CMD03894,2025-09-24 07:14,C0768,P020,1,0.0,Livrée,Carte bancaire
CMD03895,2025-09-24 09:38,C0044,P023,2,0.0,Livrée,Carte bancaire
CMD03896,2025-09-24 10:59,C0094,P027,1,0.0,Livrée,Carte bancaire
CMD03897,2025-09-24 11:18,C0335,P034,2,0.0,Livrée,Carte bancaire
CMD03898,2025-09-24 11:30,C0337,P006,1,0.2,Livrée,Carte bancaire
CMD03899,2025-09-24 13:29,C1118,P008,2,0.0,Livrée,PayPal
CMD03900,2025-09-24 14:01,C0027,P013,1,0.0,Livrée,PayPal
CMD03901,2025-09-24 15:50,C0854,P001,1,0.0,Livrée,Paiement en 3x
CMD03902,2025-09-24 16:18,C1108,P036,3,0.0,Retournée,Carte bancaire
CMD03903,2025-09-24 16:24,C0370,P034,1,0.0,Livrée,Carte bancaire
CMD03904,2025-09-24 16:32,C0354,P027,3,0.0,Livrée,Carte bancaire
CMD03905,2025-09-24 17:00,C0886,P030,5,0.0,Livrée,Carte bancaire
CMD03906,2025-09-24 19:59,C0970,P031,1,0.0,Livrée,Carte bancaire
CMD03907,2025-09-24 20:17,C0584,P023,3,0.0,Livrée,Carte bancaire
CMD03908,2025-09-24 20:26,C0739,P019,3,0.1,Livrée,Carte bancaire
CMD03909,2025-09-24 20:39,C1156,P008,3,0.0,Livrée,Paiement en 3x
CMD03910,2025-09-24 21:06,C0001,P023,1,0.0,Livrée,Carte bancaire
CMD03911,2025-09-24 23:39,C1034,P005,2,0.1,Livrée,Carte bancaire
CMD03912,2025-09-25 07:51,C0381,P013,2,0.0,Livrée,Virement
CMD03913,2025-09-25 08:02,C1167,P029,3,0.1,Livrée,PayPal
CMD03914,2025-09-25 09:05,C0312,P022,1,0.1,Livrée,Carte bancaire
CMD03915,2025-09-25 10:17,C0254,P036,1,0.0,Annulée,Carte bancaire
CMD03916,2025-09-25 11:02,C0711,P037,1,0.0,Retournée,Paiement en 3x
CMD03917,2025-09-25 11:29,C0381,P035,1,0.0,Livrée,Carte bancaire
CMD03918,2025-09-25 13:08,C0554,P014,1,0.0,Livrée,Carte bancaire
CMD03919,2025-09-25 13:38,C1058,P007,2,0.1,Livrée,Virement
CMD03920,2025-09-25 14:09,C0059,P001,1,0.0,Livrée,Carte bancaire
CMD03921,2025-09-25 15:33,C0348,P036,2,0.0,Livrée,Carte bancaire
CMD03922,2025-09-25 15:35,C0815,P020,4,0.0,Livrée,Carte bancaire
CMD03923,2025-09-25 15:50,C0098,P004,1,0.0,Livrée,Carte bancaire
CMD03924,2025-09-25 15:51,C0118,P038,3,0.0,Livrée,Carte bancaire
CMD03925,2025-09-25 17:18,C1008,P017,1,0.0,Livrée,Carte bancaire
CMD03926,2025-09-25 17:32,C0411,P023,1,0.2,Livrée,Carte bancaire
CMD03927,2025-09-25 18:44,C0110,P035,2,0.0,Annulée,Carte bancaire
CMD03928,2025-09-25 18:47,C0690,P033,2,0.0,Livrée,Carte bancaire
CMD03929,2025-09-25 19:45,C0016,P021,1,0.0,Livrée,Carte bancaire
CMD03930,2025-09-25 20:17,C0107,P032,1,0.0,Livrée,Paiement en 3x
CMD03931,2025-09-25 21:32,C0483,P027,3,0.0,Livrée,Carte bancaire
CMD03932,2025-09-25 21:53,C0747,P035,1,0.0,Livrée,Carte bancaire
CMD03933,2025-09-25 22:12,C1013,P034,4,0.2,Livrée,PayPal
CMD03934,2025-09-25 23:37,C0633,P035,5,0.0,Livrée,PayPal
CMD03935,2025-09-26 08:15,C1151,P018,1,0.0,Livrée,Carte bancaire
CMD03936,2025-09-26 09:48,C0236,P023,1,0.0,Livrée,Carte bancaire
CMD03937,2025-09-26 10:18,C0246,P030,3,0.0,Livrée,Carte bancaire
CMD03938,2025-09-26 11:44,C0834,P030,1,0.0,Retournée,Carte bancaire
CMD03939,2025-09-26 16:37,C0271,P018,1,0.0,Livrée,PayPal
CMD03940,2025-09-26 18:16,C0995,P026,1,0.0,Livrée,PayPal
CMD03941,2025-09-26 19:37,C0589,P029,1,0.2,Livrée,Carte bancaire
CMD03942,2025-09-26 20:34,C1143,P024,3,0.0,Livrée,Virement
CMD03943,2025-09-26 20:53,C0930,P030,2,0.0,Livrée,Paiement en 3x
CMD03944,2025-09-26 21:01,C0576,P022,2,0.0,Livrée,Carte bancaire
CMD03945,2025-09-26 21:32,C0012,P009,1,0.0,Livrée,Carte bancaire
CMD03946,2025-09-26 21:42,C0165,P030,2,0.2,Livrée,Carte bancaire
CMD03947,2025-09-26 23:40,C0254,P023,1,0.0,Livrée,PayPal
CMD03948,2025-09-27 08:19,C0118,P019,1,0.0,Retournée,Carte bancaire
CMD03949,2025-09-27 08:24,C0182,P018,1,0.0,Livrée,Paiement en 3x
CMD03950,2025-09-27 08:44,C0418,P040,1,0.0,Livrée,Carte bancaire
CMD03951,2025-09-27 09:09,C1121,P001,2,0.0,Livrée,Carte bancaire
CMD03952,2025-09-27 10:00,C0449,P009,1,0.0,Livrée,Carte bancaire
CMD03953,2025-09-27 11:36,C0333,P004,1,0.0,Livrée,PayPal
CMD03954,2025-09-27 11:43,C0326,P018,2,0.2,Livrée,Carte bancaire
CMD03955,2025-09-27 13:24,C0057,P018,1,0.0,Retournée,Carte bancaire
CMD03956,2025-09-27 13:36,C0201,P021,1,0.0,Livrée,Paiement en 3x
CMD03957,2025-09-27 14:30,C1025,P022,1,0.0,Livrée,PayPal
CMD03958,2025-09-27 14:31,C0202,P021,1,0.0,Livrée,Paiement en 3x
CMD03959,2025-09-27 16:07,C1171,P015,4,0.1,Retournée,PayPal
CMD03960,2025-09-27 16:08,C1037,P013,3,0.0,Livrée,PayPal
CMD03961,2025-09-27 16:23,C0985,P019,3,0.1,Livrée,Carte bancaire
CMD03962,2025-09-27 19:14,C0037,P022,1,0.1,Livrée,PayPal
CMD03963,2025-09-27 19:37,C0178,P040,3,0.0,Livrée,Carte bancaire
CMD03964,2025-09-27 20:55,C0136,P024,1,0.0,Livrée,Carte bancaire
CMD03965,2025-09-27 20:55,C0328,P022,1,0.1,Livrée,Carte bancaire
CMD03966,2025-09-27 21:24,C0073,P034,1,0.0,Livrée,Paiement en 3x
CMD03967,2025-09-27 22:33,C0600,P029,3,0.1,Livrée,Carte bancaire
CMD03968,2025-09-28 00:51,C0107,P023,5,0.0,Livrée,Carte bancaire
CMD03969,2025-09-28 10:08,C0381,P013,1,0.1,Livrée,Carte bancaire
CMD03970,2025-09-28 10:11,C0399,P036,2,0.2,Livrée,Paiement en 3x
CMD03971,2025-09-28 10:56,C0854,P032,1,0.0,Livrée,Carte bancaire
CMD03972,2025-09-28 11:49,C1032,P024,2,0.0,Livrée,Paiement en 3x
CMD03973,2025-09-28 12:07,C0335,P017,1,0.0,Livrée,Paiement en 3x
CMD03974,2025-09-28 14:50,C0338,P002,5,0.0,Livrée,Carte bancaire
CMD03975,2025-09-28 15:34,C0661,P022,2,0.0,Livrée,Virement
CMD03976,2025-09-28 15:48,C0012,P010,1,0.2,Livrée,Carte bancaire
CMD03977,2025-09-28 18:31,C0437,P017,2,0.0,Retournée,PayPal
CMD03978,2025-09-28 18:36,C1196,P039,2,0.1,Livrée,Carte bancaire
CMD03979,2025-09-28 19:20,C0917,P021,1,0.1,Livrée,PayPal
CMD03980,2025-09-28 20:12,C0606,P031,1,0.0,Annulée,Carte bancaire
CMD03981,2025-09-28 20:40,C0926,P006,3,0.0,Livrée,PayPal
CMD03982,2025-09-28 20:54,C0632,P023,2,0.0,Retournée,Paiement en 3x
CMD03983,2025-09-28 21:03,C0661,P028,1,0.0,Livrée,Virement
CMD03984,2025-09-28 21:31,C0506,P008,1,0.1,Livrée,Carte bancaire
CMD03985,2025-09-28 21:35,C0167,P035,2,0.1,Livrée,PayPal
CMD03986,2025-09-29 00:14,C0136,P003,1,0.0,Livrée,Carte bancaire
CMD03987,2025-09-29 08:25,C0698,P022,1,0.0,Livrée,Carte bancaire
CMD03988,2025-09-29 10:02,C0835,P034,1,0.0,Livrée,Paiement en 3x
CMD03989,2025-09-29 10:55,C0919,P024,1,0.0,Livrée,Carte bancaire
CMD03990,2025-09-29 11:20,C0149,P037,2,0.0,Livrée,PayPal
CMD03991,2025-09-29 12:49,C0491,P008,1,0.0,Annulée,Carte bancaire
CMD03992,2025-09-29 13:38,C0609,P034,1,0.2,Livrée,PayPal
CMD03993,2025-09-29 14:50,C0885,P039,1,0.0,Livrée,Carte bancaire
CMD03994,2025-09-29 15:49,C0077,P040,3,0.0,Livrée,Carte bancaire
CMD03995,2025-09-29 16:49,C0992,P002,2,0.0,Livrée,Virement
CMD03996,2025-09-29 17:37,C0785,P014,1,0.0,Livrée,PayPal
CMD03997,2025-09-29 18:03,C1171,P025,1,0.1,Livrée,PayPal
CMD03998,2025-09-29 18:11,C0382,P035,4,0.0,Livrée,Carte bancaire
CMD03999,2025-09-29 18:27,C0044,P023,1,0.1,Livrée,PayPal
CMD04000,2025-09-29 19:23,C0719,P037,2,0.1,Livrée,Carte bancaire
CMD04001,2025-09-29 19:35,C0927,P005,1,0.1,Livrée,Paiement en 3x
CMD04002,2025-09-29 22:08,C0856,P016,1,0.0,Livrée,Carte bancaire
CMD04003,2025-09-30 07:03,C0613,P007,1,0.2,Retournée,Paiement en 3x
CMD04004,2025-09-30 09:10,C0900,P019,1,0.0,Annulée,Carte bancaire
CMD04005,2025-09-30 11:41,C0938,P012,1,0.2,Livrée,Carte bancaire
CMD04006,2025-09-30 12:33,C0863,P039,3,0.0,Livrée,PayPal
CMD04007,2025-09-30 13:25,C0835,P016,1,0.2,Livrée,PayPal
CMD04008,2025-09-30 14:45,C0806,P035,1,0.0,Livrée,Carte bancaire
CMD04009,2025-09-30 16:37,C0109,P018,1,0.0,Livrée,Carte bancaire
CMD04010,2025-09-30 18:12,C0191,P012,1,0.0,Livrée,Carte bancaire
CMD04011,2025-09-30 19:30,C1107,P018,2,0.0,Retournée,Paiement en 3x
CMD04012,2025-09-30 21:07,C0757,P036,2,0.1,Livrée,PayPal
CMD04013,2025-09-30 22:30,C0719,P018,2,0.0,Livrée,Carte bancaire
CMD04014,2025-09-30 23:46,C0008,P006,1,0.0,Livrée,PayPal
CMD04015,2025-10-01 06:57,C0165,P036,5,0.1,Livrée,Paiement en 3x
CMD04016,2025-10-01 07:33,C0181,P016,1,0.0,Retournée,Carte bancaire
CMD04017,2025-10-01 10:13,C0878,P006,1,0.0,Livrée,Carte bancaire
CMD04018,2025-10-01 10:21,C0826,P022,1,0.0,Livrée,Carte bancaire
CMD04019,2025-10-01 13:24,C0589,P035,1,0.0,Livrée,Carte bancaire
CMD04020,2025-10-01 15:37,C0044,P040,1,0.1,Livrée,Carte bancaire
CMD04021,2025-10-01 19:29,C1030,P002,2,0.0,Livrée,Paiement en 3x
CMD04022,2025-10-01 19:46,C0143,P002,3,0.0,Livrée,Paiement en 3x
CMD04023,2025-10-01 20:06,C0526,P018,3,0.0,Retournée,PayPal
CMD04024,2025-10-01 21:36,C0016,P024,1,0.0,Livrée,Carte bancaire
CMD04025,2025-10-01 22:12,C0774,P005,1,0.0,Livrée,Carte bancaire
CMD04026,2025-10-01 22:14,C0576,P038,1,0.2,Livrée,Carte bancaire
CMD04027,2025-10-01 23:55,C1014,P012,2,0.2,Livrée,Paiement en 3x
CMD04028,2025-10-02 08:14,C0036,P010,3,0.1,Livrée,Carte bancaire
CMD04029,2025-10-02 08:19,C0627,P014,2,0.0,Livrée,Carte bancaire
CMD04030,2025-10-02 10:00,C0846,P027,4,0.0,Livrée,Carte bancaire
CMD04031,2025-10-02 11:50,C0856,P033,1,0.0,Livrée,Carte bancaire
CMD04032,2025-10-02 12:29,C0584,P022,1,0.0,Livrée,Paiement en 3x
CMD04033,2025-10-02 14:36,C0244,P025,1,0.1,Livrée,Carte bancaire
CMD04034,2025-10-02 15:19,C1192,P016,1,0.1,Livrée,Carte bancaire
CMD04035,2025-10-02 15:24,C0156,P017,1,0.0,Livrée,Paiement en 3x
CMD04036,2025-10-02 19:32,C0381,P033,1,0.2,Livrée,Carte bancaire
CMD04037,2025-10-02 21:12,C0072,P007,1,0.0,Livrée,PayPal
CMD04038,2025-10-02 23:39,C0698,P009,1,0.0,Livrée,Carte bancaire
CMD04039,2025-10-03 09:15,C0863,P039,1,0.0,Livrée,Carte bancaire
CMD04040,2025-10-03 09:20,C0054,P038,5,0.1,Livrée,Carte bancaire
CMD04041,2025-10-03 11:01,C0233,P013,1,0.0,Livrée,Carte bancaire
CMD04042,2025-10-03 12:03,C0278,P028,5,0.0,Livrée,Virement
CMD04043,2025-10-03 13:55,C0837,P019,4,0.0,Livrée,Carte bancaire
CMD04044,2025-10-03 18:09,C0070,P028,2,0.0,Livrée,Paiement en 3x
CMD04045,2025-10-03 19:57,C0834,P012,1,0.2,Annulée,PayPal
CMD04046,2025-10-03 20:26,C0185,P001,1,0.1,Livrée,PayPal
CMD04047,2025-10-03 20:28,C0107,P027,1,0.0,Livrée,Carte bancaire
CMD04048,2025-10-03 20:42,C1156,P024,2,0.0,Livrée,Carte bancaire
CMD04049,2025-10-03 20:54,C0474,P020,1,0.0,Livrée,PayPal
CMD04050,2025-10-03 21:10,C1089,P008,2,0.0,Livrée,Carte bancaire
CMD04051,2025-10-03 22:01,C0967,P020,2,0.0,Livrée,Carte bancaire
CMD04052,2025-10-03 22:58,C0577,P010,1,0.0,Livrée,Carte bancaire
CMD04053,2025-10-03 23:49,C0143,P021,1,0.0,Livrée,Carte bancaire
CMD04054,2025-10-04 00:33,C0167,P009,3,0.0,Livrée,Carte bancaire
CMD04055,2025-10-04 07:21,C1133,P030,3,0.0,Livrée,PayPal
CMD04056,2025-10-04 08:08,C0737,P022,1,0.0,Livrée,Carte bancaire
CMD04057,2025-10-04 09:48,C0450,P033,1,0.0,Livrée,Virement
CMD04058,2025-10-04 10:01,C0471,P020,1,0.2,Livrée,Virement
CMD04059,2025-10-04 10:05,C1166,P040,2,0.0,Livrée,PayPal
CMD04060,2025-10-04 11:09,C0327,P016,2,0.0,Livrée,PayPal
CMD04061,2025-10-04 11:54,C0162,P026,1,0.1,Livrée,PayPal
CMD04062,2025-10-04 12:15,C1000,P033,1,0.0,Livrée,Carte bancaire
CMD04063,2025-10-04 12:16,C0353,P031,1,0.0,Livrée,Carte bancaire
CMD04064,2025-10-04 12:22,C0448,P021,1,0.0,Livrée,PayPal
CMD04065,2025-10-04 13:09,C0156,P038,1,0.0,Livrée,PayPal
CMD04066,2025-10-04 13:35,C0700,P027,3,0.0,Livrée,PayPal
CMD04067,2025-10-04 13:59,C0253,P017,1,0.0,Retournée,Carte bancaire
CMD04068,2025-10-04 15:51,C0929,P022,1,0.0,Retournée,Carte bancaire
CMD04069,2025-10-04 16:16,C0160,P027,1,0.1,Livrée,Carte bancaire
CMD04070,2025-10-04 17:34,C0943,P030,1,0.0,Livrée,Paiement en 3x
CMD04071,2025-10-04 18:06,C0001,P006,2,0.0,Livrée,Paiement en 3x
CMD04072,2025-10-04 18:45,C1081,P015,1,0.0,Livrée,Carte bancaire
CMD04073,2025-10-04 18:55,C0898,P020,1,0.2,Annulée,Carte bancaire
CMD04074,2025-10-04 19:19,C0115,P025,1,0.1,Livrée,PayPal
CMD04075,2025-10-04 19:40,C0995,P006,1,0.0,Livrée,Carte bancaire
CMD04076,2025-10-04 20:05,C0016,P032,1,0.1,Retournée,Carte bancaire
CMD04077,2025-10-04 20:05,C0030,P019,2,0.0,Livrée,Carte bancaire
CMD04078,2025-10-04 20:35,C1006,P022,3,0.0,Livrée,PayPal
CMD04079,2025-10-04 21:11,C0266,P020,2,0.0,Livrée,Carte bancaire
CMD04080,2025-10-04 21:16,C0520,P026,1,0.0,Annulée,Carte bancaire
CMD04081,2025-10-04 22:23,C0036,P024,3,0.0,Livrée,PayPal
CMD04082,2025-10-05 05:48,C0621,P014,1,0.0,Livrée,Carte bancaire
CMD04083,2025-10-05 08:17,C1074,P037,1,0.0,Livrée,Carte bancaire
CMD04084,2025-10-05 10:33,C0894,P032,1,0.1,Livrée,Paiement en 3x
CMD04085,2025-10-05 11:28,C0433,P013,1,0.0,Livrée,Carte bancaire
CMD04086,2025-10-05 13:12,C0214,P002,1,0.0,Livrée,Paiement en 3x
CMD04087,2025-10-05 13:23,C0979,P030,1,0.0,Livrée,Carte bancaire
CMD04088,2025-10-05 13:53,C0421,P003,2,0.1,Retournée,Carte bancaire
CMD04089,2025-10-05 14:05,C1061,P038,2,0.1,Livrée,Paiement en 3x
CMD04090,2025-10-05 15:17,C0844,P033,1,0.0,Livrée,Carte bancaire
CMD04091,2025-10-05 18:01,C0292,P012,1,0.0,Livrée,Carte bancaire
CMD04092,2025-10-05 18:17,C0226,P015,1,0.1,Livrée,Carte bancaire
CMD04093,2025-10-05 19:18,C0686,P026,1,0.0,Livrée,PayPal
CMD04094,2025-10-05 20:20,C0783,P039,2,0.0,Livrée,PayPal
CMD04095,2025-10-05 20:44,C0859,P011,1,0.1,Livrée,Paiement en 3x
CMD04096,2025-10-05 20:58,C0117,P027,1,0.0,Livrée,Carte bancaire
CMD04097,2025-10-05 21:23,C0731,P034,1,0.0,Retournée,Carte bancaire
CMD04098,2025-10-05 22:27,C0953,P017,2,0.0,Livrée,Carte bancaire
CMD04099,2025-10-05 23:13,C0488,P030,1,0.0,Livrée,Carte bancaire
CMD04100,2025-10-05 23:29,C0082,P011,5,0.0,Annulée,Carte bancaire
CMD04101,2025-10-06 03:21,C0729,P022,2,0.0,Livrée,PayPal
CMD04102,2025-10-06 06:20,C0915,P027,4,0.0,Livrée,Carte bancaire
CMD04103,2025-10-06 11:59,C0757,P013,2,0.0,Livrée,Paiement en 3x
CMD04104,2025-10-06 13:08,C0816,P036,2,0.0,Livrée,Carte bancaire
CMD04105,2025-10-06 13:10,C0974,P018,3,0.0,Livrée,Carte bancaire
CMD04106,2025-10-06 13:39,C1112,P028,1,0.0,Livrée,Carte bancaire
CMD04107,2025-10-06 14:44,C1037,P011,1,0.0,Livrée,Carte bancaire
CMD04108,2025-10-06 16:03,C0517,P035,1,0.0,Retournée,Carte bancaire
CMD04109,2025-10-06 20:52,C0844,P013,1,0.0,Livrée,Carte bancaire
CMD04110,2025-10-06 21:04,C0786,P027,1,0.2,Livrée,PayPal
CMD04111,2025-10-06 21:21,C0584,P026,1,0.0,Livrée,Carte bancaire
CMD04112,2025-10-06 21:51,C0849,P008,1,0.1,Retournée,Paiement en 3x
CMD04113,2025-10-06 22:00,C0639,P005,2,0.0,Livrée,PayPal
CMD04114,2025-10-06 22:31,C0539,P024,2,0.0,Retournée,Carte bancaire
CMD04115,2025-10-06 23:13,C0191,P012,1,0.0,Livrée,Virement
CMD04116,2025-10-07 01:47,C0647,P013,1,0.0,Livrée,Carte bancaire
CMD04117,2025-10-07 06:08,C0816,P019,4,0.1,Retournée,Carte bancaire
CMD04118,2025-10-07 09:13,C0950,P005,1,0.2,Livrée,Paiement en 3x
CMD04119,2025-10-07 13:20,C0927,P017,1,0.0,Livrée,PayPal
CMD04120,2025-10-07 16:19,C1103,P030,2,0.1,Livrée,Carte bancaire
CMD04121,2025-10-07 16:38,C0254,P006,1,0.0,Annulée,Carte bancaire
CMD04122,2025-10-07 17:05,C0685,P023,1,0.0,Annulée,Carte bancaire
CMD04123,2025-10-07 19:49,C0181,P032,2,0.0,Livrée,Carte bancaire
CMD04124,2025-10-07 20:06,C0044,P026,1,0.2,Livrée,PayPal
CMD04125,2025-10-07 20:40,C0437,P007,5,0.0,Livrée,Carte bancaire
CMD04126,2025-10-07 20:45,C1029,P025,4,0.0,Livrée,PayPal
CMD04127,2025-10-07 22:15,C0762,P008,1,0.0,Livrée,Carte bancaire
CMD04128,2025-10-08 09:42,C0660,P023,1,0.1,Livrée,PayPal
CMD04129,2025-10-08 11:42,C0348,P007,1,0.0,Livrée,Carte bancaire
CMD04130,2025-10-08 12:02,C0938,P009,2,0.0,Livrée,Carte bancaire
CMD04131,2025-10-08 12:23,C0073,P030,1,0.0,Livrée,Carte bancaire
CMD04132,2025-10-08 12:34,C0485,P010,1,0.0,Livrée,Carte bancaire
CMD04133,2025-10-08 12:46,C1166,P029,1,0.0,Livrée,PayPal
CMD04134,2025-10-08 12:58,C0692,P014,3,0.0,Livrée,Carte bancaire
CMD04135,2025-10-08 14:24,C1113,P025,1,0.0,Livrée,Carte bancaire
CMD04136,2025-10-08 14:25,C0729,P021,2,0.0,Livrée,Carte bancaire
CMD04137,2025-10-08 15:49,C0217,P010,3,0.0,Livrée,PayPal
CMD04138,2025-10-08 16:22,C0053,P022,1,0.1,Livrée,Carte bancaire
CMD04139,2025-10-08 16:32,C0993,P004,1,0.2,Livrée,Carte bancaire
CMD04140,2025-10-08 17:05,C0240,P015,3,0.0,Livrée,Paiement en 3x
CMD04141,2025-10-08 19:23,C1144,P014,1,0.0,Livrée,Carte bancaire
CMD04142,2025-10-08 19:51,C0226,P020,1,0.0,Livrée,Carte bancaire
CMD04143,2025-10-08 20:15,C0712,P015,2,0.0,Retournée,Paiement en 3x
CMD04144,2025-10-08 20:20,C0244,P017,1,0.0,Livrée,Carte bancaire
CMD04145,2025-10-08 20:35,C0776,P007,1,0.2,Livrée,Carte bancaire
CMD04146,2025-10-08 20:40,C1148,P016,1,0.0,Livrée,Carte bancaire
CMD04147,2025-10-08 21:21,C0315,P040,4,0.0,Annulée,Virement
CMD04148,2025-10-08 21:30,C0346,P020,1,0.2,Livrée,Carte bancaire
CMD04149,2025-10-09 06:39,C0542,P007,3,0.1,Livrée,Paiement en 3x
CMD04150,2025-10-09 08:32,C1032,P007,1,0.0,Livrée,Paiement en 3x
CMD04151,2025-10-09 09:22,C0118,P014,1,0.0,Livrée,Carte bancaire
CMD04152,2025-10-09 12:04,C0479,P018,1,0.0,Livrée,Carte bancaire
CMD04153,2025-10-09 12:58,C0757,P018,1,0.0,Livrée,Paiement en 3x
CMD04154,2025-10-09 13:17,C0992,P019,3,0.0,Livrée,Carte bancaire
CMD04155,2025-10-09 16:32,C0381,P030,1,0.0,Livrée,Carte bancaire
CMD04156,2025-10-09 16:35,C0698,P019,1,0.0,Livrée,Carte bancaire
CMD04157,2025-10-09 16:39,C0448,P012,1,0.1,Livrée,Carte bancaire
CMD04158,2025-10-09 16:58,C0716,P024,2,0.0,Livrée,Carte bancaire
CMD04159,2025-10-09 18:00,C0581,P001,1,0.0,Livrée,Paiement en 3x
CMD04160,2025-10-09 18:57,C0791,P004,1,0.0,Livrée,Carte bancaire
CMD04161,2025-10-09 19:02,C0785,P023,2,0.0,Livrée,Paiement en 3x
CMD04162,2025-10-09 19:06,C0894,P030,2,0.0,Livrée,Carte bancaire
CMD04163,2025-10-09 19:37,C0085,P019,1,0.1,Livrée,Virement
CMD04164,2025-10-09 19:59,C1164,P028,1,0.0,Livrée,Carte bancaire
CMD04165,2025-10-09 21:04,C1074,P011,1,0.0,Livrée,Carte bancaire
CMD04166,2025-10-09 21:16,C0430,P036,1,0.0,Livrée,Carte bancaire
CMD04167,2025-10-09 21:26,C0329,P021,1,0.0,Livrée,Paiement en 3x
CMD04168,2025-10-09 23:59,C0858,P018,3,0.0,Livrée,Carte bancaire
CMD04169,2025-10-10 01:13,C0816,P032,2,0.0,Livrée,Carte bancaire
CMD04170,2025-10-10 11:32,C0312,P023,1,0.0,Livrée,Carte bancaire
CMD04171,2025-10-10 12:17,C0423,P040,3,0.1,Livrée,PayPal
CMD04172,2025-10-10 12:40,C0703,P029,1,0.0,Livrée,PayPal
CMD04173,2025-10-10 12:58,C0700,P033,2,0.0,Livrée,Carte bancaire
CMD04174,2025-10-10 17:17,C0604,P005,1,0.1,Livrée,Carte bancaire
CMD04175,2025-10-10 17:26,C1009,P013,2,0.0,Livrée,PayPal
CMD04176,2025-10-10 20:33,C0582,P025,2,0.0,Livrée,Carte bancaire
CMD04177,2025-10-10 21:13,C0273,P015,1,0.1,Livrée,Virement
CMD04178,2025-10-10 21:15,C0057,P021,1,0.0,Annulée,Carte bancaire
CMD04179,2025-10-10 21:19,C0439,P011,1,0.0,Livrée,Carte bancaire
CMD04180,2025-10-11 01:53,C0117,P018,1,0.0,Retournée,PayPal
CMD04181,2025-10-11 02:52,C0905,P029,4,0.2,Livrée,Carte bancaire
CMD04182,2025-10-11 10:25,C0636,P020,1,0.1,Livrée,Carte bancaire
CMD04183,2025-10-11 11:10,C0295,P020,1,0.0,Livrée,Carte bancaire
CMD04184,2025-10-11 11:40,C0535,P038,1,0.0,Livrée,Paiement en 3x
CMD04185,2025-10-11 12:57,C0257,P015,1,0.0,Livrée,Carte bancaire
CMD04186,2025-10-11 15:47,C0118,P036,5,0.0,Annulée,Virement
CMD04187,2025-10-11 16:13,C0828,P032,1,0.0,Livrée,Carte bancaire
CMD04188,2025-10-11 16:54,C1009,P008,5,0.0,Livrée,Carte bancaire
CMD04189,2025-10-11 18:27,C0338,P029,1,0.0,Livrée,Carte bancaire
CMD04190,2025-10-11 18:56,C0989,P040,1,0.0,Livrée,PayPal
CMD04191,2025-10-11 19:00,C0339,P030,1,0.0,Livrée,Virement
CMD04192,2025-10-11 19:53,C0433,P009,1,0.0,Livrée,PayPal
CMD04193,2025-10-11 19:57,C0369,P021,2,0.0,Livrée,PayPal
CMD04194,2025-10-11 20:09,C0218,P023,4,0.0,Livrée,PayPal
CMD04195,2025-10-11 20:20,C1041,P032,1,0.0,Livrée,Carte bancaire
CMD04196,2025-10-11 20:42,C0046,P024,1,0.1,Livrée,Carte bancaire
CMD04197,2025-10-11 21:18,C0920,P018,1,0.0,Livrée,Carte bancaire
CMD04198,2025-10-11 21:24,C0189,P005,1,0.0,Livrée,Carte bancaire
CMD04199,2025-10-11 21:52,C0170,P038,1,0.0,Livrée,Carte bancaire
CMD04200,2025-10-11 23:26,C0191,P027,1,0.0,Livrée,Carte bancaire
CMD04201,2025-10-12 07:20,C0380,P030,1,0.2,Livrée,Carte bancaire
CMD04202,2025-10-12 07:32,C0094,P025,1,0.0,Livrée,PayPal
CMD04203,2025-10-12 08:47,C0414,P028,1,0.0,Livrée,Carte bancaire
CMD04204,2025-10-12 08:51,C0168,P024,2,0.0,Annulée,Carte bancaire
CMD04205,2025-10-12 09:55,C0820,P036,2,0.0,Livrée,Paiement en 3x
CMD04206,2025-10-12 10:45,C0046,P035,1,0.1,Livrée,Carte bancaire
CMD04207,2025-10-12 12:51,C0050,P028,2,0.0,Livrée,PayPal
CMD04208,2025-10-12 13:48,C0118,P010,1,0.2,Livrée,Paiement en 3x
CMD04209,2025-10-12 14:39,C0319,P020,1,0.0,Livrée,PayPal
CMD04210,2025-10-12 14:44,C0434,P023,1,0.0,Livrée,Carte bancaire
CMD04211,2025-10-12 14:50,C0253,P022,3,0.1,Livrée,PayPal
CMD04212,2025-10-12 16:28,C0409,P022,1,0.1,Livrée,Carte bancaire
CMD04213,2025-10-12 17:58,C0057,P010,1,0.0,Livrée,Carte bancaire
CMD04214,2025-10-12 19:20,C0279,P010,2,0.0,Livrée,Virement
CMD04215,2025-10-12 21:00,C1163,P037,1,0.1,Livrée,Carte bancaire
CMD04216,2025-10-12 21:13,C0912,P009,2,0.0,Livrée,Virement
CMD04217,2025-10-12 22:04,C0859,P034,1,0.0,Livrée,Carte bancaire
CMD04218,2025-10-12 22:13,C0294,P016,1,0.0,Livrée,Carte bancaire
CMD04219,2025-10-13 08:11,C0041,P027,3,0.0,Livrée,Virement
CMD04220,2025-10-13 11:00,C0633,P020,1,0.1,Livrée,Carte bancaire
CMD04221,2025-10-13 12:14,C0031,P014,2,0.0,Livrée,Carte bancaire
CMD04222,2025-10-13 12:16,C0749,P020,1,0.0,Retournée,Carte bancaire
CMD04223,2025-10-13 12:28,C0074,P001,4,0.0,Livrée,PayPal
CMD04224,2025-10-13 12:39,C0454,P003,1,0.0,Livrée,Carte bancaire
CMD04225,2025-10-13 14:55,C0137,P024,1,0.0,Livrée,Virement
CMD04226,2025-10-13 17:46,C0275,P017,3,0.0,Livrée,Virement
CMD04227,2025-10-13 17:53,C0584,P039,1,0.0,Livrée,Carte bancaire
CMD04228,2025-10-13 18:15,C0039,P023,1,0.0,Livrée,PayPal
CMD04229,2025-10-13 18:27,C0082,P007,1,0.0,Livrée,Carte bancaire
CMD04230,2025-10-13 19:06,C0107,P026,1,0.0,Livrée,Carte bancaire
CMD04231,2025-10-13 19:23,C0977,P001,1,0.0,Livrée,Carte bancaire
CMD04232,2025-10-13 19:59,C1165,P017,3,0.2,Livrée,Carte bancaire
CMD04233,2025-10-13 20:33,C0935,P024,3,0.1,Livrée,Carte bancaire
CMD04234,2025-10-13 21:01,C0623,P011,1,0.0,Retournée,Carte bancaire
CMD04235,2025-10-14 00:05,C0761,P016,2,0.2,Livrée,PayPal
CMD04236,2025-10-14 01:02,C0794,P005,1,0.0,Livrée,Paiement en 3x
CMD04237,2025-10-14 07:45,C0698,P016,3,0.0,Livrée,Carte bancaire
CMD04238,2025-10-14 10:13,C0898,P011,1,0.0,Livrée,PayPal
CMD04239,2025-10-14 10:45,C0534,P002,1,0.1,Livrée,Paiement en 3x
CMD04240,2025-10-14 11:15,C0202,P032,4,0.1,Livrée,Carte bancaire
CMD04241,2025-10-14 11:33,C0429,P020,1,0.0,Livrée,Carte bancaire
CMD04242,2025-10-14 13:36,C0421,P034,1,0.0,Livrée,Carte bancaire
CMD04243,2025-10-14 13:56,C0418,P001,1,0.0,Livrée,PayPal
CMD04244,2025-10-14 14:13,C1133,P012,1,0.0,Livrée,Virement
CMD04245,2025-10-14 14:27,C0684,P028,1,0.1,Livrée,PayPal
CMD04246,2025-10-14 14:27,C0993,P017,3,0.1,Annulée,Carte bancaire
CMD04247,2025-10-14 16:33,C0651,P037,2,0.0,Livrée,PayPal
CMD04248,2025-10-14 17:39,C0542,P030,4,0.0,Livrée,Carte bancaire
CMD04249,2025-10-14 18:10,C0863,P021,2,0.0,Retournée,Carte bancaire
CMD04250,2025-10-14 18:19,C1193,P008,1,0.0,Livrée,PayPal
CMD04251,2025-10-14 19:02,C1171,P028,2,0.0,Livrée,PayPal
CMD04252,2025-10-14 19:53,C0944,P005,1,0.1,Livrée,Paiement en 3x
CMD04253,2025-10-14 21:29,C0587,P019,1,0.0,Livrée,Carte bancaire
CMD04254,2025-10-14 21:46,C0199,P040,3,0.0,Livrée,Carte bancaire
CMD04255,2025-10-14 21:53,C0519,P017,2,0.0,Livrée,Virement
CMD04256,2025-10-14 22:12,C0623,P026,4,0.0,Livrée,Carte bancaire
CMD04257,2025-10-15 00:23,C0287,P013,1,0.0,Livrée,PayPal
CMD04258,2025-10-15 10:29,C1101,P021,1,0.0,Livrée,Paiement en 3x
CMD04259,2025-10-15 12:27,C0812,P023,1,0.0,Livrée,Carte bancaire
CMD04260,2025-10-15 12:43,C1160,P008,2,0.0,Livrée,Carte bancaire
CMD04261,2025-10-15 13:14,C0749,P038,1,0.0,Livrée,Carte bancaire
CMD04262,2025-10-15 13:37,C0214,P030,1,0.0,Livrée,Carte bancaire
CMD04263,2025-10-15 13:42,C0044,P016,3,0.2,Livrée,Carte bancaire
CMD04264,2025-10-15 14:00,C1133,P014,4,0.0,Livrée,PayPal
CMD04265,2025-10-15 14:20,C0044,P021,2,0.0,Livrée,Carte bancaire
CMD04266,2025-10-15 14:43,C0445,P033,1,0.0,Livrée,Carte bancaire
CMD04267,2025-10-15 15:16,C0321,P017,4,0.0,Livrée,PayPal
CMD04268,2025-10-15 15:42,C0044,P030,1,0.0,Livrée,Carte bancaire
CMD04269,2025-10-15 16:56,C0373,P037,1,0.0,Annulée,Carte bancaire
CMD04270,2025-10-15 20:00,C0010,P014,1,0.1,Livrée,Carte bancaire
CMD04271,2025-10-15 21:20,C0889,P039,2,0.0,Livrée,Carte bancaire
CMD04272,2025-10-15 21:25,C0408,P003,2,0.0,Livrée,PayPal
CMD04273,2025-10-15 23:01,C1123,P005,1,0.0,Livrée,Carte bancaire
CMD04274,2025-10-16 03:49,C1095,P023,3,0.0,Livrée,Carte bancaire
CMD04275,2025-10-16 06:35,C0778,P040,2,0.0,Livrée,Paiement en 3x
CMD04276,2025-10-16 07:35,C0908,P035,1,0.0,Livrée,PayPal
CMD04277,2025-10-16 09:46,C0421,P021,2,0.0,Retournée,Virement
CMD04278,2025-10-16 11:04,C0181,P032,3,0.1,Livrée,Carte bancaire
CMD04279,2025-10-16 11:28,C0938,P007,4,0.0,Livrée,Paiement en 3x
CMD04280,2025-10-16 12:32,C0782,P005,2,0.0,Livrée,Carte bancaire
CMD04281,2025-10-16 12:44,C0187,P024,1,0.0,Livrée,Carte bancaire
CMD04282,2025-10-16 13:40,C1097,P038,1,0.0,Livrée,Paiement en 3x
CMD04283,2025-10-16 14:51,C0044,P006,4,0.0,Livrée,Paiement en 3x
CMD04284,2025-10-16 15:19,C0117,P036,3,0.2,Livrée,Carte bancaire
CMD04285,2025-10-16 17:16,C0418,P012,2,0.1,Livrée,Carte bancaire
CMD04286,2025-10-16 18:48,C0010,P022,1,0.0,Livrée,Carte bancaire
CMD04287,2025-10-16 19:36,C0600,P003,1,0.0,Livrée,Paiement en 3x
CMD04288,2025-10-16 19:39,C1054,P018,3,0.0,Livrée,Paiement en 3x
CMD04289,2025-10-16 20:46,C0257,P002,5,0.0,Livrée,Paiement en 3x
CMD04290,2025-10-16 21:00,C0878,P012,1,0.1,Livrée,Carte bancaire
CMD04291,2025-10-16 21:22,C0542,P006,2,0.1,Livrée,Carte bancaire
CMD04292,2025-10-16 21:36,C0488,P010,2,0.0,Livrée,Carte bancaire
CMD04293,2025-10-16 21:40,C0079,P002,1,0.2,Annulée,Carte bancaire
CMD04294,2025-10-16 22:14,C0043,P013,1,0.1,Livrée,Carte bancaire
CMD04295,2025-10-16 22:39,C0121,P010,5,0.1,Livrée,PayPal
CMD04296,2025-10-16 23:45,C0346,P029,2,0.2,Livrée,Carte bancaire
CMD04297,2025-10-17 06:12,C0764,P026,1,0.0,Livrée,Carte bancaire
CMD04298,2025-10-17 07:35,C0840,P015,1,0.1,Livrée,Carte bancaire
CMD04299,2025-10-17 07:42,C0497,P001,2,0.1,Livrée,PayPal
CMD04300,2025-10-17 09:57,C0418,P032,1,0.1,Annulée,Carte bancaire
CMD04301,2025-10-17 10:44,C0526,P037,1,0.0,Retournée,Carte bancaire
CMD04302,2025-10-17 11:17,C0646,P029,1,0.0,Livrée,Carte bancaire
CMD04303,2025-10-17 12:03,C0508,P029,2,0.0,Livrée,PayPal
CMD04304,2025-10-17 12:24,C0526,P029,1,0.0,Livrée,Carte bancaire
CMD04305,2025-10-17 12:56,C0886,P010,1,0.2,Livrée,Virement
CMD04306,2025-10-17 13:12,C0891,P035,3,0.0,Livrée,Carte bancaire
CMD04307,2025-10-17 13:23,C0069,P025,1,0.0,Livrée,Carte bancaire
CMD04308,2025-10-17 14:06,C0008,P027,1,0.1,Livrée,Carte bancaire
CMD04309,2025-10-17 17:11,C0729,P017,1,0.0,Livrée,Carte bancaire
CMD04310,2025-10-17 19:19,C0369,P015,3,0.1,Livrée,Carte bancaire
CMD04311,2025-10-17 20:32,C0687,P015,3,0.0,Livrée,PayPal
CMD04312,2025-10-17 20:36,C1074,P022,1,0.0,Livrée,Carte bancaire
CMD04313,2025-10-17 21:32,C0859,P001,3,0.0,Livrée,Paiement en 3x
CMD04314,2025-10-17 21:40,C1112,P033,1,0.1,Retournée,PayPal
CMD04315,2025-10-17 21:54,C0254,P030,1,0.0,Livrée,Carte bancaire
CMD04316,2025-10-17 22:12,C0357,P015,1,0.0,Livrée,Carte bancaire
CMD04317,2025-10-17 22:21,C0610,P033,1,0.0,Livrée,Carte bancaire
CMD04318,2025-10-17 22:55,C0431,P022,1,0.0,Livrée,Carte bancaire
CMD04319,2025-10-17 23:00,C0236,P023,2,0.0,Livrée,Carte bancaire
CMD04320,2025-10-17 23:37,C0044,P026,1,0.0,Livrée,Carte bancaire
CMD04321,2025-10-18 09:02,C0335,P026,1,0.0,Retournée,Virement
CMD04322,2025-10-18 09:26,C0524,P018,1,0.0,Livrée,Carte bancaire
CMD04323,2025-10-18 10:05,C0544,P014,3,0.0,Livrée,PayPal
CMD04324,2025-10-18 11:12,C0898,P011,3,0.2,Livrée,Carte bancaire
CMD04325,2025-10-18 11:33,C0015,P026,1,0.0,Livrée,Carte bancaire
CMD04326,2025-10-18 12:00,C0402,P037,1,0.0,Livrée,Carte bancaire
CMD04327,2025-10-18 12:17,C1015,P014,1,0.0,Livrée,Paiement en 3x
CMD04328,2025-10-18 12:43,C0894,P022,1,0.0,Annulée,Carte bancaire
CMD04329,2025-10-18 12:53,C0408,P007,2,0.0,Livrée,Paiement en 3x
CMD04330,2025-10-18 13:10,C0418,P018,1,0.0,Retournée,PayPal
CMD04331,2025-10-18 13:24,C0992,P024,1,0.0,Retournée,Carte bancaire
CMD04332,2025-10-18 13:51,C0813,P020,1,0.0,Livrée,Carte bancaire
CMD04333,2025-10-18 14:24,C0057,P010,1,0.0,Livrée,Virement
CMD04334,2025-10-18 14:57,C0224,P004,1,0.0,Livrée,Carte bancaire
CMD04335,2025-10-18 15:03,C0115,P023,1,0.0,Livrée,Carte bancaire
CMD04336,2025-10-18 16:27,C0222,P010,1,0.0,Livrée,PayPal
CMD04337,2025-10-18 17:15,C0859,P026,2,0.1,Livrée,Carte bancaire
CMD04338,2025-10-18 18:00,C0462,P006,1,0.0,Livrée,Carte bancaire
CMD04339,2025-10-18 19:04,C0786,P017,1,0.0,Livrée,Carte bancaire
CMD04340,2025-10-18 19:27,C0153,P004,1,0.2,Livrée,PayPal
CMD04341,2025-10-18 20:15,C0294,P036,1,0.0,Livrée,Virement
CMD04342,2025-10-18 20:22,C0168,P014,1,0.0,Livrée,Carte bancaire
CMD04343,2025-10-18 20:26,C0441,P034,2,0.1,Annulée,Carte bancaire
CMD04344,2025-10-18 20:43,C0579,P017,1,0.0,Livrée,Carte bancaire
CMD04345,2025-10-18 22:13,C0287,P015,2,0.2,Livrée,Carte bancaire
CMD04346,2025-10-18 22:42,C1031,P026,1,0.0,Livrée,Virement
CMD04347,2025-10-18 23:57,C0067,P024,1,0.1,Livrée,Carte bancaire
CMD04348,2025-10-19 09:34,C0891,P025,3,0.0,Livrée,Carte bancaire
CMD04349,2025-10-19 12:10,C0574,P025,1,0.0,Livrée,PayPal
CMD04350,2025-10-19 12:15,C0335,P007,1,0.0,Livrée,Virement
CMD04351,2025-10-19 12:34,C0054,P019,1,0.0,Livrée,Carte bancaire
CMD04352,2025-10-19 12:57,C0849,P004,1,0.2,Livrée,Carte bancaire
CMD04353,2025-10-19 13:02,C0416,P021,2,0.0,Livrée,Paiement en 3x
CMD04354,2025-10-19 13:40,C0813,P034,1,0.0,Livrée,Carte bancaire
CMD04355,2025-10-19 14:21,C0535,P026,2,0.1,Livrée,Carte bancaire
CMD04356,2025-10-19 16:14,C0780,P004,1,0.2,Livrée,PayPal
CMD04357,2025-10-19 16:42,C1040,P013,1,0.1,Livrée,PayPal
CMD04358,2025-10-19 16:47,C0757,P003,1,0.1,Livrée,Carte bancaire
CMD04359,2025-10-19 20:03,C0524,P007,1,0.0,Livrée,PayPal
CMD04360,2025-10-19 21:42,C1141,P031,1,0.2,Livrée,PayPal
CMD04361,2025-10-20 00:51,C0073,P038,1,0.0,Livrée,Carte bancaire
CMD04362,2025-10-20 10:27,C1151,P015,1,0.0,Livrée,Carte bancaire
CMD04363,2025-10-20 11:16,C0995,P011,1,0.0,Livrée,Carte bancaire
CMD04364,2025-10-20 11:21,C0012,P033,1,0.0,Livrée,Carte bancaire
CMD04365,2025-10-20 11:43,C1123,P010,1,0.0,Livrée,Virement
CMD04366,2025-10-20 12:03,C1113,P040,4,0.0,Livrée,Virement
CMD04367,2025-10-20 15:04,C1162,P015,1,0.1,Retournée,Carte bancaire
CMD04368,2025-10-20 15:28,C0213,P018,1,0.0,Retournée,PayPal
CMD04369,2025-10-20 15:43,C0578,P011,1,0.0,Livrée,Carte bancaire
CMD04370,2025-10-20 16:07,C0639,P033,1,0.0,Livrée,PayPal
CMD04371,2025-10-20 16:12,C0530,P013,1,0.0,Livrée,Carte bancaire
CMD04372,2025-10-20 17:17,C0585,P013,1,0.0,Livrée,Carte bancaire
CMD04373,2025-10-20 17:55,C1081,P036,2,0.0,Livrée,Carte bancaire
CMD04374,2025-10-20 18:30,C0803,P006,4,0.0,Livrée,Carte bancaire
CMD04375,2025-10-20 20:30,C0785,P018,1,0.0,Livrée,Carte bancaire
CMD04376,2025-10-20 21:29,C0750,P008,1,0.2,Livrée,Carte bancaire
CMD04377,2025-10-20 21:29,C0476,P035,3,0.1,Livrée,PayPal
CMD04378,2025-10-20 21:35,C0933,P014,2,0.0,Livrée,Paiement en 3x
CMD04379,2025-10-20 21:51,C1011,P017,2,0.0,Annulée,Carte bancaire
CMD04380,2025-10-20 22:14,C0752,P020,2,0.2,Retournée,Carte bancaire
CMD04381,2025-10-21 10:22,C1081,P024,1,0.0,Livrée,Carte bancaire
CMD04382,2025-10-21 10:30,C0497,P005,2,0.0,Livrée,Carte bancaire
CMD04383,2025-10-21 10:58,C0145,P005,2,0.0,Livrée,Paiement en 3x
CMD04384,2025-10-21 11:23,C0599,P011,1,0.1,Livrée,Carte bancaire
CMD04385,2025-10-21 12:11,C0993,P008,4,0.0,Livrée,PayPal
CMD04386,2025-10-21 13:04,C0147,P040,2,0.0,Livrée,Virement
CMD04387,2025-10-21 13:18,C0879,P037,1,0.0,Livrée,Carte bancaire
CMD04388,2025-10-21 13:26,C0142,P036,5,0.0,Livrée,Carte bancaire
CMD04389,2025-10-21 16:54,C0343,P012,1,0.0,Livrée,PayPal
CMD04390,2025-10-21 18:55,C1131,P016,1,0.0,Livrée,Carte bancaire
CMD04391,2025-10-21 20:47,C0624,P023,1,0.0,Livrée,Carte bancaire
CMD04392,2025-10-21 20:50,C0141,P005,1,0.1,Retournée,Carte bancaire
CMD04393,2025-10-21 21:08,C0253,P025,1,0.0,Livrée,PayPal
CMD04394,2025-10-21 21:13,C0527,P017,1,0.0,Livrée,Carte bancaire
CMD04395,2025-10-21 22:26,C0731,P013,2,0.0,Livrée,Virement
CMD04396,2025-10-21 23:37,C1095,P020,1,0.0,Livrée,PayPal
CMD04397,2025-10-22 07:39,C0309,P017,1,0.2,Livrée,Carte bancaire
CMD04398,2025-10-22 12:11,C0919,P005,1,0.0,Livrée,PayPal
CMD04399,2025-10-22 12:13,C0418,P036,2,0.0,Livrée,Carte bancaire
CMD04400,2025-10-22 12:43,C0919,P008,2,0.0,Livrée,Carte bancaire
CMD04401,2025-10-22 13:41,C0909,P007,3,0.1,Retournée,Carte bancaire
CMD04402,2025-10-22 15:45,C0589,P020,1,0.0,Livrée,PayPal
CMD04403,2025-10-22 16:40,C0757,P006,3,0.1,Livrée,PayPal
CMD04404,2025-10-22 18:35,C0195,P017,2,0.0,Livrée,Carte bancaire
CMD04405,2025-10-22 21:11,C1007,P037,3,0.0,Livrée,PayPal
CMD04406,2025-10-22 21:20,C0072,P001,1,0.1,Livrée,Paiement en 3x
CMD04407,2025-10-23 05:35,C0852,P015,3,0.2,Retournée,Paiement en 3x
CMD04408,2025-10-23 05:45,C0478,P039,2,0.0,Livrée,Carte bancaire
CMD04409,2025-10-23 09:19,C0098,P032,1,0.0,Livrée,Carte bancaire
CMD04410,2025-10-23 12:38,C0418,P022,1,0.0,Livrée,PayPal
CMD04411,2025-10-23 14:36,C1028,P014,1,0.0,Livrée,Paiement en 3x
CMD04412,2025-10-23 14:37,C0488,P025,2,0.0,Livrée,Carte bancaire
CMD04413,2025-10-23 15:07,C0950,P040,5,0.1,Livrée,Carte bancaire
CMD04414,2025-10-23 15:21,C1038,P008,1,0.0,Livrée,Paiement en 3x
CMD04415,2025-10-23 15:49,C1116,P035,2,0.0,Livrée,PayPal
CMD04416,2025-10-23 16:57,C0115,P005,2,0.0,Livrée,Virement
CMD04417,2025-10-23 18:09,C0841,P017,2,0.0,Livrée,PayPal
CMD04418,2025-10-23 20:35,C1104,P013,2,0.0,Livrée,PayPal
CMD04419,2025-10-23 22:10,C0587,P035,5,0.0,Livrée,Carte bancaire
CMD04420,2025-10-23 23:44,C0991,P023,1,0.0,Livrée,Carte bancaire
CMD04421,2025-10-24 00:27,C0889,P003,2,0.0,Livrée,Paiement en 3x
CMD04422,2025-10-24 07:37,C0136,P024,3,0.1,Livrée,Paiement en 3x
CMD04423,2025-10-24 07:45,C0393,P016,4,0.0,Annulée,Carte bancaire
CMD04424,2025-10-24 11:30,C0160,P002,1,0.1,Livrée,Carte bancaire
CMD04425,2025-10-24 13:17,C0307,P035,1,0.0,Livrée,Carte bancaire
CMD04426,2025-10-24 14:55,C0930,P012,3,0.0,Livrée,PayPal
CMD04427,2025-10-24 17:51,C0408,P029,1,0.0,Livrée,Paiement en 3x
CMD04428,2025-10-24 18:20,C0117,P028,1,0.1,Livrée,PayPal
CMD04429,2025-10-24 18:58,C0016,P004,1,0.2,Livrée,Carte bancaire
CMD04430,2025-10-24 19:26,C0614,P011,1,0.2,Livrée,Carte bancaire
CMD04431,2025-10-24 19:58,C0428,P018,1,0.1,Livrée,PayPal
CMD04432,2025-10-24 20:04,C0357,P011,1,0.0,Livrée,Paiement en 3x
CMD04433,2025-10-24 20:11,C1115,P035,2,0.0,Livrée,Carte bancaire
CMD04434,2025-10-24 20:42,C0898,P011,2,0.0,Livrée,Carte bancaire
CMD04435,2025-10-24 20:44,C0307,P010,1,0.1,Annulée,Carte bancaire
CMD04436,2025-10-24 22:52,C0188,P020,2,0.0,Livrée,Paiement en 3x
CMD04437,2025-10-24 23:38,C0914,P018,4,0.0,Livrée,Carte bancaire
CMD04438,2025-10-25 08:03,C0838,P030,1,0.0,Livrée,Paiement en 3x
CMD04439,2025-10-25 08:52,C0569,P019,1,0.0,Retournée,Paiement en 3x
CMD04440,2025-10-25 09:05,C0381,P031,1,0.0,Livrée,Carte bancaire
CMD04441,2025-10-25 10:01,C0142,P028,1,0.2,Livrée,Paiement en 3x
CMD04442,2025-10-25 10:53,C1000,P010,3,0.0,Livrée,Carte bancaire
CMD04443,2025-10-25 11:08,C0385,P005,1,0.0,Livrée,Carte bancaire
CMD04444,2025-10-25 11:41,C0390,P019,1,0.0,Livrée,Paiement en 3x
CMD04445,2025-10-25 12:04,C0349,P020,1,0.0,Livrée,Carte bancaire
CMD04446,2025-10-25 13:06,C1075,P039,1,0.1,Livrée,PayPal
CMD04447,2025-10-25 13:57,C0792,P025,1,0.0,Livrée,Carte bancaire
CMD04448,2025-10-25 15:45,C0886,P037,4,0.0,Livrée,Virement
CMD04449,2025-10-25 18:23,C0111,P036,2,0.0,Livrée,Carte bancaire
CMD04450,2025-10-25 18:40,C0048,P037,1,0.0,Livrée,Carte bancaire
CMD04451,2025-10-25 19:19,C0107,P017,3,0.0,Livrée,Carte bancaire
CMD04452,2025-10-25 20:05,C0718,P040,3,0.0,Livrée,PayPal
CMD04453,2025-10-25 20:37,C0658,P027,1,0.0,Livrée,Carte bancaire
CMD04454,2025-10-25 21:32,C1162,P004,2,0.0,Livrée,Carte bancaire
CMD04455,2025-10-25 21:35,C0324,P025,1,0.0,Livrée,Carte bancaire
CMD04456,2025-10-26 06:13,C0449,P026,1,0.1,Livrée,Carte bancaire
CMD04457,2025-10-26 08:58,C0968,P019,1,0.0,Livrée,PayPal
CMD04458,2025-10-26 09:00,C0786,P025,1,0.0,Livrée,Carte bancaire
CMD04459,2025-10-26 09:29,C1008,P021,1,0.0,Livrée,Carte bancaire
CMD04460,2025-10-26 10:16,C0285,P004,1,0.0,Livrée,Carte bancaire
CMD04461,2025-10-26 11:32,C0543,P030,1,0.0,Livrée,Carte bancaire
CMD04462,2025-10-26 11:44,C0562,P031,1,0.0,Livrée,PayPal
CMD04463,2025-10-26 12:38,C0434,P036,2,0.1,Livrée,Carte bancaire
CMD04464,2025-10-26 13:01,C0374,P024,1,0.1,Livrée,PayPal
CMD04465,2025-10-26 13:05,C0204,P020,1,0.0,Annulée,PayPal
CMD04466,2025-10-26 13:41,C0126,P035,3,0.0,Livrée,Carte bancaire
CMD04467,2025-10-26 13:53,C0388,P036,2,0.0,Livrée,Carte bancaire
CMD04468,2025-10-26 14:27,C1160,P012,2,0.0,Livrée,Paiement en 3x
CMD04469,2025-10-26 14:30,C1006,P025,1,0.0,Livrée,Carte bancaire
CMD04470,2025-10-26 15:03,C1082,P026,1,0.1,Livrée,Carte bancaire
CMD04471,2025-10-26 16:08,C0856,P038,3,0.1,Livrée,Carte bancaire
CMD04472,2025-10-26 17:06,C0891,P006,3,0.0,Livrée,Virement
CMD04473,2025-10-26 18:11,C0953,P037,1,0.0,Livrée,Carte bancaire
CMD04474,2025-10-26 20:00,C0335,P014,1,0.0,Livrée,PayPal
CMD04475,2025-10-26 20:27,C0599,P018,1,0.0,Livrée,Carte bancaire
CMD04476,2025-10-26 20:43,C0117,P025,1,0.1,Livrée,Carte bancaire
CMD04477,2025-10-26 22:19,C0584,P013,1,0.0,Livrée,Carte bancaire
CMD04478,2025-10-26 22:34,C0592,P004,1,0.1,Livrée,Paiement en 3x
CMD04479,2025-10-26 23:55,C0204,P037,5,0.0,Livrée,Carte bancaire
CMD04480,2025-10-27 05:00,C0468,P017,2,0.0,Livrée,Carte bancaire
CMD04481,2025-10-27 10:31,C0094,P015,2,0.1,Livrée,Carte bancaire
CMD04482,2025-10-27 11:20,C0786,P026,4,0.1,Livrée,Carte bancaire
CMD04483,2025-10-27 12:15,C0235,P034,2,0.0,Livrée,Paiement en 3x
CMD04484,2025-10-27 12:59,C0918,P001,2,0.0,Livrée,Paiement en 3x
CMD04485,2025-10-27 13:30,C0011,P010,1,0.0,Livrée,Paiement en 3x
CMD04486,2025-10-27 13:37,C1155,P002,1,0.0,Livrée,Paiement en 3x
CMD04487,2025-10-27 13:47,C0494,P022,1,0.0,Livrée,Carte bancaire
CMD04488,2025-10-27 15:09,C0600,P029,1,0.0,Livrée,Carte bancaire
CMD04489,2025-10-27 15:30,C0346,P028,1,0.0,Livrée,Carte bancaire
CMD04490,2025-10-27 18:22,C0927,P022,1,0.0,Livrée,Paiement en 3x
CMD04491,2025-10-27 18:30,C0879,P016,2,0.0,Livrée,Carte bancaire
CMD04492,2025-10-27 21:45,C0681,P033,1,0.0,Livrée,PayPal
CMD04493,2025-10-27 22:09,C0789,P035,2,0.0,Livrée,Carte bancaire
CMD04494,2025-10-27 22:40,C0381,P034,2,0.0,Livrée,Carte bancaire
CMD04495,2025-10-27 22:55,C1043,P005,1,0.0,Livrée,Paiement en 3x
CMD04496,2025-10-28 07:25,C1133,P026,2,0.0,Livrée,PayPal
CMD04497,2025-10-28 07:48,C0122,P016,4,0.0,Livrée,Carte bancaire
CMD04498,2025-10-28 07:52,C0713,P007,1,0.0,Retournée,Paiement en 3x
CMD04499,2025-10-28 09:50,C0638,P024,1,0.1,Livrée,Carte bancaire
CMD04500,2025-10-28 12:47,C0503,P020,1,0.0,Livrée,Carte bancaire
CMD04501,2025-10-28 13:28,C0970,P009,1,0.2,Livrée,Carte bancaire
CMD04502,2025-10-28 13:35,C0168,P029,1,0.0,Livrée,Carte bancaire
CMD04503,2025-10-28 14:11,C0213,P025,2,0.0,Livrée,Carte bancaire
CMD04504,2025-10-28 14:44,C0276,P019,1,0.0,Livrée,Carte bancaire
CMD04505,2025-10-28 17:52,C1146,P023,1,0.0,Livrée,Carte bancaire
CMD04506,2025-10-28 20:02,C0479,P039,1,0.0,Livrée,Carte bancaire
CMD04507,2025-10-28 20:46,C0303,P040,2,0.0,Livrée,Carte bancaire
CMD04508,2025-10-28 21:16,C0449,P036,1,0.0,Annulée,Carte bancaire
CMD04509,2025-10-28 22:27,C0346,P012,1,0.0,Livrée,Carte bancaire
CMD04510,2025-10-28 22:48,C1011,P003,1,0.2,Livrée,Paiement en 3x
CMD04511,2025-10-29 00:34,C0381,P008,2,0.2,Livrée,Carte bancaire
CMD04512,2025-10-29 06:14,C0094,P003,1,0.0,Annulée,Paiement en 3x
CMD04513,2025-10-29 06:42,C0949,P006,4,0.1,Livrée,Paiement en 3x
CMD04514,2025-10-29 11:57,C0785,P032,1,0.2,Livrée,Carte bancaire
CMD04515,2025-10-29 12:23,C0962,P033,1,0.1,Livrée,PayPal
CMD04516,2025-10-29 12:58,C0585,P020,1,0.0,Livrée,Carte bancaire
CMD04517,2025-10-29 13:07,C0401,P026,1,0.0,Livrée,Paiement en 3x
CMD04518,2025-10-29 16:13,C0825,P029,1,0.0,Livrée,Carte bancaire
CMD04519,2025-10-29 17:40,C0930,P015,2,0.0,Livrée,Paiement en 3x
CMD04520,2025-10-29 18:07,C0710,P025,1,0.1,Livrée,Carte bancaire
CMD04521,2025-10-29 18:24,C0236,P026,1,0.1,Livrée,Carte bancaire
CMD04522,2025-10-29 18:26,C1094,P008,2,0.2,Livrée,Carte bancaire
CMD04523,2025-10-29 18:59,C0111,P030,1,0.0,Livrée,Paiement en 3x
CMD04524,2025-10-29 19:36,C0805,P002,1,0.0,Livrée,Paiement en 3x
CMD04525,2025-10-29 19:45,C0329,P039,1,0.0,Livrée,Carte bancaire
CMD04526,2025-10-29 19:53,C0584,P030,2,0.0,Livrée,Carte bancaire
CMD04527,2025-10-29 20:48,C1025,P023,1,0.0,Livrée,Carte bancaire
CMD04528,2025-10-29 21:21,C0044,P005,5,0.1,Livrée,Paiement en 3x
CMD04529,2025-10-29 22:03,C0733,P007,3,0.0,Livrée,Carte bancaire
CMD04530,2025-10-29 22:11,C0911,P002,3,0.0,Livrée,Carte bancaire
CMD04531,2025-10-29 23:13,C0666,P018,1,0.0,Livrée,Carte bancaire
CMD04532,2025-10-30 05:18,C0044,P036,6,0.1,Livrée,Carte bancaire
CMD04533,2025-10-30 06:41,C0886,P007,2,0.0,Livrée,Carte bancaire
CMD04534,2025-10-30 07:06,C0262,P012,1,0.0,Livrée,Carte bancaire
CMD04535,2025-10-30 09:07,C0796,P035,2,0.0,Livrée,Carte bancaire
CMD04536,2025-10-30 11:06,C0054,P026,1,0.2,Livrée,Carte bancaire
CMD04537,2025-10-30 12:50,C0044,P010,3,0.1,Livrée,Carte bancaire
CMD04538,2025-10-30 16:26,C0010,P028,1,0.0,Livrée,Paiement en 3x
CMD04539,2025-10-30 16:28,C1081,P040,2,0.0,Livrée,PayPal
CMD04540,2025-10-30 16:49,C0128,P004,2,0.0,Livrée,PayPal
CMD04541,2025-10-30 17:32,C0105,P020,1,0.0,Livrée,Carte bancaire
CMD04542,2025-10-30 17:56,C0922,P032,1,0.0,Livrée,Carte bancaire
CMD04543,2025-10-30 18:12,C0044,P030,1,0.0,Livrée,Carte bancaire
CMD04544,2025-10-30 19:29,C0723,P027,2,0.0,Livrée,PayPal
CMD04545,2025-10-30 19:49,C0655,P024,1,0.0,Livrée,Carte bancaire
CMD04546,2025-10-30 19:58,C1194,P034,1,0.0,Livrée,Virement
CMD04547,2025-10-30 20:25,C0187,P009,1,0.0,Livrée,Carte bancaire
CMD04548,2025-10-30 21:51,C1066,P040,1,0.0,Livrée,PayPal
CMD04549,2025-10-30 21:58,C0160,P023,2,0.1,Livrée,PayPal
CMD04550,2025-10-30 22:15,C0041,P032,2,0.2,Livrée,Carte bancaire
CMD04551,2025-10-31 07:15,C1107,P005,3,0.0,Livrée,Carte bancaire
CMD04552,2025-10-31 08:32,C0878,P019,3,0.0,Retournée,Virement
CMD04553,2025-10-31 09:11,C0291,P031,5,0.0,Livrée,Paiement en 3x
CMD04554,2025-10-31 09:39,C1104,P029,2,0.0,Livrée,Carte bancaire
CMD04555,2025-10-31 11:08,C0574,P009,1,0.1,Livrée,Carte bancaire
CMD04556,2025-10-31 13:24,C0859,P011,1,0.0,Livrée,Carte bancaire
CMD04557,2025-10-31 13:42,C0107,P019,1,0.0,Retournée,Carte bancaire
CMD04558,2025-10-31 15:26,C0107,P015,4,0.0,Livrée,Paiement en 3x
CMD04559,2025-10-31 15:50,C0898,P040,2,0.0,Livrée,PayPal
CMD04560,2025-10-31 16:15,C0790,P032,1,0.0,Livrée,Carte bancaire
CMD04561,2025-10-31 16:43,C1081,P039,1,0.0,Livrée,PayPal
CMD04562,2025-10-31 17:43,C0202,P029,1,0.0,Livrée,Carte bancaire
CMD04563,2025-10-31 17:57,C0503,P017,1,0.0,Livrée,Virement
CMD04564,2025-10-31 19:06,C0251,P016,1,0.0,Retournée,Carte bancaire
CMD04565,2025-10-31 19:31,C0640,P019,2,0.0,Livrée,Carte bancaire
CMD04566,2025-10-31 20:21,C0069,P037,2,0.0,Livrée,Carte bancaire
CMD04567,2025-10-31 20:33,C1025,P012,1,0.2,Livrée,Carte bancaire
CMD04568,2025-10-31 20:58,C1125,P016,2,0.0,Livrée,Carte bancaire
CMD04569,2025-10-31 21:13,C0680,P011,1,0.0,Livrée,Carte bancaire
CMD04570,2025-10-31 21:13,C0535,P040,1,0.0,Livrée,Paiement en 3x
CMD04571,2025-10-31 22:49,C0221,P038,1,0.0,Livrée,PayPal
CMD04572,2025-11-01 08:25,C1165,P019,1,0.1,Livrée,Carte bancaire
CMD04573,2025-11-01 09:27,C0898,P036,2,0.1,Livrée,Carte bancaire
CMD04574,2025-11-01 13:11,C0723,P007,1,0.0,Livrée,Carte bancaire
CMD04575,2025-11-01 13:49,C1081,P007,1,0.0,Livrée,Carte bancaire
CMD04576,2025-11-01 15:09,C0141,P025,1,0.0,Livrée,Paiement en 3x
CMD04577,2025-11-01 16:52,C0074,P035,1,0.1,Livrée,Carte bancaire
CMD04578,2025-11-01 17:01,C0122,P008,4,0.2,Livrée,PayPal
CMD04579,2025-11-01 17:19,C0141,P022,1,0.1,Livrée,PayPal
CMD04580,2025-11-01 17:58,C0914,P019,1,0.0,Livrée,PayPal
CMD04581,2025-11-01 19:19,C0999,P015,1,0.2,Livrée,PayPal
CMD04582,2025-11-01 19:38,C0542,P002,1,0.3,Livrée,Paiement en 3x
CMD04583,2025-11-01 19:42,C0311,P005,3,0.3,Livrée,Paiement en 3x
CMD04584,2025-11-01 19:51,C0050,P022,2,0.1,Livrée,Paiement en 3x
CMD04585,2025-11-01 20:06,C0979,P025,2,0.1,Livrée,Carte bancaire
CMD04586,2025-11-01 20:10,C0142,P028,1,0.1,Livrée,Carte bancaire
CMD04587,2025-11-01 21:06,C0970,P017,1,0.2,Livrée,Carte bancaire
CMD04588,2025-11-01 21:08,C1045,P033,1,0.1,Livrée,Carte bancaire
CMD04589,2025-11-01 21:08,C0787,P001,1,0.0,Livrée,PayPal
CMD04590,2025-11-01 21:36,C0691,P011,3,0.2,Livrée,Carte bancaire
CMD04591,2025-11-01 21:43,C0102,P035,1,0.2,Livrée,PayPal
CMD04592,2025-11-01 21:44,C0562,P032,1,0.1,Livrée,Carte bancaire
CMD04593,2025-11-01 21:51,C0105,P040,3,0.2,Livrée,Paiement en 3x
CMD04594,2025-11-01 22:49,C0118,P024,1,0.1,Livrée,Virement
CMD04595,2025-11-01 23:20,C0381,P004,1,0.2,Livrée,Carte bancaire
CMD04596,2025-11-01 23:27,C0936,P018,1,0.1,Livrée,Virement
CMD04597,2025-11-02 06:39,C0044,P023,1,0.1,Livrée,Carte bancaire
CMD04598,2025-11-02 07:17,C0805,P018,1,0.1,Livrée,Paiement en 3x
CMD04599,2025-11-02 08:34,C0434,P033,2,0.0,Livrée,Paiement en 3x
CMD04600,2025-11-02 09:11,C0995,P007,5,0.0,Livrée,Carte bancaire
CMD04601,2025-11-02 09:36,C0503,P024,1,0.3,Livrée,Virement
CMD04602,2025-11-02 09:39,C1104,P031,1,0.1,Livrée,Carte bancaire
CMD04603,2025-11-02 10:58,C0098,P030,4,0.2,Livrée,Carte bancaire
CMD04604,2025-11-02 11:05,C0978,P036,1,0.0,Annulée,Carte bancaire
CMD04605,2025-11-02 11:18,C1133,P009,1,0.3,Livrée,Carte bancaire
CMD04606,2025-11-02 11:29,C0201,P008,1,0.0,Livrée,Carte bancaire
CMD04607,2025-11-02 12:12,C0118,P021,4,0.2,Livrée,PayPal
CMD04608,2025-11-02 12:14,C0433,P013,3,0.0,Livrée,Carte bancaire
CMD04609,2025-11-02 12:16,C0191,P021,1,0.2,Livrée,Carte bancaire
CMD04610,2025-11-02 13:30,C0947,P004,3,0.2,Annulée,Carte bancaire
CMD04611,2025-11-02 13:40,C0165,P036,3,0.2,Livrée,Carte bancaire
CMD04612,2025-11-02 15:25,C1171,P003,2,0.1,Livrée,Paiement en 3x
CMD04613,2025-11-02 15:28,C0459,P033,1,0.1,Livrée,Carte bancaire
CMD04614,2025-11-02 15:59,C0439,P002,1,0.0,Livrée,Paiement en 3x
CMD04615,2025-11-02 18:28,C0524,P025,3,0.2,Livrée,Carte bancaire
CMD04616,2025-11-02 18:40,C0279,P006,1,0.1,Livrée,Paiement en 3x
CMD04617,2025-11-02 19:06,C0054,P020,2,0.0,Livrée,Carte bancaire
CMD04618,2025-11-02 19:48,C0418,P028,1,0.2,Livrée,Paiement en 3x
CMD04619,2025-11-02 19:55,C0768,P024,1,0.2,Livrée,Carte bancaire
CMD04620,2025-11-02 20:13,C0213,P009,1,0.1,Livrée,Virement
CMD04621,2025-11-02 20:16,C0519,P002,3,0.3,Livrée,Carte bancaire
CMD04622,2025-11-02 20:26,C0276,P006,2,0.2,Livrée,PayPal
CMD04623,2025-11-02 20:28,C0459,P015,1,0.1,Livrée,Carte bancaire
CMD04624,2025-11-02 20:50,C0970,P005,1,0.3,Livrée,Paiement en 3x
CMD04625,2025-11-02 21:05,C0214,P016,1,0.3,Annulée,Carte bancaire
CMD04626,2025-11-02 21:16,C0995,P018,1,0.0,Livrée,PayPal
CMD04627,2025-11-02 21:26,C0430,P030,1,0.0,Livrée,Carte bancaire
CMD04628,2025-11-02 21:37,C0253,P012,1,0.1,Livrée,Carte bancaire
CMD04629,2025-11-02 21:59,C1008,P019,1,0.1,Livrée,Carte bancaire
CMD04630,2025-11-02 22:11,C0693,P009,1,0.2,Livrée,Carte bancaire
CMD04631,2025-11-02 22:29,C1008,P003,1,0.0,Livrée,PayPal
CMD04632,2025-11-02 22:34,C0863,P008,1,0.0,Livrée,Carte bancaire
CMD04633,2025-11-03 03:26,C0060,P033,1,0.1,Livrée,Carte bancaire
CMD04634,2025-11-03 08:38,C0686,P007,1,0.1,Livrée,Carte bancaire
CMD04635,2025-11-03 08:50,C0751,P024,1,0.2,Livrée,Carte bancaire
CMD04636,2025-11-03 09:22,C0421,P019,1,0.0,Livrée,Carte bancaire
CMD04637,2025-11-03 10:47,C1037,P021,1,0.1,Livrée,Carte bancaire
CMD04638,2025-11-03 12:33,C0503,P017,1,0.2,Livrée,Carte bancaire
CMD04639,2025-11-03 12:58,C0221,P019,1,0.1,Livrée,Carte bancaire
CMD04640,2025-11-03 13:23,C0973,P021,1,0.1,Livrée,Carte bancaire
CMD04641,2025-11-03 13:24,C1123,P015,3,0.0,Retournée,Carte bancaire
CMD04642,2025-11-03 13:29,C0449,P015,1,0.1,Livrée,Virement
CMD04643,2025-11-03 14:35,C0330,P006,1,0.2,Livrée,Carte bancaire
CMD04644,2025-11-03 15:00,C0752,P018,1,0.0,Livrée,PayPal
CMD04645,2025-11-03 16:38,C0787,P009,1,0.1,Livrée,Carte bancaire
CMD04646,2025-11-03 19:38,C1011,P033,3,0.1,Retournée,Carte bancaire
CMD04647,2025-11-03 20:17,C0579,P032,1,0.0,Livrée,Carte bancaire
CMD04648,2025-11-03 20:55,C0710,P017,2,0.0,Livrée,Carte bancaire
CMD04649,2025-11-03 21:16,C0660,P026,1,0.0,Livrée,PayPal
CMD04650,2025-11-03 21:27,C0851,P030,1,0.0,Livrée,Carte bancaire
CMD04651,2025-11-03 21:30,C0666,P036,5,0.0,Livrée,Carte bancaire
CMD04652,2025-11-03 21:50,C0120,P031,1,0.0,Livrée,Paiement en 3x
CMD04653,2025-11-03 22:39,C1155,P003,1,0.3,Livrée,Paiement en 3x
CMD04654,2025-11-04 07:47,C1185,P024,1,0.0,Livrée,Paiement en 3x
CMD04655,2025-11-04 09:42,C0044,P017,1,0.2,Livrée,PayPal
CMD04656,2025-11-04 10:14,C0968,P026,2,0.0,Livrée,Carte bancaire
CMD04657,2025-11-04 10:48,C0856,P009,1,0.0,Livrée,Carte bancaire
CMD04658,2025-11-04 10:55,C0110,P025,2,0.1,Livrée,Carte bancaire
CMD04659,2025-11-04 11:17,C0666,P037,4,0.3,Livrée,Carte bancaire
CMD04660,2025-11-04 11:18,C0938,P033,1,0.1,Livrée,Carte bancaire
CMD04661,2025-11-04 11:24,C1185,P018,1,0.1,Livrée,PayPal
CMD04662,2025-11-04 11:51,C0102,P018,1,0.0,Livrée,PayPal
CMD04663,2025-11-04 12:24,C0069,P039,1,0.1,Livrée,Carte bancaire
CMD04664,2025-11-04 12:30,C0700,P001,3,0.2,Livrée,Carte bancaire
CMD04665,2025-11-04 14:59,C1108,P018,1,0.1,Livrée,Virement
CMD04666,2025-11-04 17:05,C0251,P002,1,0.1,Livrée,Paiement en 3x
CMD04667,2025-11-04 18:39,C0728,P023,3,0.2,Livrée,PayPal
CMD04668,2025-11-04 20:05,C0018,P014,1,0.1,Livrée,Carte bancaire
CMD04669,2025-11-04 20:09,C0712,P019,1,0.2,Livrée,Paiement en 3x
CMD04670,2025-11-04 20:15,C0692,P002,2,0.1,Annulée,Carte bancaire
CMD04671,2025-11-04 20:27,C0012,P033,2,0.1,Livrée,Carte bancaire
CMD04672,2025-11-04 20:33,C0826,P012,1,0.2,Livrée,PayPal
CMD04673,2025-11-04 20:37,C0202,P003,2,0.3,Livrée,Carte bancaire
CMD04674,2025-11-04 20:39,C0796,P018,1,0.2,Livrée,Carte bancaire
CMD04675,2025-11-04 20:47,C0466,P010,1,0.0,Livrée,Carte bancaire
CMD04676,2025-11-04 21:10,C0275,P022,2,0.0,Livrée,Carte bancaire
CMD04677,2025-11-04 21:10,C0294,P024,1,0.0,Livrée,Carte bancaire
CMD04678,2025-11-04 21:24,C0044,P016,1,0.1,Livrée,Carte bancaire
CMD04679,2025-11-04 21:26,C0923,P022,2,0.1,Livrée,Carte bancaire
CMD04680,2025-11-04 21:27,C1161,P013,1,0.1,Livrée,Paiement en 3x
CMD04681,2025-11-04 21:55,C0421,P008,1,0.2,Livrée,Carte bancaire
CMD04682,2025-11-04 22:06,C0584,P033,1,0.0,Livrée,Carte bancaire
CMD04683,2025-11-04 22:38,C0010,P020,1,0.0,Livrée,PayPal
CMD04684,2025-11-04 23:43,C1050,P005,1,0.2,Livrée,Paiement en 3x
CMD04685,2025-11-05 00:57,C0449,P036,1,0.0,Livrée,Paiement en 3x
CMD04686,2025-11-05 06:11,C0879,P019,1,0.0,Livrée,Carte bancaire
CMD04687,2025-11-05 07:40,C0330,P003,1,0.2,Livrée,Paiement en 3x
CMD04688,2025-11-05 08:22,C0751,P017,2,0.0,Livrée,Carte bancaire
CMD04689,2025-11-05 09:00,C0418,P040,1,0.2,Livrée,PayPal
CMD04690,2025-11-05 09:12,C0036,P031,1,0.2,Livrée,PayPal
CMD04691,2025-11-05 11:28,C0962,P027,2,0.0,Livrée,PayPal
CMD04692,2025-11-05 11:57,C0886,P032,2,0.1,Livrée,Carte bancaire
CMD04693,2025-11-05 12:01,C0001,P024,1,0.2,Livrée,Carte bancaire
CMD04694,2025-11-05 12:17,C0074,P018,1,0.0,Livrée,Paiement en 3x
CMD04695,2025-11-05 12:42,C0556,P027,1,0.0,Livrée,Carte bancaire
CMD04696,2025-11-05 13:12,C0544,P006,1,0.0,Livrée,Carte bancaire
CMD04697,2025-11-05 14:20,C1192,P023,2,0.0,Livrée,Virement
CMD04698,2025-11-05 14:49,C0749,P006,1,0.1,Livrée,Carte bancaire
CMD04699,2025-11-05 15:11,C0241,P008,1,0.2,Livrée,PayPal
CMD04700,2025-11-05 16:58,C0893,P030,4,0.0,Livrée,PayPal
CMD04701,2025-11-05 17:13,C0625,P004,2,0.1,Livrée,PayPal
CMD04702,2025-11-05 18:22,C0893,P037,2,0.1,Livrée,PayPal
CMD04703,2025-11-05 19:00,C0698,P037,1,0.0,Livrée,Carte bancaire
CMD04704,2025-11-05 19:31,C0365,P027,1,0.0,Livrée,Carte bancaire
CMD04705,2025-11-05 19:31,C0114,P017,2,0.1,Livrée,Carte bancaire
CMD04706,2025-11-05 19:49,C0074,P015,2,0.0,Livrée,Carte bancaire
CMD04707,2025-11-05 20:38,C0325,P010,1,0.0,Livrée,Carte bancaire
CMD04708,2025-11-05 20:43,C0044,P037,3,0.1,Livrée,PayPal
CMD04709,2025-11-05 21:13,C1005,P038,4,0.1,Livrée,Carte bancaire
CMD04710,2025-11-05 21:31,C0319,P007,1,0.3,Livrée,PayPal
CMD04711,2025-11-05 21:43,C0828,P023,1,0.2,Livrée,Carte bancaire
CMD04712,2025-11-05 23:21,C0584,P001,3,0.0,Livrée,Paiement en 3x
CMD04713,2025-11-06 09:48,C0418,P012,1,0.0,Livrée,Carte bancaire
CMD04714,2025-11-06 12:58,C1180,P007,1,0.1,Livrée,Virement
CMD04715,2025-11-06 13:11,C0337,P022,4,0.1,Livrée,Carte bancaire
CMD04716,2025-11-06 13:11,C0202,P005,1,0.0,Annulée,Carte bancaire
CMD04717,2025-11-06 13:31,C0098,P009,1,0.3,Livrée,Carte bancaire
CMD04718,2025-11-06 13:50,C0107,P039,1,0.1,Livrée,PayPal
CMD04719,2025-11-06 14:59,C0547,P029,1,0.0,Annulée,Carte bancaire
CMD04720,2025-11-06 15:49,C0821,P035,1,0.0,Retournée,Carte bancaire
CMD04721,2025-11-06 16:36,C1160,P018,2,0.3,Livrée,PayPal
CMD04722,2025-11-06 16:41,C0813,P004,1,0.0,Livrée,Carte bancaire
CMD04723,2025-11-06 17:10,C1066,P004,3,0.1,Livrée,Carte bancaire
CMD04724,2025-11-06 17:48,C0042,P032,2,0.0,Livrée,Carte bancaire
CMD04725,2025-11-06 19:28,C0992,P004,4,0.1,Livrée,Carte bancaire
CMD04726,2025-11-06 19:50,C0993,P015,1,0.0,Livrée,Virement
CMD04727,2025-11-06 19:55,C0168,P007,1,0.1,Retournée,Carte bancaire
CMD04728,2025-11-06 20:06,C0113,P022,1,0.0,Livrée,Carte bancaire
CMD04729,2025-11-06 20:13,C0889,P036,1,0.2,Livrée,Virement
CMD04730,2025-11-06 20:45,C0335,P028,2,0.0,Livrée,Carte bancaire
CMD04731,2025-11-06 21:55,C0879,P030,1,0.2,Livrée,Carte bancaire
CMD04732,2025-11-06 22:44,C0761,P008,3,0.0,Livrée,Paiement en 3x
CMD04733,2025-11-06 22:59,C0886,P004,1,0.0,Livrée,Carte bancaire
CMD04734,2025-11-06 23:17,C0365,P006,1,0.1,Livrée,Carte bancaire
CMD04735,2025-11-07 01:34,C0098,P002,1,0.2,Livrée,Paiement en 3x
CMD04736,2025-11-07 05:34,C0349,P027,2,0.1,Livrée,PayPal
CMD04737,2025-11-07 07:27,C0466,P023,1,0.2,Livrée,Carte bancaire
CMD04738,2025-11-07 07:57,C0050,P012,1,0.2,Livrée,Carte bancaire
CMD04739,2025-11-07 08:36,C0433,P012,1,0.0,Livrée,Carte bancaire
CMD04740,2025-11-07 09:11,C0254,P016,1,0.0,Livrée,PayPal
CMD04741,2025-11-07 11:14,C0962,P010,1,0.0,Livrée,PayPal
CMD04742,2025-11-07 11:17,C0858,P016,3,0.2,Livrée,Carte bancaire
CMD04743,2025-11-07 12:01,C1032,P012,1,0.0,Livrée,Carte bancaire
CMD04744,2025-11-07 12:07,C0371,P030,1,0.0,Livrée,Virement
CMD04745,2025-11-07 12:33,C0309,P030,1,0.3,Livrée,Paiement en 3x
CMD04746,2025-11-07 12:34,C0389,P035,1,0.0,Livrée,PayPal
CMD04747,2025-11-07 12:37,C0044,P016,3,0.1,Livrée,PayPal
CMD04748,2025-11-07 13:27,C0754,P022,1,0.1,Livrée,Carte bancaire
CMD04749,2025-11-07 13:45,C1075,P039,1,0.0,Livrée,Paiement en 3x
CMD04750,2025-11-07 14:06,C1035,P006,2,0.2,Livrée,Carte bancaire
CMD04751,2025-11-07 14:33,C0313,P005,2,0.1,Livrée,Carte bancaire
CMD04752,2025-11-07 15:49,C0584,P025,1,0.1,Retournée,PayPal
CMD04753,2025-11-07 16:20,C0431,P038,3,0.2,Livrée,Virement
CMD04754,2025-11-07 16:22,C0735,P032,3,0.1,Livrée,Carte bancaire
CMD04755,2025-11-07 17:39,C0600,P001,1,0.1,Livrée,Carte bancaire
CMD04756,2025-11-07 17:50,C0329,P027,1,0.0,Retournée,Carte bancaire
CMD04757,2025-11-07 18:38,C0403,P015,2,0.0,Livrée,PayPal
CMD04758,2025-11-07 18:43,C0666,P040,2,0.1,Livrée,Carte bancaire
CMD04759,2025-11-07 20:01,C0533,P019,3,0.2,Livrée,Carte bancaire
CMD04760,2025-11-07 20:27,C0016,P009,1,0.1,Livrée,Carte bancaire
CMD04761,2025-11-07 20:33,C0786,P038,1,0.0,Livrée,Carte bancaire
CMD04762,2025-11-07 20:47,C0421,P004,1,0.1,Livrée,Paiement en 3x
CMD04763,2025-11-07 20:48,C0145,P014,1,0.0,Livrée,Carte bancaire
CMD04764,2025-11-07 21:46,C0381,P007,1,0.0,Livrée,Carte bancaire
CMD04765,2025-11-07 22:11,C1108,P018,1,0.0,Livrée,Carte bancaire
CMD04766,2025-11-07 22:12,C1132,P002,1,0.1,Livrée,Paiement en 3x
CMD04767,2025-11-07 22:56,C0298,P016,1,0.1,Livrée,Carte bancaire
CMD04768,2025-11-07 23:21,C0373,P039,5,0.0,Livrée,Carte bancaire
CMD04769,2025-11-08 07:26,C1165,P036,1,0.2,Livrée,Paiement en 3x
CMD04770,2025-11-08 08:45,C0716,P009,1,0.0,Livrée,PayPal
CMD04771,2025-11-08 09:16,C0751,P032,2,0.0,Livrée,PayPal
CMD04772,2025-11-08 09:18,C0124,P016,2,0.1,Livrée,PayPal
CMD04773,2025-11-08 09:44,C0863,P001,1,0.2,Livrée,Paiement en 3x
CMD04774,2025-11-08 11:24,C0584,P033,1,0.1,Livrée,Paiement en 3x
CMD04775,2025-11-08 12:47,C0619,P024,1,0.0,Livrée,Carte bancaire
CMD04776,2025-11-08 12:47,C1076,P011,1,0.3,Livrée,PayPal
CMD04777,2025-11-08 12:51,C0190,P027,1,0.1,Livrée,PayPal
CMD04778,2025-11-08 13:02,C0919,P021,1,0.0,Livrée,Paiement en 3x
CMD04779,2025-11-08 13:04,C0294,P026,1,0.1,Livrée,Carte bancaire
CMD04780,2025-11-08 13:15,C0643,P025,3,0.1,Livrée,Carte bancaire
CMD04781,2025-11-08 13:34,C0115,P021,1,0.0,Annulée,PayPal
CMD04782,2025-11-08 13:44,C1143,P016,1,0.1,Livrée,Carte bancaire
CMD04783,2025-11-08 14:34,C0107,P030,1,0.0,Livrée,PayPal
CMD04784,2025-11-08 14:41,C1102,P023,1,0.0,Livrée,Carte bancaire
CMD04785,2025-11-08 14:42,C0920,P039,2,0.2,Livrée,PayPal
CMD04786,2025-11-08 15:02,C1164,P013,2,0.0,Livrée,Carte bancaire
CMD04787,2025-11-08 19:05,C0270,P025,1,0.1,Livrée,Carte bancaire
CMD04788,2025-11-08 19:19,C0692,P006,1,0.0,Livrée,Paiement en 3x
CMD04789,2025-11-08 19:22,C0728,P008,1,0.0,Livrée,Carte bancaire
CMD04790,2025-11-08 19:28,C1123,P020,1,0.1,Livrée,Carte bancaire
CMD04791,2025-11-08 19:33,C0189,P034,1,0.2,Livrée,Paiement en 3x
CMD04792,2025-11-08 19:56,C0993,P012,1,0.2,Livrée,Carte bancaire
CMD04793,2025-11-08 20:20,C0923,P011,2,0.3,Livrée,Carte bancaire
CMD04794,2025-11-08 20:23,C1032,P025,1,0.0,Livrée,Carte bancaire
CMD04795,2025-11-08 20:49,C0346,P002,1,0.2,Livrée,Carte bancaire
CMD04796,2025-11-08 21:40,C0188,P023,2,0.1,Livrée,Carte bancaire
CMD04797,2025-11-08 21:51,C0973,P017,1,0.0,Livrée,Virement
CMD04798,2025-11-08 21:59,C0742,P040,2,0.3,Livrée,PayPal
CMD04799,2025-11-08 22:08,C0294,P037,1,0.0,Livrée,PayPal
CMD04800,2025-11-08 22:44,C1130,P019,3,0.1,Livrée,Carte bancaire
CMD04801,2025-11-08 23:09,C0338,P006,2,0.3,Livrée,Paiement en 3x
CMD04802,2025-11-09 07:36,C0497,P017,5,0.2,Livrée,Carte bancaire
CMD04803,2025-11-09 08:41,C0072,P006,1,0.1,Livrée,Carte bancaire
CMD04804,2025-11-09 11:00,C0491,P001,1,0.2,Livrée,Carte bancaire
CMD04805,2025-11-09 11:04,C0435,P021,2,0.0,Livrée,Paiement en 3x
CMD04806,2025-11-09 11:10,C0329,P007,1,0.1,Livrée,Paiement en 3x
CMD04807,2025-11-09 11:11,C1081,P016,1,0.0,Livrée,PayPal
CMD04808,2025-11-09 11:13,C0497,P020,4,0.2,Livrée,Carte bancaire
CMD04809,2025-11-09 11:13,C1186,P012,1,0.2,Retournée,Carte bancaire
CMD04810,2025-11-09 12:15,C0419,P022,2,0.0,Livrée,Carte bancaire
CMD04811,2025-11-09 13:31,C0587,P017,1,0.2,Livrée,Virement
CMD04812,2025-11-09 13:35,C0589,P021,2,0.2,Livrée,Carte bancaire
CMD04813,2025-11-09 13:59,C0785,P039,1,0.1,Livrée,PayPal
CMD04814,2025-11-09 14:17,C0310,P029,1,0.2,Livrée,Carte bancaire
CMD04815,2025-11-09 14:35,C1030,P022,1,0.0,Livrée,Carte bancaire
CMD04816,2025-11-09 14:53,C0433,P037,1,0.0,Livrée,Carte bancaire
CMD04817,2025-11-09 17:08,C0900,P016,1,0.0,Livrée,Carte bancaire
CMD04818,2025-11-09 17:47,C0938,P008,1,0.1,Livrée,Carte bancaire
CMD04819,2025-11-09 19:04,C1011,P039,1,0.1,Livrée,Carte bancaire
CMD04820,2025-11-09 19:35,C0704,P011,1,0.3,Livrée,PayPal
CMD04821,2025-11-09 19:38,C1047,P034,1,0.0,Livrée,Carte bancaire
CMD04822,2025-11-09 19:38,C0497,P021,1,0.1,Livrée,PayPal
CMD04823,2025-11-09 19:55,C0782,P026,1,0.1,Livrée,PayPal
CMD04824,2025-11-09 21:16,C0428,P012,1,0.2,Livrée,Paiement en 3x
CMD04825,2025-11-09 21:37,C0408,P023,1,0.0,Livrée,PayPal
CMD04826,2025-11-09 22:50,C0215,P008,1,0.1,Livrée,Carte bancaire
CMD04827,2025-11-09 22:52,C0731,P035,1,0.3,Annulée,PayPal
CMD04828,2025-11-10 02:47,C0828,P027,1,0.0,Livrée,Paiement en 3x
CMD04829,2025-11-10 08:03,C0241,P025,2,0.2,Livrée,Virement
CMD04830,2025-11-10 11:18,C0031,P004,1,0.1,Livrée,Carte bancaire
CMD04831,2025-11-10 11:28,C0859,P004,1,0.0,Livrée,Paiement en 3x
CMD04832,2025-11-10 11:45,C0254,P015,1,0.1,Livrée,PayPal
CMD04833,2025-11-10 11:55,C0962,P003,4,0.0,Livrée,Paiement en 3x
CMD04834,2025-11-10 12:05,C0677,P008,3,0.0,Livrée,Paiement en 3x
CMD04835,2025-11-10 12:13,C0072,P002,1,0.2,Livrée,Paiement en 3x
CMD04836,2025-11-10 12:22,C0771,P010,2,0.2,Livrée,Paiement en 3x
CMD04837,2025-11-10 12:49,C1009,P024,1,0.3,Livrée,Carte bancaire
CMD04838,2025-11-10 16:07,C0202,P001,4,0.1,Livrée,Carte bancaire
CMD04839,2025-11-10 17:17,C1162,P023,2,0.1,Livrée,Carte bancaire
CMD04840,2025-11-10 18:05,C0735,P005,1,0.0,Livrée,Carte bancaire
CMD04841,2025-11-10 18:53,C0909,P033,1,0.1,Livrée,Carte bancaire
CMD04842,2025-11-10 20:38,C0849,P011,5,0.1,Annulée,Carte bancaire
CMD04843,2025-11-10 21:15,C0346,P026,4,0.1,Livrée,Carte bancaire
CMD04844,2025-11-10 21:34,C1165,P002,2,0.2,Livrée,Carte bancaire
CMD04845,2025-11-10 21:44,C0107,P037,1,0.3,Livrée,Carte bancaire
CMD04846,2025-11-10 22:51,C0037,P027,2,0.2,Livrée,PayPal
CMD04847,2025-11-10 23:29,C1030,P025,2,0.2,Livrée,Carte bancaire
CMD04848,2025-11-10 23:43,C0213,P021,1,0.1,Livrée,Paiement en 3x
CMD04849,2025-11-11 08:31,C0953,P015,1,0.0,Livrée,PayPal
CMD04850,2025-11-11 11:25,C0816,P040,3,0.1,Livrée,Carte bancaire
CMD04851,2025-11-11 11:54,C0082,P009,2,0.1,Livrée,Carte bancaire
CMD04852,2025-11-11 12:02,C0044,P034,2,0.2,Livrée,Carte bancaire
CMD04853,2025-11-11 13:49,C0016,P031,1,0.1,Livrée,PayPal
CMD04854,2025-11-11 14:04,C1015,P019,1,0.1,Livrée,Carte bancaire
CMD04855,2025-11-11 14:22,C1122,P010,1,0.1,Livrée,Carte bancaire
CMD04856,2025-11-11 15:26,C0228,P016,4,0.0,Retournée,Carte bancaire
CMD04857,2025-11-11 16:06,C0979,P023,1,0.1,Livrée,Paiement en 3x
CMD04858,2025-11-11 16:11,C0927,P013,2,0.2,Livrée,Carte bancaire
CMD04859,2025-11-11 17:52,C0001,P028,5,0.1,Livrée,Carte bancaire
CMD04860,2025-11-11 18:54,C0820,P039,1,0.1,Livrée,Carte bancaire
CMD04861,2025-11-11 18:58,C0074,P031,1,0.2,Livrée,Carte bancaire
CMD04862,2025-11-11 20:02,C1144,P025,1,0.0,Livrée,Carte bancaire
CMD04863,2025-11-11 20:09,C0998,P003,1,0.1,Livrée,Paiement en 3x
CMD04864,2025-11-11 20:41,C0802,P002,1,0.0,Livrée,Paiement en 3x
CMD04865,2025-11-11 21:02,C0938,P009,1,0.0,Livrée,Carte bancaire
CMD04866,2025-11-11 21:17,C0285,P026,2,0.1,Livrée,Carte bancaire
CMD04867,2025-11-11 21:52,C1062,P003,1,0.2,Livrée,Paiement en 3x
CMD04868,2025-11-11 22:16,C0228,P031,1,0.0,Livrée,Carte bancaire
CMD04869,2025-11-11 22:44,C1165,P017,4,0.2,Livrée,Carte bancaire
CMD04870,2025-11-12 00:54,C0311,P015,1,0.2,Retournée,Carte bancaire
CMD04871,2025-11-12 09:27,C1173,P014,1,0.0,Livrée,Carte bancaire
CMD04872,2025-11-12 10:14,C0069,P034,1,0.0,Livrée,Carte bancaire
CMD04873,2025-11-12 10:41,C1115,P024,1,0.1,Livrée,Paiement en 3x
CMD04874,2025-11-12 10:42,C0835,P004,1,0.1,Livrée,Carte bancaire
CMD04875,2025-11-12 11:43,C0524,P038,2,0.3,Annulée,PayPal
CMD04876,2025-11-12 11:44,C0536,P004,1,0.1,Annulée,PayPal
CMD04877,2025-11-12 11:50,C1112,P022,1,0.2,Livrée,PayPal
CMD04878,2025-11-12 12:07,C0345,P020,2,0.0,Livrée,PayPal
CMD04879,2025-11-12 12:20,C0729,P020,3,0.0,Livrée,Paiement en 3x
CMD04880,2025-11-12 13:54,C0213,P011,2,0.1,Annulée,Carte bancaire
CMD04881,2025-11-12 14:17,C0334,P019,1,0.1,Livrée,Carte bancaire
CMD04882,2025-11-12 14:40,C0137,P040,6,0.1,Livrée,Carte bancaire
CMD04883,2025-11-12 15:03,C0462,P027,1,0.3,Livrée,Carte bancaire
CMD04884,2025-11-12 15:44,C0858,P005,1,0.0,Livrée,Paiement en 3x
CMD04885,2025-11-12 16:00,C0074,P017,1,0.0,Livrée,Carte bancaire
CMD04886,2025-11-12 16:52,C0995,P038,2,0.0,Livrée,Carte bancaire
CMD04887,2025-11-12 17:25,C1165,P019,4,0.1,Retournée,Carte bancaire
CMD04888,2025-11-12 18:49,C0057,P027,3,0.0,Livrée,Carte bancaire
CMD04889,2025-11-12 19:08,C0769,P010,1,0.0,Retournée,Carte bancaire
CMD04890,2025-11-12 19:33,C0462,P014,2,0.3,Livrée,Carte bancaire
CMD04891,2025-11-12 19:39,C0736,P017,1,0.1,Retournée,Paiement en 3x
CMD04892,2025-11-12 19:45,C0453,P005,1,0.2,Livrée,Paiement en 3x
CMD04893,2025-11-12 20:02,C0621,P018,2,0.0,Livrée,PayPal
CMD04894,2025-11-12 20:08,C0683,P017,1,0.2,Livrée,Carte bancaire
CMD04895,2025-11-12 20:30,C0215,P010,3,0.1,Annulée,Carte bancaire
CMD04896,2025-11-12 22:58,C0892,P018,1,0.3,Livrée,Carte bancaire
CMD04897,2025-11-12 23:43,C0217,P037,1,0.1,Livrée,Paiement en 3x
CMD04898,2025-11-12 23:47,C0767,P021,1,0.3,Livrée,Paiement en 3x
CMD04899,2025-11-13 01:12,C0886,P019,1,0.1,Retournée,Carte bancaire
CMD04900,2025-11-13 08:39,C0847,P034,1,0.0,Livrée,Carte bancaire
CMD04901,2025-11-13 08:48,C0150,P033,2,0.0,Livrée,Paiement en 3x
CMD04902,2025-11-13 09:54,C0275,P015,4,0.2,Livrée,Carte bancaire
CMD04903,2025-11-13 11:11,C0922,P008,4,0.2,Livrée,PayPal
CMD04904,2025-11-13 11:22,C0335,P017,3,0.2,Livrée,Carte bancaire
CMD04905,2025-11-13 12:00,C0816,P024,1,0.1,Livrée,Paiement en 3x
CMD04906,2025-11-13 12:06,C0005,P037,1,0.0,Livrée,Carte bancaire
CMD04907,2025-11-13 12:26,C0375,P007,1,0.1,Livrée,Carte bancaire
CMD04908,2025-11-13 12:26,C1150,P004,1,0.0,Livrée,Carte bancaire
CMD04909,2025-11-13 12:28,C0727,P008,1,0.0,Livrée,Carte bancaire
CMD04910,2025-11-13 12:37,C0978,P037,2,0.3,Livrée,Carte bancaire
CMD04911,2025-11-13 12:40,C0995,P021,1,0.2,Livrée,Virement
CMD04912,2025-11-13 15:12,C0230,P007,1,0.0,Retournée,Virement
CMD04913,2025-11-13 15:31,C0736,P028,1,0.0,Retournée,Carte bancaire
CMD04914,2025-11-13 16:24,C0484,P007,3,0.1,Livrée,Carte bancaire
CMD04915,2025-11-13 17:36,C0783,P002,1,0.1,Livrée,Paiement en 3x
CMD04916,2025-11-13 18:34,C0217,P009,1,0.0,Livrée,Carte bancaire
CMD04917,2025-11-13 19:00,C0894,P028,1,0.1,Livrée,Carte bancaire
CMD04918,2025-11-13 19:12,C0381,P020,5,0.1,Livrée,Carte bancaire
CMD04919,2025-11-13 19:14,C0889,P014,1,0.1,Livrée,Carte bancaire
CMD04920,2025-11-13 20:16,C0213,P020,1,0.2,Livrée,Carte bancaire
CMD04921,2025-11-13 20:26,C0600,P005,1,0.1,Livrée,Carte bancaire
CMD04922,2025-11-13 20:28,C0927,P034,1,0.0,Livrée,Carte bancaire
CMD04923,2025-11-13 20:30,C1038,P019,1,0.2,Livrée,Carte bancaire
CMD04924,2025-11-13 21:00,C1041,P025,2,0.0,Livrée,Carte bancaire
CMD04925,2025-11-13 21:46,C0479,P025,1,0.0,Livrée,PayPal
CMD04926,2025-11-13 22:39,C0277,P015,1,0.1,Livrée,Carte bancaire
CMD04927,2025-11-13 23:52,C0589,P017,1,0.1,Retournée,Carte bancaire
CMD04928,2025-11-14 06:23,C0057,P004,1,0.0,Livrée,Paiement en 3x
CMD04929,2025-11-14 06:55,C1103,P023,1,0.3,Livrée,Carte bancaire
CMD04930,2025-11-14 07:53,C1095,P007,1,0.0,Livrée,Paiement en 3x
CMD04931,2025-11-14 10:30,C0854,P002,1,0.3,Retournée,Carte bancaire
CMD04932,2025-11-14 10:32,C0051,P013,2,0.2,Livrée,Carte bancaire
CMD04933,2025-11-14 11:52,C1149,P001,1,0.3,Livrée,Carte bancaire
CMD04934,2025-11-14 11:54,C0107,P026,1,0.1,Livrée,Carte bancaire
CMD04935,2025-11-14 12:03,C0033,P017,2,0.1,Livrée,Carte bancaire
CMD04936,2025-11-14 12:10,C0888,P038,5,0.0,Livrée,Carte bancaire
CMD04937,2025-11-14 12:43,C0728,P017,4,0.2,Livrée,Carte bancaire
CMD04938,2025-11-14 13:23,C0427,P032,3,0.0,Livrée,PayPal
CMD04939,2025-11-14 13:38,C0606,P006,1,0.3,Livrée,PayPal
CMD04940,2025-11-14 15:59,C0495,P024,1,0.2,Livrée,Carte bancaire
CMD04941,2025-11-14 16:19,C0980,P027,1,0.0,Livrée,Carte bancaire
CMD04942,2025-11-14 18:07,C0275,P027,1,0.1,Livrée,Paiement en 3x
CMD04943,2025-11-14 18:35,C1097,P031,1,0.1,Livrée,PayPal
CMD04944,2025-11-14 19:14,C0892,P026,2,0.0,Livrée,PayPal
CMD04945,2025-11-14 19:51,C0186,P032,4,0.1,Livrée,Carte bancaire
CMD04946,2025-11-14 20:12,C1155,P004,2,0.2,Livrée,Carte bancaire
CMD04947,2025-11-14 21:30,C0214,P006,1,0.2,Annulée,Paiement en 3x
CMD04948,2025-11-14 21:55,C0554,P001,1,0.0,Livrée,Virement
CMD04949,2025-11-14 22:18,C0898,P026,2,0.0,Livrée,Carte bancaire
CMD04950,2025-11-15 00:04,C0421,P019,2,0.0,Livrée,Carte bancaire
CMD04951,2025-11-15 00:43,C0968,P007,1,0.2,Livrée,Paiement en 3x
CMD04952,2025-11-15 06:23,C0995,P012,1,0.0,Livrée,Carte bancaire
CMD04953,2025-11-15 09:03,C0271,P011,1,0.0,Livrée,PayPal
CMD04954,2025-11-15 09:17,C0895,P030,1,0.0,Livrée,Carte bancaire
CMD04955,2025-11-15 09:49,C1014,P004,2,0.1,Livrée,Paiement en 3x
CMD04956,2025-11-15 11:31,C0330,P009,2,0.1,Livrée,Paiement en 3x
CMD04957,2025-11-15 11:36,C0143,P016,1,0.2,Livrée,Carte bancaire
CMD04958,2025-11-15 11:57,C0630,P003,4,0.2,Livrée,Carte bancaire
CMD04959,2025-11-15 12:32,C0646,P032,1,0.1,Livrée,Carte bancaire
CMD04960,2025-11-15 12:42,C0778,P011,1,0.1,Livrée,Carte bancaire
CMD04961,2025-11-15 12:56,C0253,P035,2,0.0,Livrée,Carte bancaire
CMD04962,2025-11-15 13:01,C0167,P029,3,0.1,Livrée,Carte bancaire
CMD04963,2025-11-15 13:40,C1045,P008,4,0.2,Livrée,Carte bancaire
CMD04964,2025-11-15 13:41,C0254,P007,2,0.0,Livrée,Carte bancaire
CMD04965,2025-11-15 13:57,C0938,P006,1,0.2,Livrée,Carte bancaire
CMD04966,2025-11-15 17:04,C0275,P019,1,0.0,Livrée,PayPal
CMD04967,2025-11-15 17:12,C1055,P020,1,0.2,Livrée,Carte bancaire
CMD04968,2025-11-15 19:12,C0141,P002,1,0.3,Livrée,Paiement en 3x
CMD04969,2025-11-15 20:27,C0376,P015,1,0.0,Livrée,Virement
CMD04970,2025-11-15 20:31,C0886,P004,1,0.1,Livrée,PayPal
CMD04971,2025-11-15 20:35,C0532,P024,1,0.1,Livrée,Carte bancaire
CMD04972,2025-11-15 20:37,C0012,P003,1,0.0,Livrée,Carte bancaire
CMD04973,2025-11-15 20:54,C0497,P035,2,0.1,Livrée,PayPal
CMD04974,2025-11-15 21:22,C0854,P007,1,0.2,Livrée,Carte bancaire
CMD04975,2025-11-15 21:38,C0934,P015,2,0.0,Livrée,Carte bancaire
CMD04976,2025-11-15 21:51,C0337,P004,2,0.0,Livrée,PayPal
CMD04977,2025-11-15 22:19,C0618,P025,1,0.2,Livrée,Carte bancaire
CMD04978,2025-11-15 22:59,C0762,P002,1,0.0,Livrée,Paiement en 3x
CMD04979,2025-11-16 00:58,C0600,P004,1,0.1,Livrée,Carte bancaire
CMD04980,2025-11-16 06:13,C0072,P002,1,0.1,Livrée,Paiement en 3x
CMD04981,2025-11-16 11:00,C1000,P025,2,0.1,Livrée,Carte bancaire
CMD04982,2025-11-16 11:20,C0046,P001,2,0.2,Livrée,Paiement en 3x
CMD04983,2025-11-16 11:29,C0448,P008,3,0.2,Livrée,Virement
CMD04984,2025-11-16 12:19,C0719,P036,1,0.1,Livrée,Carte bancaire
CMD04985,2025-11-16 14:56,C0664,P013,2,0.0,Livrée,Paiement en 3x
CMD04986,2025-11-16 17:22,C1081,P038,3,0.0,Annulée,PayPal
CMD04987,2025-11-16 17:39,C0589,P025,1,0.2,Livrée,Carte bancaire
CMD04988,2025-11-16 17:58,C0516,P002,3,0.0,Livrée,Carte bancaire
CMD04989,2025-11-16 18:21,C0765,P012,2,0.1,Livrée,PayPal
CMD04990,2025-11-16 18:24,C0228,P019,1,0.2,Livrée,Carte bancaire
CMD04991,2025-11-16 18:32,C0213,P017,2,0.2,Livrée,PayPal
CMD04992,2025-11-16 19:13,C0787,P034,1,0.0,Livrée,Carte bancaire
CMD04993,2025-11-16 20:00,C0309,P018,1,0.0,Livrée,Virement
CMD04994,2025-11-16 20:08,C0214,P026,2,0.0,Livrée,Carte bancaire
CMD04995,2025-11-16 21:08,C1109,P025,1,0.3,Livrée,Carte bancaire
CMD04996,2025-11-16 21:25,C0383,P003,3,0.2,Livrée,Paiement en 3x
CMD04997,2025-11-16 21:35,C0886,P009,1,0.1,Livrée,Carte bancaire
CMD04998,2025-11-16 22:39,C0898,P036,2,0.1,Livrée,Carte bancaire
CMD04999,2025-11-17 07:53,C0926,P007,3,0.0,Livrée,Carte bancaire
CMD05000,2025-11-17 09:34,C0466,P019,3,0.2,Livrée,PayPal
CMD05001,2025-11-17 09:36,C0373,P039,1,0.3,Retournée,Carte bancaire
CMD05002,2025-11-17 09:39,C0027,P029,1,0.3,Livrée,PayPal
CMD05003,2025-11-17 12:38,C0878,P028,1,0.2,Livrée,PayPal
CMD05004,2025-11-17 13:13,C0757,P001,1,0.1,Retournée,Carte bancaire
CMD05005,2025-11-17 13:46,C0993,P025,1,0.0,Livrée,Virement
CMD05006,2025-11-17 14:21,C0136,P031,4,0.0,Livrée,PayPal
CMD05007,2025-11-17 16:41,C0853,P014,1,0.0,Livrée,Carte bancaire
CMD05008,2025-11-17 16:53,C0168,P008,4,0.1,Livrée,Carte bancaire
CMD05009,2025-11-17 17:49,C0072,P020,2,0.0,Livrée,Carte bancaire
CMD05010,2025-11-17 18:32,C0806,P009,1,0.2,Livrée,Carte bancaire
CMD05011,2025-11-17 19:16,C0418,P039,2,0.1,Livrée,Carte bancaire
CMD05012,2025-11-17 19:36,C0060,P019,1,0.0,Livrée,Virement
CMD05013,2025-11-17 19:44,C0163,P025,2,0.0,Livrée,Paiement en 3x
CMD05014,2025-11-17 19:55,C0640,P010,2,0.0,Livrée,Carte bancaire
CMD05015,2025-11-17 20:30,C0543,P020,5,0.1,Livrée,PayPal
CMD05016,2025-11-17 20:49,C0225,P001,1,0.0,Livrée,Paiement en 3x
CMD05017,2025-11-17 20:50,C0737,P021,1,0.3,Livrée,PayPal
CMD05018,2025-11-17 21:07,C1133,P015,2,0.0,Annulée,Carte bancaire
CMD05019,2025-11-17 21:31,C0027,P025,3,0.1,Livrée,Carte bancaire
CMD05020,2025-11-18 08:25,C1000,P018,2,0.2,Livrée,Carte bancaire
CMD05021,2025-11-18 08:51,C1026,P037,3,0.2,Annulée,Carte bancaire
CMD05022,2025-11-18 09:48,C0191,P009,3,0.1,Livrée,PayPal
CMD05023,2025-11-18 10:03,C0751,P009,2,0.2,Livrée,PayPal
CMD05024,2025-11-18 10:10,C0993,P021,1,0.2,Livrée,Carte bancaire
CMD05025,2025-11-18 10:13,C0036,P006,1,0.2,Livrée,Carte bancaire
CMD05026,2025-11-18 11:10,C0381,P018,2,0.2,Retournée,Carte bancaire
CMD05027,2025-11-18 12:36,C0938,P006,4,0.1,Annulée,Paiement en 3x
CMD05028,2025-11-18 12:42,C0771,P010,2,0.0,Livrée,Carte bancaire
CMD05029,2025-11-18 15:03,C0526,P001,3,0.0,Livrée,PayPal
CMD05030,2025-11-18 15:51,C0408,P034,1,0.2,Livrée,PayPal
CMD05031,2025-11-18 15:55,C1032,P015,2,0.1,Livrée,Carte bancaire
CMD05032,2025-11-18 16:30,C1176,P019,1,0.1,Livrée,PayPal
CMD05033,2025-11-18 17:21,C1117,P012,1,0.1,Livrée,Carte bancaire
CMD05034,2025-11-18 17:57,C1185,P008,1,0.0,Livrée,Carte bancaire
CMD05035,2025-11-18 19:03,C0736,P003,1,0.1,Livrée,Carte bancaire
CMD05036,2025-11-18 19:23,C0898,P005,1,0.0,Livrée,Paiement en 3x
CMD05037,2025-11-18 20:29,C0821,P010,2,0.0,Livrée,Carte bancaire
CMD05038,2025-11-18 20:33,C0968,P006,1,0.1,Livrée,Carte bancaire
CMD05039,2025-11-18 21:44,C0503,P014,2,0.2,Retournée,PayPal
CMD05040,2025-11-18 22:04,C0240,P011,1,0.2,Livrée,Carte bancaire
CMD05041,2025-11-18 22:51,C0933,P006,1,0.2,Livrée,Carte bancaire
CMD05042,2025-11-18 23:14,C0349,P018,2,0.1,Livrée,Paiement en 3x
CMD05043,2025-11-19 07:36,C0021,P027,4,0.3,Livrée,Carte bancaire
CMD05044,2025-11-19 08:05,C0044,P022,1,0.0,Annulée,Carte bancaire
CMD05045,2025-11-19 09:43,C0142,P035,1,0.2,Livrée,PayPal
CMD05046,2025-11-19 11:20,C0202,P008,1,0.1,Livrée,PayPal
CMD05047,2025-11-19 11:43,C0416,P013,1,0.2,Livrée,Carte bancaire
CMD05048,2025-11-19 12:12,C0050,P002,1,0.2,Livrée,Carte bancaire
CMD05049,2025-11-19 12:12,C0278,P007,1,0.1,Livrée,Carte bancaire
CMD05050,2025-11-19 12:52,C1000,P036,3,0.1,Livrée,Carte bancaire
CMD05051,2025-11-19 13:29,C1112,P002,1,0.1,Livrée,Carte bancaire
CMD05052,2025-11-19 13:32,C0731,P020,1,0.0,Livrée,PayPal
CMD05053,2025-11-19 14:20,C1025,P026,1,0.2,Livrée,Carte bancaire
CMD05054,2025-11-19 14:47,C0235,P036,5,0.1,Livrée,Carte bancaire
CMD05055,2025-11-19 17:07,C0835,P006,1,0.2,Livrée,PayPal
CMD05056,2025-11-19 17:26,C0384,P022,1,0.3,Livrée,Paiement en 3x
CMD05057,2025-11-19 18:06,C0542,P002,1,0.0,Livrée,Carte bancaire
CMD05058,2025-11-19 18:30,C1115,P018,2,0.1,Livrée,Carte bancaire
CMD05059,2025-11-19 19:22,C0698,P009,1,0.1,Livrée,Carte bancaire
CMD05060,2025-11-19 19:29,C1133,P011,2,0.1,Livrée,PayPal
CMD05061,2025-11-19 19:59,C0994,P018,2,0.0,Livrée,PayPal
CMD05062,2025-11-19 20:46,C0294,P005,1,0.0,Livrée,Carte bancaire
CMD05063,2025-11-19 20:51,C0898,P005,2,0.0,Livrée,PayPal
CMD05064,2025-11-19 20:54,C0175,P025,2,0.3,Livrée,Paiement en 3x
CMD05065,2025-11-19 21:18,C0437,P029,3,0.2,Livrée,Carte bancaire
CMD05066,2025-11-19 21:25,C0010,P007,1,0.0,Livrée,Paiement en 3x
CMD05067,2025-11-19 21:28,C0094,P018,1,0.0,Livrée,PayPal
CMD05068,2025-11-19 21:48,C0970,P012,1,0.0,Livrée,PayPal
CMD05069,2025-11-19 22:15,C1022,P014,1,0.2,Livrée,Carte bancaire
CMD05070,2025-11-19 22:58,C0526,P028,1,0.2,Livrée,Paiement en 3x
CMD05071,2025-11-20 00:26,C0894,P025,1,0.1,Livrée,Carte bancaire
CMD05072,2025-11-20 06:37,C0406,P011,1,0.0,Livrée,Paiement en 3x
CMD05073,2025-11-20 07:30,C0299,P025,1,0.2,Livrée,Carte bancaire
CMD05074,2025-11-20 08:06,C0043,P019,2,0.0,Livrée,PayPal
CMD05075,2025-11-20 09:25,C1127,P009,3,0.0,Livrée,PayPal
CMD05076,2025-11-20 09:38,C1133,P006,4,0.2,Livrée,Paiement en 3x
CMD05077,2025-11-20 10:50,C0066,P021,3,0.1,Retournée,Carte bancaire
CMD05078,2025-11-20 10:54,C0826,P010,1,0.3,Livrée,Carte bancaire
CMD05079,2025-11-20 12:11,C0215,P006,1,0.3,Livrée,PayPal
CMD05080,2025-11-20 12:35,C0195,P005,1,0.2,Livrée,Carte bancaire
CMD05081,2025-11-20 12:48,C1075,P015,1,0.2,Livrée,PayPal
CMD05082,2025-11-20 12:56,C0218,P018,1,0.0,Livrée,PayPal
CMD05083,2025-11-20 13:00,C0445,P015,3,0.1,Livrée,Carte bancaire
CMD05084,2025-11-20 13:13,C0098,P022,1,0.2,Livrée,Carte bancaire
CMD05085,2025-11-20 13:58,C0254,P004,1,0.2,Livrée,Paiement en 3x
CMD05086,2025-11-20 14:20,C0266,P014,2,0.2,Livrée,Paiement en 3x
CMD05087,2025-11-20 15:33,C0418,P028,5,0.3,Livrée,Carte bancaire
CMD05088,2025-11-20 16:11,C1109,P008,1,0.2,Livrée,Carte bancaire
CMD05089,2025-11-20 17:32,C0930,P023,2,0.3,Livrée,Carte bancaire
CMD05090,2025-11-20 18:08,C0589,P008,1,0.0,Retournée,Paiement en 3x
CMD05091,2025-11-20 18:31,C0441,P010,4,0.0,Livrée,Carte bancaire
CMD05092,2025-11-20 18:32,C0927,P022,2,0.0,Livrée,PayPal
CMD05093,2025-11-20 19:34,C0917,P015,1,0.1,Livrée,PayPal
CMD05094,2025-11-20 20:26,C0107,P002,1,0.1,Livrée,Carte bancaire
CMD05095,2025-11-20 20:46,C0394,P010,4,0.1,Livrée,PayPal
CMD05096,2025-11-20 20:47,C1120,P018,2,0.0,Livrée,PayPal
CMD05097,2025-11-20 21:37,C1056,P030,1,0.0,Livrée,Paiement en 3x
CMD05098,2025-11-20 21:44,C0191,P016,1,0.0,Livrée,PayPal
CMD05099,2025-11-20 21:52,C0328,P003,2,0.2,Livrée,Carte bancaire
CMD05100,2025-11-20 22:35,C0118,P035,2,0.0,Livrée,Carte bancaire
CMD05101,2025-11-20 22:47,C0742,P037,2,0.0,Livrée,Carte bancaire
CMD05102,2025-11-20 22:53,C0040,P011,2,0.2,Annulée,Virement
CMD05103,2025-11-21 07:24,C0419,P038,1,0.0,Livrée,Carte bancaire
CMD05104,2025-11-21 07:58,C0542,P007,1,0.0,Livrée,PayPal
CMD05105,2025-11-21 08:11,C0031,P002,3,0.1,Livrée,Paiement en 3x
CMD05106,2025-11-21 09:08,C0188,P017,1,0.3,Retournée,Carte bancaire
CMD05107,2025-11-21 09:53,C0766,P027,2,0.2,Livrée,Paiement en 3x
CMD05108,2025-11-21 11:54,C0008,P008,1,0.2,Livrée,PayPal
CMD05109,2025-11-21 12:19,C0816,P033,1,0.0,Livrée,Carte bancaire
CMD05110,2025-11-21 12:48,C1121,P029,2,0.3,Livrée,Carte bancaire
CMD05111,2025-11-21 13:24,C1129,P024,1,0.2,Livrée,Carte bancaire
CMD05112,2025-11-21 13:28,C0618,P038,3,0.1,Livrée,Carte bancaire
CMD05113,2025-11-21 13:50,C0962,P014,1,0.2,Livrée,Carte bancaire
CMD05114,2025-11-21 16:09,C1156,P028,1,0.2,Livrée,Carte bancaire
CMD05115,2025-11-21 16:33,C0168,P039,2,0.2,Livrée,Carte bancaire
CMD05116,2025-11-21 16:38,C1186,P032,1,0.0,Livrée,Carte bancaire
CMD05117,2025-11-21 16:52,C0413,P023,1,0.0,Livrée,Carte bancaire
CMD05118,2025-11-21 16:53,C0178,P008,4,0.2,Livrée,Carte bancaire
CMD05119,2025-11-21 17:26,C0187,P020,1,0.3,Retournée,Carte bancaire
CMD05120,2025-11-21 20:21,C0018,P016,2,0.0,Livrée,Carte bancaire
CMD05121,2025-11-21 21:30,C0430,P004,2,0.1,Livrée,PayPal
CMD05122,2025-11-22 06:14,C0918,P038,1,0.1,Livrée,Carte bancaire
CMD05123,2025-11-22 07:17,C0610,P016,1,0.2,Livrée,Carte bancaire
CMD05124,2025-11-22 10:18,C0782,P014,1,0.1,Livrée,Carte bancaire
CMD05125,2025-11-22 10:49,C0774,P028,1,0.3,Livrée,Carte bancaire
CMD05126,2025-11-22 11:11,C0098,P037,1,0.1,Annulée,PayPal
CMD05127,2025-11-22 11:13,C1149,P021,1,0.0,Livrée,Carte bancaire
CMD05128,2025-11-22 11:23,C0421,P022,1,0.1,Livrée,Paiement en 3x
CMD05129,2025-11-22 11:36,C0308,P006,3,0.0,Livrée,Paiement en 3x
CMD05130,2025-11-22 12:14,C0542,P010,3,0.1,Livrée,Carte bancaire
CMD05131,2025-11-22 12:48,C0189,P016,1,0.1,Livrée,Carte bancaire
CMD05132,2025-11-22 12:54,C0687,P006,1,0.2,Livrée,PayPal
CMD05133,2025-11-22 14:18,C0381,P035,2,0.1,Livrée,Carte bancaire
CMD05134,2025-11-22 15:03,C0898,P003,2,0.3,Livrée,PayPal
CMD05135,2025-11-22 15:55,C0373,P030,1,0.1,Livrée,Carte bancaire
CMD05136,2025-11-22 16:32,C0852,P016,1,0.2,Livrée,Carte bancaire
CMD05137,2025-11-22 16:40,C0535,P003,1,0.1,Livrée,Carte bancaire
CMD05138,2025-11-22 17:42,C0926,P039,3,0.1,Livrée,Virement
CMD05139,2025-11-22 18:02,C0348,P017,1,0.0,Livrée,PayPal
CMD05140,2025-11-22 18:11,C0993,P020,3,0.3,Livrée,PayPal
CMD05141,2025-11-22 18:32,C1081,P029,1,0.0,Livrée,Carte bancaire
CMD05142,2025-11-22 19:15,C0098,P034,1,0.2,Retournée,Carte bancaire
CMD05143,2025-11-22 19:40,C0442,P017,1,0.2,Livrée,Carte bancaire
CMD05144,2025-11-22 20:03,C0168,P034,1,0.3,Livrée,Paiement en 3x
CMD05145,2025-11-22 20:07,C0538,P006,1,0.2,Livrée,Paiement en 3x
CMD05146,2025-11-22 20:12,C0993,P038,2,0.1,Livrée,Carte bancaire
CMD05147,2025-11-22 20:31,C0796,P014,1,0.1,Livrée,Carte bancaire
CMD05148,2025-11-22 20:32,C0736,P032,1,0.0,Livrée,Carte bancaire
CMD05149,2025-11-22 20:48,C0604,P012,1,0.3,Livrée,Carte bancaire
CMD05150,2025-11-22 20:53,C0688,P017,1,0.2,Livrée,Carte bancaire
CMD05151,2025-11-22 21:12,C0110,P006,1,0.1,Livrée,Paiement en 3x
CMD05152,2025-11-22 21:39,C0045,P024,1,0.2,Livrée,Carte bancaire
CMD05153,2025-11-22 21:39,C0288,P023,1,0.0,Livrée,Carte bancaire
CMD05154,2025-11-22 22:01,C0381,P027,3,0.3,Livrée,Carte bancaire
CMD05155,2025-11-23 06:54,C0497,P019,5,0.0,Livrée,Carte bancaire
CMD05156,2025-11-23 09:24,C0933,P015,1,0.0,Livrée,Paiement en 3x
CMD05157,2025-11-23 10:19,C0700,P010,1,0.1,Annulée,Paiement en 3x
CMD05158,2025-11-23 10:55,C0533,P009,2,0.1,Livrée,PayPal
CMD05159,2025-11-23 11:19,C0542,P010,1,0.0,Livrée,Carte bancaire
CMD05160,2025-11-23 11:47,C0698,P014,4,0.3,Livrée,Carte bancaire
CMD05161,2025-11-23 11:59,C0409,P025,1,0.0,Livrée,Carte bancaire
CMD05162,2025-11-23 12:08,C0672,P023,1,0.1,Livrée,Virement
CMD05163,2025-11-23 12:08,C0551,P021,3,0.3,Livrée,Carte bancaire
CMD05164,2025-11-23 12:14,C0146,P025,1,0.2,Retournée,Carte bancaire
CMD05165,2025-11-23 12:41,C0190,P014,2,0.1,Livrée,Carte bancaire
CMD05166,2025-11-23 13:18,C0786,P020,4,0.3,Livrée,Carte bancaire
CMD05167,2025-11-23 13:23,C0044,P020,3,0.1,Livrée,PayPal
CMD05168,2025-11-23 13:36,C0182,P014,1,0.0,Livrée,Carte bancaire
CMD05169,2025-11-23 14:41,C0962,P030,1,0.0,Livrée,PayPal
CMD05170,2025-11-23 14:50,C0345,P011,4,0.1,Livrée,Carte bancaire
CMD05171,2025-11-23 15:06,C0110,P019,1,0.3,Livrée,Carte bancaire
CMD05172,2025-11-23 16:16,C1070,P015,1,0.2,Livrée,Carte bancaire
CMD05173,2025-11-23 17:25,C0768,P002,2,0.2,Livrée,PayPal
CMD05174,2025-11-23 18:01,C1081,P006,1,0.1,Retournée,Paiement en 3x
CMD05175,2025-11-23 18:03,C0107,P032,1,0.1,Livrée,Carte bancaire
CMD05176,2025-11-23 18:05,C0919,P002,1,0.0,Livrée,Carte bancaire
CMD05177,2025-11-23 18:10,C0813,P037,2,0.0,Livrée,Carte bancaire
CMD05178,2025-11-23 18:41,C1074,P036,2,0.2,Annulée,Carte bancaire
CMD05179,2025-11-23 19:07,C0074,P035,1,0.1,Livrée,PayPal
CMD05180,2025-11-23 19:16,C0824,P026,3,0.1,Livrée,Carte bancaire
CMD05181,2025-11-23 19:19,C0107,P009,4,0.3,Livrée,Carte bancaire
CMD05182,2025-11-23 19:52,C1133,P024,3,0.2,Livrée,Carte bancaire
CMD05183,2025-11-23 19:57,C0900,P024,1,0.1,Livrée,Carte bancaire
CMD05184,2025-11-23 19:59,C0220,P025,1,0.2,Livrée,Carte bancaire
CMD05185,2025-11-23 20:31,C0533,P034,1,0.0,Livrée,Carte bancaire
CMD05186,2025-11-23 21:20,C0188,P008,1,0.0,Livrée,Carte bancaire
CMD05187,2025-11-23 21:34,C0977,P028,1,0.1,Livrée,PayPal
CMD05188,2025-11-23 21:43,C0044,P013,1,0.0,Livrée,Carte bancaire
CMD05189,2025-11-23 22:09,C0692,P013,2,0.1,Livrée,Carte bancaire
CMD05190,2025-11-23 23:54,C0245,P020,1,0.1,Livrée,Paiement en 3x
CMD05191,2025-11-24 00:24,C0269,P026,2,0.2,Livrée,Paiement en 3x
CMD05192,2025-11-24 07:53,C0114,P014,3,0.3,Livrée,Carte bancaire
CMD05193,2025-11-24 07:53,C0785,P027,1,0.1,Livrée,Carte bancaire
CMD05194,2025-11-24 09:50,C0846,P004,3,0.2,Livrée,Paiement en 3x
CMD05195,2025-11-24 09:51,C0046,P001,5,0.1,Livrée,Virement
CMD05196,2025-11-24 10:34,C0193,P004,1,0.0,Livrée,Paiement en 3x
CMD05197,2025-11-24 10:51,C1081,P012,1,0.2,Livrée,Carte bancaire
CMD05198,2025-11-24 11:11,C0118,P019,1,0.0,Livrée,Carte bancaire
CMD05199,2025-11-24 11:21,C0118,P024,1,0.0,Livrée,Carte bancaire
CMD05200,2025-11-24 11:30,C0338,P018,3,0.2,Livrée,PayPal
CMD05201,2025-11-24 11:43,C0552,P020,4,0.1,Livrée,Carte bancaire
CMD05202,2025-11-24 12:18,C0898,P004,2,0.0,Retournée,PayPal
CMD05203,2025-11-24 12:34,C0107,P016,4,0.0,Livrée,Paiement en 3x
CMD05204,2025-11-24 12:41,C0750,P007,5,0.0,Livrée,Carte bancaire
CMD05205,2025-11-24 13:04,C0381,P014,1,0.2,Livrée,PayPal
CMD05206,2025-11-24 13:10,C1112,P035,3,0.3,Livrée,PayPal
CMD05207,2025-11-24 13:23,C0330,P018,1,0.0,Livrée,Carte bancaire
CMD05208,2025-11-24 13:39,C0953,P014,2,0.2,Livrée,Carte bancaire
CMD05209,2025-11-24 13:41,C1047,P025,1,0.2,Livrée,Carte bancaire
CMD05210,2025-11-24 13:51,C0016,P018,1,0.0,Livrée,Carte bancaire
CMD05211,2025-11-24 14:02,C0512,P023,3,0.3,Livrée,Carte bancaire
CMD05212,2025-11-24 14:40,C0430,P001,1,0.3,Livrée,PayPal
CMD05213,2025-11-24 14:53,C1028,P007,3,0.0,Livrée,Carte bancaire
CMD05214,2025-11-24 15:11,C0185,P015,5,0.2,Livrée,Paiement en 3x
CMD05215,2025-11-24 15:15,C0065,P017,1,0.2,Livrée,Carte bancaire
CMD05216,2025-11-24 15:17,C0431,P017,5,0.0,Livrée,PayPal
CMD05217,2025-11-24 16:23,C0118,P008,1,0.3,Livrée,Carte bancaire
CMD05218,2025-11-24 16:25,C0497,P014,1,0.0,Livrée,Carte bancaire
CMD05219,2025-11-24 16:45,C0422,P021,1,0.1,Livrée,Carte bancaire
CMD05220,2025-11-24 16:54,C1085,P027,3,0.0,Livrée,Carte bancaire
CMD05221,2025-11-24 17:04,C0288,P006,1,0.0,Retournée,Paiement en 3x
CMD05222,2025-11-24 17:17,C0662,P010,1,0.0,Livrée,Carte bancaire
CMD05223,2025-11-24 17:23,C0142,P013,1,0.0,Livrée,Carte bancaire
CMD05224,2025-11-24 17:42,C1133,P014,2,0.2,Livrée,Carte bancaire
CMD05225,2025-11-24 17:52,C0205,P024,2,0.2,Livrée,PayPal
CMD05226,2025-11-24 18:03,C1040,P005,1,0.0,Livrée,Carte bancaire
CMD05227,2025-11-24 18:11,C0829,P014,2,0.1,Livrée,PayPal
CMD05228,2025-11-24 18:16,C0168,P004,1,0.1,Livrée,Carte bancaire
CMD05229,2025-11-24 18:18,C0879,P011,1,0.2,Livrée,Carte bancaire
CMD05230,2025-11-24 18:37,C0046,P003,1,0.0,Livrée,Virement
CMD05231,2025-11-24 18:48,C0440,P004,1,0.1,Livrée,Carte bancaire
CMD05232,2025-11-24 18:54,C1165,P006,1,0.1,Livrée,PayPal
CMD05233,2025-11-24 19:45,C0213,P036,2,0.1,Livrée,Paiement en 3x
CMD05234,2025-11-24 19:48,C0589,P016,3,0.0,Livrée,Carte bancaire
CMD05235,2025-11-24 19:54,C0040,P010,1,0.1,Livrée,Carte bancaire
CMD05236,2025-11-24 19:58,C0094,P035,2,0.0,Livrée,Paiement en 3x
CMD05237,2025-11-24 20:17,C0220,P017,1,0.3,Livrée,Carte bancaire
CMD05238,2025-11-24 20:19,C0413,P031,1,0.0,Livrée,PayPal
CMD05239,2025-11-24 20:26,C1081,P023,1,0.0,Livrée,PayPal
CMD05240,2025-11-24 20:33,C1112,P003,2,0.2,Livrée,Carte bancaire
CMD05241,2025-11-24 20:56,C0254,P008,2,0.0,Livrée,Carte bancaire
CMD05242,2025-11-24 21:35,C0122,P039,4,0.0,Livrée,Carte bancaire
CMD05243,2025-11-24 21:52,C0034,P010,3,0.2,Livrée,Carte bancaire
CMD05244,2025-11-24 23:08,C0280,P001,1,0.0,Livrée,Carte bancaire
CMD05245,2025-11-24 23:48,C0995,P010,1,0.0,Livrée,Carte bancaire
CMD05246,2025-11-25 06:11,C0712,P003,3,0.0,Livrée,Paiement en 3x
CMD05247,2025-11-25 06:19,C1081,P014,1,0.0,Livrée,Carte bancaire
CMD05248,2025-11-25 07:01,C1040,P037,2,0.2,Annulée,Carte bancaire
CMD05249,2025-11-25 08:14,C0228,P008,2,0.2,Livrée,PayPal
CMD05250,2025-11-25 09:05,C1066,P007,1,0.3,Livrée,PayPal
CMD05251,2025-11-25 09:09,C0881,P022,2,0.0,Livrée,Carte bancaire
CMD05252,2025-11-25 09:17,C0716,P008,1,0.3,Livrée,PayPal
CMD05253,2025-11-25 10:20,C0962,P039,5,0.1,Livrée,Paiement en 3x
CMD05254,2025-11-25 10:28,C0072,P016,1,0.0,Livrée,Paiement en 3x
CMD05255,2025-11-25 10:31,C1173,P002,1,0.0,Livrée,Carte bancaire
CMD05256,2025-11-25 10:49,C0458,P006,1,0.2,Livrée,Carte bancaire
CMD05257,2025-11-25 10:56,C0379,P022,2,0.0,Livrée,Carte bancaire
CMD05258,2025-11-25 11:22,C1095,P038,2,0.1,Livrée,Carte bancaire
CMD05259,2025-11-25 11:59,C1030,P005,1,0.1,Livrée,PayPal
CMD05260,2025-11-25 12:22,C0679,P013,1,0.0,Livrée,Paiement en 3x
CMD05261,2025-11-25 12:25,C1109,P028,3,0.2,Livrée,Carte bancaire
CMD05262,2025-11-25 12:36,C1048,P006,4,0.2,Livrée,Paiement en 3x
CMD05263,2025-11-25 12:56,C0526,P014,1,0.1,Livrée,Carte bancaire
CMD05264,2025-11-25 13:03,C1112,P035,2,0.2,Livrée,Carte bancaire
CMD05265,2025-11-25 13:04,C0036,P039,1,0.1,Livrée,PayPal
CMD05266,2025-11-25 13:06,C0307,P019,1,0.1,Annulée,Carte bancaire
CMD05267,2025-11-25 14:14,C0467,P016,1,0.0,Livrée,Paiement en 3x
CMD05268,2025-11-25 14:30,C1066,P030,2,0.0,Annulée,PayPal
CMD05269,2025-11-25 14:51,C0746,P027,1,0.1,Livrée,Carte bancaire
CMD05270,2025-11-25 15:34,C1138,P036,1,0.1,Livrée,Carte bancaire
CMD05271,2025-11-25 17:16,C0244,P032,1,0.1,Livrée,Virement
CMD05272,2025-11-25 17:16,C0001,P029,1,0.1,Livrée,PayPal
CMD05273,2025-11-25 19:02,C0334,P002,1,0.2,Livrée,Paiement en 3x
CMD05274,2025-11-25 19:25,C0859,P006,2,0.2,Livrée,Carte bancaire
CMD05275,2025-11-25 19:34,C0993,P007,1,0.3,Livrée,Carte bancaire
CMD05276,2025-11-25 19:58,C0820,P023,2,0.3,Livrée,Carte bancaire
CMD05277,2025-11-25 20:03,C0010,P028,3,0.1,Livrée,Carte bancaire
CMD05278,2025-11-25 20:40,C0704,P020,1,0.1,Livrée,Carte bancaire
CMD05279,2025-11-25 21:03,C1182,P020,1,0.0,Livrée,Carte bancaire
CMD05280,2025-11-25 21:07,C0335,P014,1,0.1,Livrée,PayPal
CMD05281,2025-11-25 21:27,C1104,P018,1,0.0,Annulée,Carte bancaire
CMD05282,2025-11-25 21:34,C0177,P032,1,0.3,Livrée,Virement
CMD05283,2025-11-25 21:35,C1104,P005,2,0.0,Livrée,Paiement en 3x
CMD05284,2025-11-25 21:46,C1186,P022,1,0.2,Livrée,Carte bancaire
CMD05285,2025-11-25 21:52,C1172,P008,1,0.2,Livrée,PayPal
CMD05286,2025-11-25 22:54,C0044,P009,1,0.2,Livrée,Carte bancaire
CMD05287,2025-11-26 01:48,C1037,P006,1,0.0,Livrée,Paiement en 3x
CMD05288,2025-11-26 06:29,C0428,P003,1,0.1,Livrée,Paiement en 3x
CMD05289,2025-11-26 06:41,C0282,P036,2,0.0,Livrée,PayPal
CMD05290,2025-11-26 07:08,C0243,P028,2,0.2,Livrée,PayPal
CMD05291,2025-11-26 07:25,C0581,P032,1,0.0,Livrée,Carte bancaire
CMD05292,2025-11-26 08:07,C0122,P019,1,0.1,Livrée,Carte bancaire
CMD05293,2025-11-26 08:21,C0748,P007,2,0.0,Livrée,Carte bancaire
CMD05294,2025-11-26 09:19,C0001,P010,1,0.3,Livrée,Carte bancaire
CMD05295,2025-11-26 09:19,C0381,P026,2,0.2,Livrée,Virement
CMD05296,2025-11-26 10:45,C1102,P001,2,0.0,Livrée,Paiement en 3x
CMD05297,2025-11-26 10:59,C0382,P021,1,0.0,Retournée,PayPal
CMD05298,2025-11-26 11:00,C0309,P024,4,0.0,Livrée,Carte bancaire
CMD05299,2025-11-26 11:32,C0044,P015,1,0.2,Livrée,PayPal
CMD05300,2025-11-26 11:37,C0816,P039,5,0.1,Livrée,PayPal
CMD05301,2025-11-26 11:52,C0277,P019,1,0.2,Livrée,Paiement en 3x
CMD05302,2025-11-26 12:10,C0497,P013,5,0.0,Livrée,Paiement en 3x
CMD05303,2025-11-26 12:20,C0050,P022,2,0.1,Livrée,Carte bancaire
CMD05304,2025-11-26 13:07,C0448,P006,2,0.2,Livrée,PayPal
CMD05305,2025-11-26 13:08,C0991,P018,3,0.0,Annulée,Carte bancaire
CMD05306,2025-11-26 13:27,C0736,P017,1,0.1,Annulée,Carte bancaire
CMD05307,2025-11-26 13:39,C0036,P020,2,0.1,Livrée,PayPal
CMD05308,2025-11-26 13:50,C1189,P006,2,0.2,Livrée,Paiement en 3x
CMD05309,2025-11-26 13:55,C0275,P031,1,0.1,Livrée,PayPal
CMD05310,2025-11-26 14:30,C1016,P019,1,0.0,Livrée,Carte bancaire
CMD05311,2025-11-26 14:46,C1082,P029,5,0.2,Livrée,Carte bancaire
CMD05312,2025-11-26 14:51,C0330,P010,3,0.2,Livrée,Paiement en 3x
CMD05313,2025-11-26 16:59,C0082,P006,1,0.0,Livrée,Carte bancaire
CMD05314,2025-11-26 18:10,C0648,P004,1,0.2,Livrée,Paiement en 3x
CMD05315,2025-11-26 18:18,C0319,P027,1,0.3,Livrée,PayPal
CMD05316,2025-11-26 18:19,C0307,P026,1,0.1,Livrée,Carte bancaire
CMD05317,2025-11-26 18:19,C0854,P025,1,0.0,Livrée,PayPal
CMD05318,2025-11-26 18:30,C0342,P033,2,0.1,Livrée,Carte bancaire
CMD05319,2025-11-26 18:45,C0894,P018,2,0.2,Livrée,Virement
CMD05320,2025-11-26 19:23,C0576,P037,1,0.2,Livrée,Carte bancaire
CMD05321,2025-11-26 19:49,C1130,P005,2,0.1,Livrée,PayPal
CMD05322,2025-11-26 19:50,C0018,P012,2,0.2,Livrée,Paiement en 3x
CMD05323,2025-11-26 20:05,C0398,P005,1,0.2,Livrée,Paiement en 3x
CMD05324,2025-11-26 20:21,C0533,P008,1,0.2,Livrée,PayPal
CMD05325,2025-11-26 20:22,C0799,P028,1,0.0,Livrée,Carte bancaire
CMD05326,2025-11-26 20:27,C1173,P028,1,0.1,Livrée,Carte bancaire
CMD05327,2025-11-26 20:33,C0445,P021,1,0.0,Retournée,Carte bancaire
CMD05328,2025-11-26 20:40,C0272,P003,1,0.0,Livrée,Carte bancaire
CMD05329,2025-11-26 20:40,C0275,P016,1,0.2,Livrée,Paiement en 3x
CMD05330,2025-11-26 20:43,C0350,P038,3,0.0,Livrée,PayPal
CMD05331,2025-11-26 20:47,C1015,P025,1,0.0,Livrée,PayPal
CMD05332,2025-11-26 20:50,C0279,P022,1,0.2,Livrée,Carte bancaire
CMD05333,2025-11-26 21:24,C1117,P035,1,0.0,Livrée,Carte bancaire
CMD05334,2025-11-26 22:03,C0152,P033,2,0.3,Livrée,Carte bancaire
CMD05335,2025-11-26 22:12,C0335,P035,1,0.0,Livrée,Carte bancaire
CMD05336,2025-11-26 22:21,C0360,P003,2,0.0,Livrée,PayPal
CMD05337,2025-11-26 23:34,C0110,P015,2,0.1,Livrée,Paiement en 3x
CMD05338,2025-11-27 00:25,C0074,P037,2,0.2,Livrée,Carte bancaire
CMD05339,2025-11-27 07:37,C0945,P002,1,0.0,Livrée,Carte bancaire
CMD05340,2025-11-27 08:21,C0335,P005,3,0.2,Livrée,Paiement en 3x
CMD05341,2025-11-27 08:58,C0741,P002,1,0.2,Livrée,Carte bancaire
CMD05342,2025-11-27 11:06,C0057,P015,1,0.0,Livrée,Carte bancaire
CMD05343,2025-11-27 11:08,C0160,P032,3,0.2,Livrée,Carte bancaire
CMD05344,2025-11-27 11:34,C0583,P008,1,0.1,Retournée,Carte bancaire
CMD05345,2025-11-27 11:36,C0149,P016,1,0.2,Livrée,Carte bancaire
CMD05346,2025-11-27 11:41,C0212,P020,1,0.2,Livrée,Carte bancaire
CMD05347,2025-11-27 11:50,C0118,P003,2,0.0,Livrée,PayPal
CMD05348,2025-11-27 12:02,C1167,P037,3,0.1,Livrée,Carte bancaire
CMD05349,2025-11-27 12:12,C0118,P025,1,0.0,Livrée,Carte bancaire
CMD05350,2025-11-27 12:22,C0050,P030,1,0.0,Livrée,Carte bancaire
CMD05351,2025-11-27 12:31,C0402,P021,1,0.1,Livrée,Carte bancaire
CMD05352,2025-11-27 12:40,C1037,P020,2,0.2,Livrée,PayPal
CMD05353,2025-11-27 12:42,C0239,P012,3,0.1,Livrée,PayPal
CMD05354,2025-11-27 12:43,C0139,P017,2,0.2,Livrée,Paiement en 3x
CMD05355,2025-11-27 13:06,C0783,P040,4,0.0,Livrée,Carte bancaire
CMD05356,2025-11-27 13:18,C0117,P012,1,0.2,Livrée,Carte bancaire
CMD05357,2025-11-27 13:33,C0393,P012,1,0.2,Livrée,Carte bancaire
CMD05358,2025-11-27 13:41,C0197,P003,1,0.2,Livrée,Carte bancaire
CMD05359,2025-11-27 14:26,C0115,P002,1,0.1,Livrée,Paiement en 3x
CMD05360,2025-11-27 14:28,C0520,P034,1,0.0,Livrée,Carte bancaire
CMD05361,2025-11-27 14:29,C0994,P033,1,0.2,Livrée,Paiement en 3x
CMD05362,2025-11-27 14:32,C0098,P005,1,0.2,Livrée,Paiement en 3x
CMD05363,2025-11-27 14:40,C0244,P022,2,0.1,Annulée,Carte bancaire
CMD05364,2025-11-27 14:52,C0662,P023,2,0.0,Livrée,PayPal
CMD05365,2025-11-27 14:54,C1117,P021,1,0.3,Retournée,Carte bancaire
CMD05366,2025-11-27 15:15,C0584,P016,1,0.1,Livrée,Carte bancaire
CMD05367,2025-11-27 16:30,C1150,P019,1,0.1,Livrée,PayPal
CMD05368,2025-11-27 17:35,C1140,P018,1,0.1,Livrée,PayPal
CMD05369,2025-11-27 18:10,C0124,P025,2,0.3,Livrée,Carte bancaire
CMD05370,2025-11-27 18:13,C0069,P015,1,0.2,Livrée,PayPal
CMD05371,2025-11-27 18:24,C1066,P026,1,0.0,Livrée,Virement
CMD05372,2025-11-27 18:59,C0421,P026,1,0.1,Livrée,PayPal
CMD05373,2025-11-27 18:59,C1109,P012,1,0.0,Livrée,PayPal
CMD05374,2025-11-27 19:23,C0383,P001,1,0.0,Livrée,Carte bancaire
CMD05375,2025-11-27 19:28,C0633,P035,3,0.1,Livrée,Carte bancaire
CMD05376,2025-11-27 19:29,C0196,P013,2,0.0,Livrée,PayPal
CMD05377,2025-11-27 19:32,C0050,P026,2,0.2,Livrée,Carte bancaire
CMD05378,2025-11-27 19:54,C0993,P023,3,0.1,Livrée,Carte bancaire
CMD05379,2025-11-27 19:55,C0403,P023,2,0.0,Livrée,Carte bancaire
CMD05380,2025-11-27 20:00,C0149,P023,1,0.2,Livrée,Carte bancaire
CMD05381,2025-11-27 20:13,C1146,P020,1,0.2,Livrée,Carte bancaire
CMD05382,2025-11-27 20:14,C0721,P012,1,0.3,Livrée,Carte bancaire
CMD05383,2025-11-27 20:20,C1133,P017,2,0.0,Livrée,Carte bancaire
CMD05384,2025-11-27 20:23,C0127,P033,3,0.1,Livrée,Carte bancaire
CMD05385,2025-11-27 20:38,C0691,P024,2,0.1,Livrée,Paiement en 3x
CMD05386,2025-11-27 20:42,C1000,P032,3,0.0,Annulée,Carte bancaire
CMD05387,2025-11-27 20:54,C1185,P022,1,0.2,Retournée,Paiement en 3x
CMD05388,2025-11-27 21:22,C1103,P019,1,0.2,Livrée,PayPal
CMD05389,2025-11-27 21:40,C0021,P005,1,0.1,Livrée,Paiement en 3x
CMD05390,2025-11-27 21:43,C1104,P036,4,0.0,Livrée,Paiement en 3x
CMD05391,2025-11-27 22:38,C0149,P033,1,0.1,Livrée,Carte bancaire
CMD05392,2025-11-27 22:55,C0188,P012,4,0.3,Livrée,Paiement en 3x
CMD05393,2025-11-27 23:46,C0750,P019,1,0.1,Livrée,Carte bancaire
CMD05394,2025-11-28 06:14,C0812,P006,1,0.1,Livrée,Carte bancaire
CMD05395,2025-11-28 07:45,C0659,P017,1,0.3,Livrée,Paiement en 3x
CMD05396,2025-11-28 08:25,C0854,P025,1,0.0,Livrée,Virement
CMD05397,2025-11-28 09:15,C0299,P015,1,0.3,Livrée,PayPal
CMD05398,2025-11-28 09:38,C0214,P015,2,0.3,Livrée,Paiement en 3x
CMD05399,2025-11-28 10:17,C0712,P016,1,0.1,Livrée,Virement
CMD05400,2025-11-28 10:18,C0806,P036,2,0.2,Livrée,PayPal
CMD05401,2025-11-28 10:53,C0816,P010,1,0.0,Livrée,Carte bancaire
CMD05402,2025-11-28 10:59,C0129,P015,3,0.0,Retournée,Carte bancaire
CMD05403,2025-11-28 11:13,C1105,P014,1,0.2,Livrée,Carte bancaire
CMD05404,2025-11-28 11:33,C0050,P017,2,0.3,Livrée,Carte bancaire
CMD05405,2025-11-28 11:46,C0046,P014,1,0.0,Livrée,Carte bancaire
CMD05406,2025-11-28 11:53,C0990,P030,2,0.2,Livrée,PayPal
CMD05407,2025-11-28 12:22,C0338,P023,1,0.1,Livrée,Carte bancaire
CMD05408,2025-11-28 12:27,C0550,P006,1,0.1,Livrée,Paiement en 3x
CMD05409,2025-11-28 12:34,C0202,P014,1,0.1,Livrée,Carte bancaire
CMD05410,2025-11-28 12:37,C0761,P037,2,0.0,Livrée,Carte bancaire
CMD05411,2025-11-28 12:43,C1162,P038,2,0.2,Livrée,Carte bancaire
CMD05412,2025-11-28 12:50,C0588,P005,1,0.1,Livrée,Paiement en 3x
CMD05413,2025-11-28 13:23,C0762,P023,1,0.2,Livrée,Carte bancaire
CMD05414,2025-11-28 13:26,C1133,P019,1,0.0,Livrée,Carte bancaire
CMD05415,2025-11-28 13:37,C0401,P024,1,0.1,Livrée,Carte bancaire
CMD05416,2025-11-28 13:41,C0666,P013,1,0.0,Livrée,PayPal
CMD05417,2025-11-28 13:56,C0859,P007,1,0.1,Livrée,Virement
CMD05418,2025-11-28 14:14,C0373,P010,1,0.1,Livrée,Carte bancaire
CMD05419,2025-11-28 15:51,C0280,P002,4,0.2,Livrée,Carte bancaire
CMD05420,2025-11-28 16:05,C0178,P008,2,0.1,Livrée,PayPal
CMD05421,2025-11-28 16:06,C0124,P022,1,0.0,Livrée,PayPal
CMD05422,2025-11-28 16:19,C0855,P017,1,0.1,Livrée,PayPal
CMD05423,2025-11-28 17:38,C0533,P038,1,0.1,Livrée,Carte bancaire
CMD05424,2025-11-28 18:02,C0932,P010,1,0.0,Livrée,Carte bancaire
CMD05425,2025-11-28 18:09,C0046,P003,1,0.0,Livrée,Carte bancaire
CMD05426,2025-11-28 18:29,C0432,P009,1,0.2,Livrée,Carte bancaire
CMD05427,2025-11-28 18:37,C0060,P023,3,0.3,Livrée,Carte bancaire
CMD05428,2025-11-28 18:38,C0524,P021,1,0.2,Livrée,Carte bancaire
CMD05429,2025-11-28 18:45,C0990,P022,3,0.0,Retournée,Carte bancaire
CMD05430,2025-11-28 18:49,C0098,P009,2,0.1,Livrée,Paiement en 3x
CMD05431,2025-11-28 18:52,C0045,P034,2,0.3,Livrée,Paiement en 3x
CMD05432,2025-11-28 18:52,C0785,P008,2,0.2,Livrée,Carte bancaire
CMD05433,2025-11-28 19:06,C0530,P035,1,0.1,Livrée,PayPal
CMD05434,2025-11-28 19:19,C0813,P027,2,0.1,Livrée,Carte bancaire
CMD05435,2025-11-28 19:35,C0165,P019,1,0.0,Livrée,Carte bancaire
CMD05436,2025-11-28 19:49,C0377,P002,1,0.0,Livrée,Paiement en 3x
CMD05437,2025-11-28 20:00,C0757,P019,1,0.2,Livrée,PayPal
CMD05438,2025-11-28 20:17,C0859,P015,3,0.0,Livrée,Carte bancaire
CMD05439,2025-11-28 20:28,C0451,P025,1,0.2,Livrée,Carte bancaire
CMD05440,2025-11-28 20:34,C0232,P005,1,0.2,Livrée,Carte bancaire
CMD05441,2025-11-28 21:00,C0381,P029,2,0.0,Livrée,Carte bancaire
CMD05442,2025-11-28 21:00,C0221,P040,1,0.1,Livrée,Carte bancaire
CMD05443,2025-11-28 21:16,C0984,P004,1,0.0,Annulée,Carte bancaire
CMD05444,2025-11-28 21:59,C0945,P016,1,0.2,Livrée,Carte bancaire
CMD05445,2025-11-28 21:59,C0757,P033,1,0.0,Livrée,Carte bancaire
CMD05446,2025-11-28 22:17,C0815,P026,1,0.2,Livrée,Paiement en 3x
CMD05447,2025-11-28 22:45,C0046,P022,1,0.2,Livrée,Carte bancaire
CMD05448,2025-11-28 23:39,C0721,P037,2,0.0,Livrée,PayPal
CMD05449,2025-11-28 23:44,C0189,P004,2,0.0,Livrée,Carte bancaire
CMD05450,2025-11-29 00:01,C0027,P005,1,0.1,Livrée,Paiement en 3x
CMD05451,2025-11-29 07:03,C0051,P003,1,0.1,Livrée,PayPal
CMD05452,2025-11-29 07:03,C0449,P004,1,0.0,Livrée,Paiement en 3x
CMD05453,2025-11-29 08:56,C0660,P020,2,0.0,Livrée,Virement
CMD05454,2025-11-29 09:10,C0069,P006,1,0.1,Livrée,Paiement en 3x
CMD05455,2025-11-29 09:13,C0703,P033,3,0.0,Livrée,Carte bancaire
CMD05456,2025-11-29 09:19,C1015,P001,2,0.0,Livrée,PayPal
CMD05457,2025-11-29 09:27,C0804,P012,2,0.0,Livrée,Carte bancaire
CMD05458,2025-11-29 09:49,C0459,P022,1,0.0,Livrée,Carte bancaire
CMD05459,2025-11-29 10:02,C0682,P007,1,0.0,Livrée,Paiement en 3x
CMD05460,2025-11-29 10:31,C1082,P001,1,0.2,Livrée,Carte bancaire
CMD05461,2025-11-29 10:45,C0908,P016,5,0.0,Livrée,Carte bancaire
CMD05462,2025-11-29 10:49,C0313,P024,1,0.0,Livrée,Carte bancaire
CMD05463,2025-11-29 10:52,C0750,P011,1,0.1,Livrée,Carte bancaire
CMD05464,2025-11-29 10:58,C0046,P001,1,0.0,Livrée,Paiement en 3x
CMD05465,2025-11-29 11:03,C0386,P018,1,0.1,Livrée,PayPal
CMD05466,2025-11-29 12:02,C0109,P007,2,0.2,Livrée,Paiement en 3x
CMD05467,2025-11-29 12:11,C0381,P013,1,0.1,Livrée,Carte bancaire
CMD05468,2025-11-29 12:38,C0618,P011,1,0.1,Livrée,Carte bancaire
CMD05469,2025-11-29 12:49,C1103,P014,1,0.0,Livrée,Carte bancaire
CMD05470,2025-11-29 12:59,C0339,P018,1,0.3,Livrée,PayPal
CMD05471,2025-11-29 13:13,C0719,P006,2,0.1,Livrée,PayPal
CMD05472,2025-11-29 13:19,C0349,P032,1,0.1,Livrée,Carte bancaire
CMD05473,2025-11-29 13:20,C0719,P003,3,0.1,Livrée,Paiement en 3x
CMD05474,2025-11-29 13:21,C1113,P019,3,0.0,Livrée,Carte bancaire
CMD05475,2025-11-29 13:32,C0491,P018,1,0.0,Livrée,Carte bancaire
CMD05476,2025-11-29 13:47,C0026,P006,4,0.1,Livrée,Paiement en 3x
CMD05477,2025-11-29 14:06,C0094,P033,2,0.0,Livrée,PayPal
CMD05478,2025-11-29 14:11,C0931,P022,2,0.0,Livrée,PayPal
CMD05479,2025-11-29 14:20,C0124,P028,4,0.2,Livrée,Carte bancaire
CMD05480,2025-11-29 14:22,C0921,P027,1,0.1,Livrée,Carte bancaire
CMD05481,2025-11-29 14:25,C0044,P013,1,0.1,Livrée,PayPal
CMD05482,2025-11-29 14:37,C0107,P039,1,0.1,Livrée,Paiement en 3x
CMD05483,2025-11-29 14:47,C0677,P035,1,0.2,Livrée,Carte bancaire
CMD05484,2025-11-29 15:03,C0435,P035,2,0.1,Livrée,Carte bancaire
CMD05485,2025-11-29 15:11,C1164,P018,1,0.1,Livrée,Paiement en 3x
CMD05486,2025-11-29 15:28,C0272,P002,1,0.2,Livrée,PayPal
CMD05487,2025-11-29 15:56,C0898,P036,2,0.2,Livrée,Virement
CMD05488,2025-11-29 16:18,C0535,P005,1,0.0,Livrée,Paiement en 3x
CMD05489,2025-11-29 17:18,C0361,P005,1,0.0,Livrée,Carte bancaire
CMD05490,2025-11-29 18:06,C0953,P030,1,0.2,Livrée,Carte bancaire
CMD05491,2025-11-29 18:09,C0462,P005,1,0.1,Livrée,Carte bancaire
CMD05492,2025-11-29 18:19,C1185,P017,2,0.1,Livrée,PayPal
CMD05493,2025-11-29 18:28,C0958,P015,2,0.2,Livrée,Carte bancaire
CMD05494,2025-11-29 18:33,C0168,P021,1,0.2,Retournée,Carte bancaire
CMD05495,2025-11-29 18:35,C0785,P036,2,0.0,Livrée,Carte bancaire
CMD05496,2025-11-29 18:42,C0044,P027,1,0.2,Livrée,Carte bancaire
CMD05497,2025-11-29 18:54,C0137,P002,3,0.0,Livrée,Carte bancaire
CMD05498,2025-11-29 19:04,C0616,P025,4,0.0,Livrée,Carte bancaire
CMD05499,2025-11-29 19:07,C0244,P029,1,0.1,Retournée,Carte bancaire
CMD05500,2025-11-29 19:07,C0815,P005,1,0.2,Livrée,Carte bancaire
CMD05501,2025-11-29 19:35,C1150,P019,3,0.2,Livrée,PayPal
CMD05502,2025-11-29 19:41,C0309,P040,1,0.0,Livrée,PayPal
CMD05503,2025-11-29 19:56,C0050,P025,1,0.3,Livrée,Carte bancaire
CMD05504,2025-11-29 20:07,C0308,P030,2,0.1,Livrée,Carte bancaire
CMD05505,2025-11-29 20:09,C0280,P003,1,0.1,Livrée,Paiement en 3x
CMD05506,2025-11-29 20:20,C0339,P040,1,0.2,Livrée,Carte bancaire
CMD05507,2025-11-29 20:31,C0167,P019,2,0.2,Livrée,Virement
CMD05508,2025-11-29 20:34,C0337,P026,1,0.2,Livrée,Carte bancaire
CMD05509,2025-11-29 20:50,C0189,P006,2,0.0,Livrée,Carte bancaire
CMD05510,2025-11-29 20:54,C1105,P017,1,0.1,Livrée,Carte bancaire
CMD05511,2025-11-29 21:00,C0923,P004,1,0.2,Livrée,Carte bancaire
CMD05512,2025-11-29 21:09,C0923,P015,1,0.2,Livrée,Carte bancaire
CMD05513,2025-11-29 21:15,C1136,P034,1,0.0,Livrée,Virement
CMD05514,2025-11-29 21:55,C0191,P022,1,0.0,Livrée,Virement
CMD05515,2025-11-29 21:58,C1145,P015,1,0.0,Livrée,Carte bancaire
CMD05516,2025-11-29 22:13,C0908,P034,1,0.0,Livrée,Carte bancaire
CMD05517,2025-11-29 22:37,C0886,P003,2,0.0,Livrée,Paiement en 3x
CMD05518,2025-11-29 23:30,C0968,P010,1,0.0,Livrée,Carte bancaire
CMD05519,2025-11-30 02:30,C1028,P001,2,0.0,Livrée,Carte bancaire
CMD05520,2025-11-30 07:07,C1083,P034,1,0.1,Livrée,PayPal
CMD05521,2025-11-30 07:12,C0542,P034,4,0.2,Livrée,PayPal
CMD05522,2025-11-30 08:10,C0445,P003,1,0.0,Livrée,Paiement en 3x
CMD05523,2025-11-30 08:35,C0828,P013,1,0.1,Livrée,Carte bancaire
CMD05524,2025-11-30 08:43,C0786,P012,1,0.3,Annulée,Carte bancaire
CMD05525,2025-11-30 08:44,C1127,P004,1,0.3,Livrée,Paiement en 3x
CMD05526,2025-11-30 09:24,C0107,P012,1,0.2,Retournée,Carte bancaire
CMD05527,2025-11-30 09:37,C1022,P021,2,0.2,Livrée,PayPal
CMD05528,2025-11-30 09:46,C0184,P006,1,0.0,Livrée,Carte bancaire
CMD05529,2025-11-30 09:59,C0287,P026,1,0.0,Livrée,Carte bancaire
CMD05530,2025-11-30 10:38,C0257,P008,1,0.2,Livrée,PayPal
CMD05531,2025-11-30 11:01,C0650,P019,3,0.1,Livrée,Carte bancaire
CMD05532,2025-11-30 11:21,C0390,P021,1,0.1,Livrée,PayPal
CMD05533,2025-11-30 11:29,C0449,P014,1,0.2,Livrée,Paiement en 3x
CMD05534,2025-11-30 11:40,C0429,P001,1,0.0,Livrée,Carte bancaire
CMD05535,2025-11-30 11:44,C0692,P003,2,0.2,Livrée,Paiement en 3x
CMD05536,2025-11-30 11:58,C0968,P018,1,0.2,Livrée,Carte bancaire
CMD05537,2025-11-30 12:12,C0785,P009,1,0.1,Livrée,Carte bancaire
CMD05538,2025-11-30 12:19,C0530,P001,3,0.1,Livrée,Paiement en 3x
CMD05539,2025-11-30 12:29,C0579,P009,2,0.2,Livrée,Carte bancaire
CMD05540,2025-11-30 12:32,C0044,P001,1,0.1,Livrée,PayPal
CMD05541,2025-11-30 12:41,C0889,P006,1,0.0,Livrée,Carte bancaire
CMD05542,2025-11-30 12:42,C0044,P004,5,0.3,Livrée,Paiement en 3x
CMD05543,2025-11-30 12:54,C0526,P022,2,0.1,Livrée,Carte bancaire
CMD05544,2025-11-30 13:57,C0666,P031,1,0.1,Livrée,Carte bancaire
CMD05545,2025-11-30 13:58,C0069,P027,1,0.0,Livrée,PayPal
CMD05546,2025-11-30 14:04,C0691,P024,4,0.1,Livrée,Paiement en 3x
CMD05547,2025-11-30 14:49,C0418,P025,1,0.1,Livrée,PayPal
CMD05548,2025-11-30 16:27,C0373,P036,1,0.1,Livrée,Carte bancaire
CMD05549,2025-11-30 16:42,C1132,P001,1,0.0,Livrée,Carte bancaire
CMD05550,2025-11-30 16:50,C1196,P039,1,0.2,Livrée,Carte bancaire
CMD05551,2025-11-30 18:12,C1196,P013,5,0.2,Livrée,Paiement en 3x
CMD05552,2025-11-30 18:13,C0185,P024,1,0.2,Livrée,Carte bancaire
CMD05553,2025-11-30 18:26,C0408,P022,2,0.3,Livrée,Carte bancaire
CMD05554,2025-11-30 18:40,C0804,P022,1,0.0,Livrée,Carte bancaire
CMD05555,2025-11-30 18:57,C0830,P020,3,0.2,Retournée,Carte bancaire
CMD05556,2025-11-30 19:02,C0574,P017,1,0.1,Livrée,Carte bancaire
CMD05557,2025-11-30 19:34,C0750,P015,1,0.0,Livrée,Carte bancaire
CMD05558,2025-11-30 19:44,C0584,P004,1,0.1,Livrée,PayPal
CMD05559,2025-11-30 19:56,C0845,P004,1,0.2,Livrée,Paiement en 3x
CMD05560,2025-11-30 20:01,C1127,P005,4,0.0,Livrée,Paiement en 3x
CMD05561,2025-11-30 20:14,C0424,P012,1,0.0,Annulée,Paiement en 3x
CMD05562,2025-11-30 20:15,C0230,P004,1,0.1,Livrée,Virement
CMD05563,2025-11-30 20:26,C0050,P003,1,0.0,Livrée,Virement
CMD05564,2025-11-30 20:42,C0587,P026,1,0.0,Livrée,Carte bancaire
CMD05565,2025-11-30 20:44,C0584,P003,1,0.0,Livrée,Paiement en 3x
CMD05566,2025-11-30 21:09,C0898,P003,1,0.0,Livrée,Paiement en 3x
CMD05567,2025-11-30 21:10,C0031,P026,2,0.1,Livrée,Carte bancaire
CMD05568,2025-11-30 21:12,C0016,P002,1,0.2,Livrée,Carte bancaire
CMD05569,2025-11-30 21:13,C1022,P001,1,0.2,Retournée,Paiement en 3x
CMD05570,2025-11-30 21:17,C0001,P010,1,0.2,Livrée,Carte bancaire
CMD05571,2025-11-30 21:23,C0369,P005,1,0.0,Livrée,Carte bancaire
CMD05572,2025-11-30 21:49,C0524,P006,2,0.1,Livrée,Carte bancaire
CMD05573,2025-11-30 22:12,C0202,P034,1,0.2,Livrée,Carte bancaire
CMD05574,2025-11-30 22:18,C0811,P013,1,0.0,Livrée,Carte bancaire
CMD05575,2025-11-30 22:27,C0083,P034,1,0.0,Livrée,PayPal
CMD05576,2025-11-30 22:28,C1115,P039,1,0.1,Retournée,PayPal
CMD05577,2025-11-30 22:38,C0328,P011,1,0.2,Livrée,Carte bancaire
CMD05578,2025-11-30 23:02,C0990,P002,1,0.0,Livrée,Carte bancaire
CMD05579,2025-11-30 23:17,C0746,P039,1,0.1,Livrée,Carte bancaire
CMD05580,2025-11-30 23:32,C1164,P023,4,0.0,Livrée,Carte bancaire
CMD05581,2025-12-01 06:00,C0117,P015,1,0.0,Livrée,Carte bancaire
CMD05582,2025-12-01 06:09,C0960,P029,4,0.1,Livrée,PayPal
CMD05583,2025-12-01 06:36,C0381,P040,4,0.1,Livrée,Carte bancaire
CMD05584,2025-12-01 07:09,C0015,P021,2,0.0,Retournée,Carte bancaire
CMD05585,2025-12-01 07:27,C0930,P021,1,0.0,Livrée,PayPal
CMD05586,2025-12-01 07:29,C0957,P004,2,0.0,Annulée,Paiement en 3x
CMD05587,2025-12-01 08:10,C1022,P016,1,0.0,Livrée,Paiement en 3x
CMD05588,2025-12-01 08:43,C0926,P027,1,0.0,Livrée,Carte bancaire
CMD05589,2025-12-01 08:47,C0001,P015,1,0.0,Livrée,Carte bancaire
CMD05590,2025-12-01 08:49,C0962,P005,3,0.0,Livrée,Paiement en 3x
CMD05591,2025-12-01 09:14,C0526,P018,4,0.1,Livrée,Carte bancaire
CMD05592,2025-12-01 09:58,C0475,P034,4,0.0,Livrée,PayPal
CMD05593,2025-12-01 10:28,C0277,P006,4,0.0,Livrée,Carte bancaire
CMD05594,2025-12-01 11:13,C1107,P037,1,0.1,Livrée,Virement
CMD05595,2025-12-01 11:14,C0835,P005,1,0.0,Livrée,Carte bancaire
CMD05596,2025-12-01 11:18,C0107,P021,1,0.1,Livrée,Carte bancaire
CMD05597,2025-12-01 11:30,C0664,P008,2,0.0,Retournée,Carte bancaire
CMD05598,2025-12-01 11:50,C1013,P016,1,0.1,Retournée,Carte bancaire
CMD05599,2025-12-01 12:01,C0468,P019,2,0.0,Livrée,PayPal
CMD05600,2025-12-01 12:02,C1107,P036,2,0.0,Livrée,Carte bancaire
CMD05601,2025-12-01 12:03,C0889,P017,1,0.0,Livrée,Carte bancaire
CMD05602,2025-12-01 12:09,C0135,P021,2,0.1,Livrée,Carte bancaire
CMD05603,2025-12-01 12:18,C0363,P033,5,0.0,Livrée,PayPal
CMD05604,2025-12-01 12:26,C1190,P028,2,0.0,Livrée,Carte bancaire
CMD05605,2025-12-01 13:04,C0001,P002,4,0.0,Livrée,Paiement en 3x
CMD05606,2025-12-01 13:12,C0723,P010,1,0.0,Livrée,PayPal
CMD05607,2025-12-01 13:35,C0186,P023,2,0.1,Livrée,Carte bancaire
CMD05608,2025-12-01 13:39,C1133,P014,5,0.2,Livrée,Carte bancaire
CMD05609,2025-12-01 14:08,C0118,P036,2,0.0,Livrée,Carte bancaire
CMD05610,2025-12-01 14:09,C0255,P013,3,0.0,Livrée,Paiement en 3x
CMD05611,2025-12-01 14:32,C0202,P003,1,0.0,Livrée,PayPal
CMD05612,2025-12-01 15:32,C0736,P017,1,0.0,Livrée,PayPal
CMD05613,2025-12-01 15:55,C0995,P009,2,0.0,Livrée,Carte bancaire
CMD05614,2025-12-01 16:03,C1162,P021,1,0.0,Livrée,Paiement en 3x
CMD05615,2025-12-01 16:17,C0578,P008,1,0.0,Livrée,Carte bancaire
CMD05616,2025-12-01 16:41,C0938,P019,2,0.0,Livrée,Carte bancaire
CMD05617,2025-12-01 16:52,C0418,P012,3,0.0,Livrée,Carte bancaire
CMD05618,2025-12-01 17:52,C0191,P021,2,0.0,Annulée,Paiement en 3x
CMD05619,2025-12-01 18:13,C0397,P028,2,0.2,Livrée,Carte bancaire
CMD05620,2025-12-01 18:15,C1190,P001,5,0.2,Livrée,PayPal
CMD05621,2025-12-01 18:57,C0124,P039,5,0.0,Livrée,Carte bancaire
CMD05622,2025-12-01 19:04,C0691,P017,1,0.1,Livrée,PayPal
CMD05623,2025-12-01 19:08,C0938,P012,1,0.0,Livrée,Carte bancaire
CMD05624,2025-12-01 19:20,C0493,P036,1,0.1,Livrée,Paiement en 3x
CMD05625,2025-12-01 19:38,C1165,P007,2,0.0,Livrée,Carte bancaire
CMD05626,2025-12-01 19:43,C0984,P026,1,0.0,Livrée,Paiement en 3x
CMD05627,2025-12-01 19:47,C0659,P016,1,0.0,Livrée,PayPal
CMD05628,2025-12-01 19:49,C0931,P021,1,0.0,Livrée,Carte bancaire
CMD05629,2025-12-01 20:18,C0394,P018,4,0.0,Livrée,PayPal
CMD05630,2025-12-01 20:30,C1176,P021,3,0.0,Livrée,Carte bancaire
CMD05631,2025-12-01 20:45,C0110,P014,3,0.0,Livrée,PayPal
CMD05632,2025-12-01 22:35,C0849,P008,1,0.0,Livrée,Paiement en 3x
CMD05633,2025-12-01 22:50,C0912,P023,1,0.0,Livrée,PayPal
CMD05634,2025-12-01 22:59,C1011,P029,2,0.0,Livrée,Carte bancaire
CMD05635,2025-12-02 08:20,C0655,P014,1,0.0,Livrée,Carte bancaire
CMD05636,2025-12-02 08:58,C0658,P037,1,0.0,Livrée,Paiement en 3x
CMD05637,2025-12-02 10:05,C0428,P030,1,0.2,Livrée,Carte bancaire
CMD05638,2025-12-02 10:38,C0586,P022,1,0.2,Livrée,PayPal
CMD05639,2025-12-02 11:23,C0238,P007,2,0.2,Annulée,Paiement en 3x
CMD05640,2025-12-02 12:05,C1037,P018,3,0.0,Livrée,PayPal
CMD05641,2025-12-02 12:29,C0610,P019,1,0.0,Livrée,Carte bancaire
CMD05642,2025-12-02 12:40,C0342,P023,5,0.1,Livrée,PayPal
CMD05643,2025-12-02 13:33,C0503,P028,2,0.0,Livrée,Carte bancaire
CMD05644,2025-12-02 13:36,C0660,P021,2,0.1,Livrée,PayPal
CMD05645,2025-12-02 13:44,C0835,P017,1,0.0,Retournée,PayPal
CMD05646,2025-12-02 14:04,C0221,P036,1,0.0,Livrée,Carte bancaire
CMD05647,2025-12-02 15:38,C0393,P011,1,0.0,Livrée,Carte bancaire
CMD05648,2025-12-02 15:46,C0750,P006,3,0.0,Livrée,Virement
CMD05649,2025-12-02 16:27,C1196,P022,2,0.1,Livrée,Paiement en 3x
CMD05650,2025-12-02 17:15,C0337,P033,1,0.0,Livrée,Carte bancaire
CMD05651,2025-12-02 17:44,C0950,P009,1,0.0,Livrée,Carte bancaire
CMD05652,2025-12-02 18:27,C0044,P025,1,0.0,Livrée,Carte bancaire
CMD05653,2025-12-02 18:50,C1014,P039,3,0.0,Livrée,Carte bancaire
CMD05654,2025-12-02 19:28,C0857,P017,1,0.0,Livrée,Carte bancaire
CMD05655,2025-12-02 19:48,C0883,P018,1,0.0,Livrée,PayPal
CMD05656,2025-12-02 19:56,C0267,P005,1,0.0,Livrée,Paiement en 3x
CMD05657,2025-12-02 20:29,C0230,P019,1,0.0,Livrée,Virement
CMD05658,2025-12-02 20:40,C0052,P018,1,0.2,Livrée,Paiement en 3x
CMD05659,2025-12-02 20:44,C0879,P036,3,0.0,Livrée,Carte bancaire
CMD05660,2025-12-02 21:07,C0610,P035,2,0.0,Livrée,Carte bancaire
CMD05661,2025-12-02 21:24,C1081,P037,1,0.0,Livrée,Virement
CMD05662,2025-12-02 21:43,C0851,P021,1,0.2,Livrée,Carte bancaire
CMD05663,2025-12-02 21:47,C0213,P014,3,0.0,Livrée,Carte bancaire
CMD05664,2025-12-02 21:50,C0786,P030,1,0.0,Livrée,Paiement en 3x
CMD05665,2025-12-02 21:52,C0204,P028,1,0.0,Livrée,Carte bancaire
CMD05666,2025-12-03 05:00,C0168,P019,1,0.2,Livrée,PayPal
CMD05667,2025-12-03 06:44,C1093,P015,1,0.0,Livrée,Virement
CMD05668,2025-12-03 09:30,C1008,P026,1,0.2,Livrée,Carte bancaire
CMD05669,2025-12-03 10:22,C0182,P006,1,0.0,Livrée,Paiement en 3x
CMD05670,2025-12-03 10:44,C0385,P019,1,0.0,Retournée,Carte bancaire
CMD05671,2025-12-03 11:18,C1145,P016,1,0.0,Livrée,PayPal
CMD05672,2025-12-03 11:26,C0964,P032,3,0.0,Livrée,Paiement en 3x
CMD05673,2025-12-03 12:10,C0581,P014,1,0.1,Livrée,Carte bancaire
CMD05674,2025-12-03 12:36,C0044,P014,3,0.0,Livrée,Carte bancaire
CMD05675,2025-12-03 12:42,C1022,P008,2,0.0,Livrée,Carte bancaire
CMD05676,2025-12-03 13:34,C0599,P019,1,0.0,Livrée,PayPal
CMD05677,2025-12-03 13:50,C0878,P016,3,0.0,Retournée,Carte bancaire
CMD05678,2025-12-03 16:15,C0930,P005,1,0.0,Retournée,Virement
CMD05679,2025-12-03 16:36,C0244,P011,1,0.0,Livrée,Carte bancaire
CMD05680,2025-12-03 18:36,C0524,P040,1,0.1,Livrée,PayPal
CMD05681,2025-12-03 18:40,C0028,P017,3,0.0,Livrée,Virement
CMD05682,2025-12-03 18:57,C0001,P003,1,0.0,Livrée,PayPal
CMD05683,2025-12-03 20:04,C0668,P028,2,0.0,Livrée,Carte bancaire
CMD05684,2025-12-03 20:15,C1105,P023,2,0.0,Retournée,Carte bancaire
CMD05685,2025-12-03 20:38,C0202,P004,1,0.0,Livrée,Carte bancaire
CMD05686,2025-12-03 21:38,C0408,P027,4,0.0,Livrée,PayPal
CMD05687,2025-12-03 22:09,C0538,P026,2,0.1,Livrée,Carte bancaire
CMD05688,2025-12-03 22:31,C1125,P001,3,0.0,Livrée,Paiement en 3x
CMD05689,2025-12-03 23:27,C1025,P009,1,0.1,Livrée,Carte bancaire
CMD05690,2025-12-03 23:29,C0550,P016,1,0.1,Livrée,Carte bancaire
CMD05691,2025-12-04 07:17,C0479,P024,3,0.2,Livrée,PayPal
CMD05692,2025-12-04 08:39,C0109,P016,1,0.0,Livrée,Carte bancaire
CMD05693,2025-12-04 08:54,C0855,P033,1,0.0,Livrée,Carte bancaire
CMD05694,2025-12-04 09:22,C0399,P037,2,0.0,Livrée,Paiement en 3x
CMD05695,2025-12-04 10:06,C1054,P022,1,0.0,Livrée,Carte bancaire
CMD05696,2025-12-04 10:41,C0329,P030,5,0.0,Annulée,Carte bancaire
CMD05697,2025-12-04 10:56,C0030,P030,1,0.0,Livrée,Carte bancaire
CMD05698,2025-12-04 12:02,C0373,P003,1,0.0,Livrée,Carte bancaire
CMD05699,2025-12-04 12:09,C0348,P040,1,0.1,Livrée,Paiement en 3x
CMD05700,2025-12-04 13:24,C0568,P019,2,0.0,Annulée,Carte bancaire
CMD05701,2025-12-04 15:49,C0224,P027,1,0.0,Livrée,PayPal
CMD05702,2025-12-04 16:29,C0477,P020,1,0.0,Livrée,Carte bancaire
CMD05703,2025-12-04 17:52,C0038,P013,1,0.0,Livrée,Carte bancaire
CMD05704,2025-12-04 18:33,C0336,P014,3,0.0,Livrée,Carte bancaire
CMD05705,2025-12-04 18:50,C0107,P024,1,0.0,Livrée,Carte bancaire
CMD05706,2025-12-04 18:57,C0567,P020,2,0.0,Livrée,Carte bancaire
CMD05707,2025-12-04 19:12,C0241,P018,1,0.1,Retournée,Carte bancaire
CMD05708,2025-12-04 19:15,C0785,P009,2,0.0,Livrée,Virement
CMD05709,2025-12-04 19:29,C0520,P026,1,0.0,Livrée,Carte bancaire
CMD05710,2025-12-04 20:07,C0811,P021,1,0.0,Livrée,PayPal
CMD05711,2025-12-04 20:13,C0990,P010,2,0.1,Livrée,Carte bancaire
CMD05712,2025-12-04 21:15,C0074,P021,2,0.0,Livrée,Carte bancaire
CMD05713,2025-12-04 22:21,C1103,P016,1,0.0,Livrée,PayPal
CMD05714,2025-12-04 23:00,C1104,P017,1,0.0,Livrée,Carte bancaire
CMD05715,2025-12-05 02:07,C0033,P018,2,0.0,Retournée,Virement
CMD05716,2025-12-05 07:58,C0156,P024,1,0.1,Retournée,PayPal
CMD05717,2025-12-05 08:01,C0950,P022,3,0.0,Livrée,Virement
CMD05718,2025-12-05 08:05,C0522,P038,1,0.0,Livrée,Carte bancaire
CMD05719,2025-12-05 09:01,C1128,P009,1,0.0,Livrée,Carte bancaire
CMD05720,2025-12-05 09:02,C0680,P005,1,0.1,Livrée,Paiement en 3x
CMD05721,2025-12-05 09:16,C0343,P015,3,0.0,Livrée,Carte bancaire
CMD05722,2025-12-05 10:12,C1089,P017,2,0.0,Livrée,PayPal
CMD05723,2025-12-05 10:25,C0926,P038,1,0.2,Livrée,Carte bancaire
CMD05724,2025-12-05 10:32,C0448,P007,1,0.0,Livrée,Carte bancaire
CMD05725,2025-12-05 11:47,C0453,P019,2,0.1,Livrée,Carte bancaire
CMD05726,2025-12-05 12:46,C0552,P036,1,0.0,Livrée,Carte bancaire
CMD05727,2025-12-05 12:48,C0449,P013,2,0.1,Livrée,Carte bancaire
CMD05728,2025-12-05 13:17,C0929,P020,1,0.0,Livrée,Carte bancaire
CMD05729,2025-12-05 13:43,C0418,P007,3,0.0,Livrée,Carte bancaire
CMD05730,2025-12-05 15:18,C0605,P017,1,0.2,Livrée,Carte bancaire
CMD05731,2025-12-05 15:44,C0122,P010,2,0.2,Livrée,PayPal
CMD05732,2025-12-05 17:23,C1159,P013,2,0.2,Livrée,Carte bancaire
CMD05733,2025-12-05 17:39,C0811,P013,1,0.0,Livrée,Virement
CMD05734,2025-12-05 17:57,C0821,P005,4,0.0,Livrée,Paiement en 3x
CMD05735,2025-12-05 18:51,C0449,P021,2,0.2,Livrée,Carte bancaire
CMD05736,2025-12-05 18:58,C0856,P033,3,0.0,Livrée,Carte bancaire
CMD05737,2025-12-05 18:59,C0217,P010,1,0.1,Livrée,Carte bancaire
CMD05738,2025-12-05 19:03,C0118,P008,1,0.0,Livrée,PayPal
CMD05739,2025-12-05 19:06,C0390,P008,1,0.0,Livrée,Carte bancaire
CMD05740,2025-12-05 19:19,C0257,P010,2,0.0,Livrée,Carte bancaire
CMD05741,2025-12-05 19:34,C0098,P002,1,0.0,Livrée,Paiement en 3x
CMD05742,2025-12-05 20:28,C0664,P031,2,0.0,Livrée,Carte bancaire
CMD05743,2025-12-05 20:32,C0816,P012,2,0.1,Retournée,Carte bancaire
CMD05744,2025-12-05 21:14,C0143,P029,2,0.0,Livrée,PayPal
CMD05745,2025-12-05 21:44,C0804,P029,2,0.0,Livrée,Carte bancaire
CMD05746,2025-12-05 21:44,C0036,P007,2,0.0,Livrée,Paiement en 3x
CMD05747,2025-12-05 22:09,C0314,P008,1,0.1,Livrée,Carte bancaire
CMD05748,2025-12-05 22:42,C0036,P012,1,0.1,Livrée,Carte bancaire
CMD05749,2025-12-05 22:58,C1049,P019,1,0.0,Annulée,Paiement en 3x
CMD05750,2025-12-05 23:59,C1123,P020,1,0.2,Livrée,Carte bancaire
CMD05751,2025-12-06 00:23,C1034,P011,1,0.1,Annulée,Carte bancaire
CMD05752,2025-12-06 00:58,C0449,P015,3,0.0,Livrée,Carte bancaire
CMD05753,2025-12-06 06:50,C0243,P016,1,0.2,Livrée,Carte bancaire
CMD05754,2025-12-06 08:40,C0856,P040,5,0.1,Livrée,PayPal
CMD05755,2025-12-06 09:25,C0168,P004,2,0.2,Livrée,Carte bancaire
CMD05756,2025-12-06 09:48,C0046,P012,2,0.0,Livrée,Paiement en 3x
CMD05757,2025-12-06 10:26,C1093,P026,1,0.0,Livrée,Carte bancaire
CMD05758,2025-12-06 11:06,C0069,P025,1,0.0,Livrée,PayPal
CMD05759,2025-12-06 11:51,C0497,P040,2,0.1,Livrée,PayPal
CMD05760,2025-12-06 12:10,C0074,P020,2,0.0,Livrée,PayPal
CMD05761,2025-12-06 12:30,C0693,P002,1,0.1,Livrée,Paiement en 3x
CMD05762,2025-12-06 12:42,C0650,P009,1,0.0,Livrée,Carte bancaire
CMD05763,2025-12-06 12:45,C0271,P035,2,0.0,Livrée,Carte bancaire
CMD05764,2025-12-06 13:03,C0602,P001,1,0.0,Livrée,PayPal
CMD05765,2025-12-06 13:06,C0381,P014,4,0.0,Livrée,Carte bancaire
CMD05766,2025-12-06 13:20,C0826,P019,3,0.2,Livrée,Carte bancaire
CMD05767,2025-12-06 13:40,C0666,P017,1,0.1,Livrée,Carte bancaire
CMD05768,2025-12-06 14:30,C1003,P001,1,0.0,Livrée,PayPal
CMD05769,2025-12-06 15:39,C0624,P033,1,0.0,Livrée,PayPal
CMD05770,2025-12-06 17:42,C0886,P030,2,0.0,Livrée,Carte bancaire
CMD05771,2025-12-06 18:10,C0253,P012,1,0.0,Livrée,PayPal
CMD05772,2025-12-06 18:34,C0115,P035,3,0.0,Livrée,Paiement en 3x
CMD05773,2025-12-06 19:07,C1165,P028,1,0.0,Livrée,Carte bancaire
CMD05774,2025-12-06 19:17,C0574,P012,1,0.0,Livrée,PayPal
CMD05775,2025-12-06 19:21,C1014,P040,1,0.0,Livrée,Carte bancaire
CMD05776,2025-12-06 19:39,C0769,P016,1,0.0,Retournée,Carte bancaire
CMD05777,2025-12-06 20:15,C0938,P038,2,0.0,Livrée,Carte bancaire
CMD05778,2025-12-06 20:20,C0313,P019,1,0.0,Livrée,PayPal
CMD05779,2025-12-06 20:29,C0820,P021,1,0.0,Annulée,Carte bancaire
CMD05780,2025-12-06 20:57,C0050,P022,1,0.2,Livrée,Carte bancaire
CMD05781,2025-12-06 21:02,C0441,P031,1,0.0,Livrée,Carte bancaire
CMD05782,2025-12-06 21:26,C0703,P001,2,0.0,Livrée,PayPal
CMD05783,2025-12-06 21:52,C0798,P016,3,0.0,Livrée,Carte bancaire
CMD05784,2025-12-06 21:59,C0191,P027,1,0.0,Livrée,Carte bancaire
CMD05785,2025-12-06 22:02,C0268,P035,1,0.0,Retournée,Carte bancaire
CMD05786,2025-12-07 07:34,C0696,P013,1,0.1,Livrée,Carte bancaire
CMD05787,2025-12-07 07:35,C0302,P014,4,0.0,Livrée,Carte bancaire
CMD05788,2025-12-07 08:00,C0050,P027,1,0.2,Livrée,Virement
CMD05789,2025-12-07 08:06,C0391,P033,2,0.0,Livrée,Carte bancaire
CMD05790,2025-12-07 09:38,C0323,P027,1,0.0,Livrée,Carte bancaire
CMD05791,2025-12-07 09:51,C0585,P027,1,0.0,Livrée,Carte bancaire
CMD05792,2025-12-07 10:05,C0287,P021,2,0.0,Livrée,PayPal
CMD05793,2025-12-07 10:12,C0010,P036,1,0.0,Livrée,Carte bancaire
CMD05794,2025-12-07 11:26,C0418,P006,1,0.1,Livrée,Carte bancaire
CMD05795,2025-12-07 12:11,C1016,P011,1,0.0,Livrée,PayPal
CMD05796,2025-12-07 12:16,C0898,P001,1,0.0,Livrée,Paiement en 3x
CMD05797,2025-12-07 12:20,C0243,P020,2,0.1,Livrée,Paiement en 3x
CMD05798,2025-12-07 12:47,C0292,P025,1,0.0,Livrée,Paiement en 3x
CMD05799,2025-12-07 12:50,C1055,P025,5,0.0,Annulée,Carte bancaire
CMD05800,2025-12-07 13:30,C0339,P026,2,0.0,Livrée,Carte bancaire
CMD05801,2025-12-07 13:40,C0275,P022,1,0.2,Livrée,Carte bancaire
CMD05802,2025-12-07 13:42,C0265,P015,1,0.1,Livrée,Paiement en 3x
CMD05803,2025-12-07 14:57,C0571,P014,1,0.0,Livrée,Carte bancaire
CMD05804,2025-12-07 15:24,C0377,P029,2,0.0,Livrée,Carte bancaire
CMD05805,2025-12-07 15:33,C0943,P033,1,0.0,Retournée,Carte bancaire
CMD05806,2025-12-07 18:34,C0036,P010,1,0.0,Livrée,PayPal
CMD05807,2025-12-07 19:01,C0492,P026,1,0.0,Retournée,Virement
CMD05808,2025-12-07 19:13,C0190,P016,2,0.0,Livrée,PayPal
CMD05809,2025-12-07 19:22,C0636,P023,1,0.1,Livrée,Carte bancaire
CMD05810,2025-12-07 19:45,C0970,P018,1,0.0,Livrée,Carte bancaire
CMD05811,2025-12-07 19:51,C0026,P016,1,0.0,Livrée,Carte bancaire
CMD05812,2025-12-07 21:06,C1192,P022,2,0.0,Livrée,Paiement en 3x
CMD05813,2025-12-07 22:04,C0534,P030,1,0.0,Livrée,Virement
CMD05814,2025-12-07 22:06,C1015,P009,1,0.0,Retournée,Carte bancaire
CMD05815,2025-12-07 22:09,C0879,P019,1,0.0,Livrée,Carte bancaire
CMD05816,2025-12-07 22:18,C0730,P032,1,0.2,Retournée,Carte bancaire
CMD05817,2025-12-07 22:41,C0970,P036,1,0.0,Livrée,Carte bancaire
CMD05818,2025-12-07 23:39,C0816,P023,1,0.1,Livrée,Carte bancaire
CMD05819,2025-12-08 06:22,C1076,P013,4,0.0,Livrée,Carte bancaire
CMD05820,2025-12-08 08:14,C0721,P033,1,0.0,Livrée,Carte bancaire
CMD05821,2025-12-08 08:40,C0903,P009,1,0.2,Livrée,Carte bancaire
CMD05822,2025-12-08 09:17,C0312,P039,2,0.0,Annulée,Carte bancaire
CMD05823,2025-12-08 09:41,C0319,P018,4,0.0,Livrée,Carte bancaire
CMD05824,2025-12-08 09:45,C0063,P032,2,0.1,Livrée,Carte bancaire
CMD05825,2025-12-08 10:04,C0858,P032,1,0.0,Livrée,PayPal
CMD05826,2025-12-08 10:13,C0037,P006,1,0.0,Livrée,Carte bancaire
CMD05827,2025-12-08 11:06,C0984,P024,2,0.1,Livrée,Virement
CMD05828,2025-12-08 11:09,C1014,P038,1,0.0,Livrée,PayPal
CMD05829,2025-12-08 12:56,C0462,P023,3,0.0,Livrée,PayPal
CMD05830,2025-12-08 13:13,C1160,P035,5,0.0,Annulée,Carte bancaire
CMD05831,2025-12-08 13:37,C0015,P035,3,0.0,Livrée,Carte bancaire
CMD05832,2025-12-08 15:08,C1011,P035,5,0.1,Livrée,Paiement en 3x
CMD05833,2025-12-08 17:24,C0235,P031,1,0.0,Livrée,Paiement en 3x
CMD05834,2025-12-08 18:33,C0454,P028,1,0.0,Livrée,Carte bancaire
CMD05835,2025-12-08 19:00,C1007,P023,3,0.0,Livrée,PayPal
CMD05836,2025-12-08 19:51,C0182,P002,1,0.1,Livrée,Paiement en 3x
CMD05837,2025-12-08 21:11,C0491,P006,1,0.0,Livrée,Carte bancaire
CMD05838,2025-12-08 22:41,C0746,P007,1,0.0,Livrée,Paiement en 3x
CMD05839,2025-12-08 23:09,C1188,P038,1,0.0,Livrée,Carte bancaire
CMD05840,2025-12-08 23:55,C0484,P020,1,0.0,Livrée,Carte bancaire
CMD05841,2025-12-09 07:48,C0775,P002,1,0.0,Livrée,Paiement en 3x
CMD05842,2025-12-09 08:35,C1132,P018,2,0.0,Livrée,PayPal
CMD05843,2025-12-09 08:48,C1019,P021,2,0.0,Livrée,Paiement en 3x
CMD05844,2025-12-09 09:13,C0260,P031,2,0.0,Livrée,PayPal
CMD05845,2025-12-09 09:32,C0558,P023,1,0.1,Livrée,PayPal
CMD05846,2025-12-09 11:12,C0257,P018,3,0.0,Livrée,Virement
CMD05847,2025-12-09 13:18,C0277,P001,1,0.0,Livrée,Carte bancaire
CMD05848,2025-12-09 13:28,C0445,P012,2,0.0,Livrée,Carte bancaire
CMD05849,2025-12-09 14:29,C0785,P013,1,0.0,Livrée,Paiement en 3x
CMD05850,2025-12-09 14:32,C1145,P027,1,0.0,Livrée,Carte bancaire
CMD05851,2025-12-09 14:49,C0994,P020,1,0.0,Retournée,Carte bancaire
CMD05852,2025-12-09 15:57,C1149,P002,4,0.0,Livrée,Carte bancaire
CMD05853,2025-12-09 17:56,C0010,P040,1,0.1,Livrée,Carte bancaire
CMD05854,2025-12-09 18:35,C1165,P014,2,0.0,Livrée,Carte bancaire
CMD05855,2025-12-09 19:02,C0773,P020,1,0.0,Retournée,Carte bancaire
CMD05856,2025-12-09 19:41,C0970,P015,1,0.2,Livrée,PayPal
CMD05857,2025-12-09 20:17,C0330,P011,2,0.1,Livrée,Carte bancaire
CMD05858,2025-12-09 20:31,C0276,P004,1,0.1,Livrée,Paiement en 3x
CMD05859,2025-12-09 20:40,C0113,P008,3,0.0,Livrée,PayPal
CMD05860,2025-12-09 20:51,C0217,P038,1,0.0,Livrée,Carte bancaire
CMD05861,2025-12-09 20:52,C0149,P023,1,0.0,Livrée,Carte bancaire
CMD05862,2025-12-09 20:53,C1189,P022,2,0.0,Livrée,Carte bancaire
CMD05863,2025-12-09 21:10,C0577,P030,1,0.0,Livrée,Carte bancaire
CMD05864,2025-12-09 22:09,C0329,P007,1,0.2,Livrée,Carte bancaire
CMD05865,2025-12-09 22:23,C0293,P023,1,0.0,Livrée,Virement
CMD05866,2025-12-09 22:50,C0602,P029,2,0.1,Livrée,Paiement en 3x
CMD05867,2025-12-09 23:03,C0649,P023,1,0.2,Livrée,Carte bancaire
CMD05868,2025-12-10 07:31,C0886,P033,1,0.0,Livrée,Carte bancaire
CMD05869,2025-12-10 07:38,C0213,P038,2,0.1,Livrée,PayPal
CMD05870,2025-12-10 08:17,C0280,P031,1,0.0,Livrée,PayPal
CMD05871,2025-12-10 08:26,C1023,P017,1,0.0,Livrée,Carte bancaire
CMD05872,2025-12-10 08:38,C0217,P015,1,0.0,Livrée,Carte bancaire
CMD05873,2025-12-10 08:48,C1109,P013,1,0.0,Livrée,Carte bancaire
CMD05874,2025-12-10 10:57,C0274,P039,4,0.0,Livrée,PayPal
CMD05875,2025-12-10 12:11,C0663,P038,2,0.0,Livrée,Carte bancaire
CMD05876,2025-12-10 12:21,C1050,P020,3,0.0,Livrée,Carte bancaire
CMD05877,2025-12-10 12:21,C1162,P016,1,0.2,Retournée,Carte bancaire
CMD05878,2025-12-10 12:35,C0898,P036,3,0.2,Livrée,Carte bancaire
CMD05879,2025-12-10 12:40,C0178,P016,3,0.0,Retournée,Virement
CMD05880,2025-12-10 13:28,C0483,P002,2,0.1,Livrée,PayPal
CMD05881,2025-12-10 16:06,C0736,P034,1,0.1,Livrée,Carte bancaire
CMD05882,2025-12-10 16:32,C0544,P017,2,0.1,Retournée,Carte bancaire
CMD05883,2025-12-10 16:36,C0949,P040,2,0.1,Livrée,Paiement en 3x
CMD05884,2025-12-10 17:46,C0107,P017,2,0.0,Livrée,Virement
CMD05885,2025-12-10 18:39,C0404,P022,4,0.0,Livrée,PayPal
CMD05886,2025-12-10 19:23,C1000,P015,1,0.2,Livrée,Carte bancaire
CMD05887,2025-12-10 19:34,C0826,P019,4,0.0,Retournée,Carte bancaire
CMD05888,2025-12-10 19:59,C0594,P015,1,0.0,Livrée,Carte bancaire
CMD05889,2025-12-10 20:41,C0010,P038,2,0.1,Livrée,Carte bancaire
CMD05890,2025-12-10 20:43,C1083,P015,2,0.0,Livrée,Carte bancaire
CMD05891,2025-12-10 20:46,C0136,P020,1,0.0,Livrée,Carte bancaire
CMD05892,2025-12-10 20:51,C0057,P015,1,0.0,Livrée,Carte bancaire
CMD05893,2025-12-10 22:14,C0547,P032,1,0.0,Livrée,Carte bancaire
CMD05894,2025-12-11 05:20,C0109,P017,1,0.0,Livrée,Carte bancaire
CMD05895,2025-12-11 07:32,C0950,P038,1,0.0,Livrée,Carte bancaire
CMD05896,2025-12-11 10:13,C0044,P013,2,0.0,Livrée,PayPal
CMD05897,2025-12-11 10:27,C0308,P022,1,0.1,Annulée,Carte bancaire
CMD05898,2025-12-11 11:12,C0037,P016,2,0.0,Retournée,Carte bancaire
CMD05899,2025-12-11 13:01,C0215,P008,1,0.0,Livrée,Carte bancaire
CMD05900,2025-12-11 13:19,C0412,P009,1,0.0,Livrée,Carte bancaire
CMD05901,2025-12-11 14:00,C0879,P037,1,0.2,Livrée,Carte bancaire
CMD05902,2025-12-11 14:36,C0217,P036,1,0.0,Livrée,Virement
CMD05903,2025-12-11 15:20,C0879,P033,2,0.0,Livrée,PayPal
CMD05904,2025-12-11 15:28,C0782,P012,3,0.0,Livrée,Carte bancaire
CMD05905,2025-12-11 15:45,C0630,P017,3,0.1,Livrée,Carte bancaire
CMD05906,2025-12-11 15:49,C0278,P032,2,0.0,Livrée,PayPal
CMD05907,2025-12-11 17:04,C0339,P019,2,0.0,Livrée,Carte bancaire
CMD05908,2025-12-11 17:23,C0424,P016,1,0.1,Livrée,Carte bancaire
CMD05909,2025-12-11 17:50,C0989,P027,2,0.0,Livrée,Paiement en 3x
CMD05910,2025-12-11 18:12,C0118,P001,2,0.0,Livrée,Carte bancaire
CMD05911,2025-12-11 18:17,C0752,P034,1,0.1,Livrée,Carte bancaire
CMD05912,2025-12-11 18:46,C0382,P040,1,0.0,Livrée,Carte bancaire
CMD05913,2025-12-11 19:00,C0124,P015,1,0.0,Livrée,PayPal
CMD05914,2025-12-11 19:06,C0479,P024,1,0.0,Livrée,Carte bancaire
CMD05915,2025-12-11 20:21,C1094,P018,1,0.1,Livrée,PayPal
CMD05916,2025-12-11 20:34,C0585,P026,2,0.2,Livrée,Carte bancaire
CMD05917,2025-12-11 20:40,C0949,P009,2,0.0,Annulée,PayPal
CMD05918,2025-12-11 21:04,C0603,P012,1,0.0,Livrée,Carte bancaire
CMD05919,2025-12-12 11:01,C1107,P002,1,0.1,Retournée,Carte bancaire
CMD05920,2025-12-12 11:23,C0330,P033,1,0.0,Livrée,Carte bancaire
CMD05921,2025-12-12 11:51,C0226,P016,5,0.1,Livrée,PayPal
CMD05922,2025-12-12 12:24,C0073,P032,1,0.0,Livrée,Carte bancaire
CMD05923,2025-12-12 13:09,C0431,P028,1,0.1,Livrée,Carte bancaire
CMD05924,2025-12-12 13:46,C0137,P004,1,0.0,Livrée,PayPal
CMD05925,2025-12-12 14:05,C1187,P002,2,0.0,Annulée,Carte bancaire
CMD05926,2025-12-12 14:10,C1120,P034,1,0.0,Livrée,Carte bancaire
CMD05927,2025-12-12 14:16,C0102,P022,1,0.0,Livrée,PayPal
CMD05928,2025-12-12 14:18,C0682,P015,1,0.0,Livrée,Carte bancaire
CMD05929,2025-12-12 14:20,C0279,P018,1,0.0,Livrée,Carte bancaire
CMD05930,2025-12-12 14:28,C0275,P022,2,0.2,Livrée,Carte bancaire
CMD05931,2025-12-12 15:11,C0056,P018,1,0.0,Livrée,Carte bancaire
CMD05932,2025-12-12 15:24,C0118,P015,3,0.0,Livrée,Carte bancaire
CMD05933,2025-12-12 15:39,C0984,P016,1,0.0,Livrée,Carte bancaire
CMD05934,2025-12-12 15:52,C0298,P033,2,0.1,Livrée,Carte bancaire
CMD05935,2025-12-12 17:42,C0782,P031,1,0.2,Livrée,Carte bancaire
CMD05936,2025-12-12 18:03,C1019,P033,4,0.0,Livrée,Paiement en 3x
CMD05937,2025-12-12 18:35,C0834,P025,1,0.2,Livrée,Virement
CMD05938,2025-12-12 18:57,C0552,P008,1,0.0,Livrée,Carte bancaire
CMD05939,2025-12-12 19:53,C1164,P016,1,0.0,Livrée,Virement
CMD05940,2025-12-12 19:59,C0789,P018,5,0.0,Livrée,Carte bancaire
CMD05941,2025-12-12 20:16,C0894,P010,2,0.0,Retournée,Carte bancaire
CMD05942,2025-12-12 20:38,C0924,P013,1,0.0,Livrée,Virement
CMD05943,2025-12-12 21:40,C0892,P023,1,0.2,Livrée,Paiement en 3x
CMD05944,2025-12-12 21:41,C0625,P034,1,0.0,Livrée,Carte bancaire
CMD05945,2025-12-12 22:05,C1085,P007,1,0.1,Livrée,Paiement en 3x
CMD05946,2025-12-12 22:15,C0929,P017,4,0.0,Livrée,PayPal
CMD05947,2025-12-12 22:36,C0938,P002,1,0.0,Livrée,Paiement en 3x
CMD05948,2025-12-13 01:09,C0900,P025,1,0.1,Livrée,Carte bancaire
CMD05949,2025-12-13 09:05,C0201,P024,3,0.0,Livrée,Carte bancaire
CMD05950,2025-12-13 09:08,C0855,P010,1,0.0,Livrée,Paiement en 3x
CMD05951,2025-12-13 09:14,C0072,P024,3,0.0,Livrée,Paiement en 3x
CMD05952,2025-12-13 09:20,C0673,P004,1,0.0,Livrée,Carte bancaire
CMD05953,2025-12-13 10:08,C0816,P027,1,0.0,Livrée,Carte bancaire
CMD05954,2025-12-13 10:10,C0381,P036,1,0.0,Livrée,Carte bancaire
CMD05955,2025-12-13 10:28,C1081,P035,2,0.0,Livrée,Carte bancaire
CMD05956,2025-12-13 10:38,C0978,P010,2,0.2,Livrée,Carte bancaire
CMD05957,2025-12-13 11:22,C0782,P006,2,0.0,Livrée,Virement
CMD05958,2025-12-13 12:04,C0878,P010,2,0.0,Livrée,Carte bancaire
CMD05959,2025-12-13 12:24,C0591,P004,1,0.0,Livrée,Paiement en 3x
CMD05960,2025-12-13 12:47,C0145,P033,2,0.0,Livrée,PayPal
CMD05961,2025-12-13 12:48,C0747,P014,1,0.1,Livrée,Carte bancaire
CMD05962,2025-12-13 12:59,C0846,P014,1,0.1,Livrée,Carte bancaire
CMD05963,2025-12-13 13:03,C1125,P020,2,0.0,Livrée,Carte bancaire
CMD05964,2025-12-13 13:08,C0661,P031,1,0.0,Livrée,Carte bancaire
CMD05965,2025-12-13 13:39,C0107,P019,1,0.0,Livrée,Paiement en 3x
CMD05966,2025-12-13 13:42,C0628,P021,1,0.0,Livrée,Virement
CMD05967,2025-12-13 15:00,C0485,P009,3,0.1,Livrée,PayPal
CMD05968,2025-12-13 16:16,C1113,P027,3,0.0,Livrée,Carte bancaire
CMD05969,2025-12-13 16:51,C0275,P014,2,0.0,Livrée,Carte bancaire
CMD05970,2025-12-13 17:03,C1007,P037,1,0.0,Livrée,Carte bancaire
CMD05971,2025-12-13 17:37,C0408,P008,2,0.1,Livrée,PayPal
CMD05972,2025-12-13 18:39,C0177,P014,2,0.0,Livrée,Carte bancaire
CMD05973,2025-12-13 18:43,C1047,P031,1,0.2,Livrée,Paiement en 3x
CMD05974,2025-12-13 19:36,C1165,P023,1,0.0,Annulée,Carte bancaire
CMD05975,2025-12-13 19:55,C0050,P034,1,0.1,Livrée,Carte bancaire
CMD05976,2025-12-13 20:22,C0402,P014,1,0.0,Livrée,PayPal
CMD05977,2025-12-13 21:06,C1089,P024,1,0.0,Annulée,Paiement en 3x
CMD05978,2025-12-13 21:06,C0330,P016,1,0.1,Livrée,Carte bancaire
CMD05979,2025-12-13 21:17,C1083,P029,2,0.0,Livrée,Carte bancaire
CMD05980,2025-12-13 21:35,C0418,P011,1,0.0,Livrée,Carte bancaire
CMD05981,2025-12-13 21:57,C0115,P014,3,0.0,Retournée,Paiement en 3x
CMD05982,2025-12-13 22:14,C0057,P025,1,0.0,Livrée,Carte bancaire
CMD05983,2025-12-13 22:24,C0319,P020,2,0.2,Livrée,Carte bancaire
CMD05984,2025-12-13 23:36,C0430,P006,1,0.1,Livrée,Carte bancaire
CMD05985,2025-12-14 07:55,C0962,P040,1,0.0,Livrée,Carte bancaire
CMD05986,2025-12-14 09:09,C1066,P037,2,0.1,Livrée,Carte bancaire
CMD05987,2025-12-14 10:21,C1174,P025,2,0.0,Livrée,Carte bancaire
CMD05988,2025-12-14 10:28,C0374,P037,3,0.0,Livrée,Carte bancaire
CMD05989,2025-12-14 11:02,C1030,P026,1,0.0,Livrée,Carte bancaire
CMD05990,2025-12-14 11:15,C0279,P040,1,0.0,Livrée,Paiement en 3x
CMD05991,2025-12-14 11:35,C0580,P039,1,0.0,Annulée,Carte bancaire
CMD05992,2025-12-14 11:47,C0462,P010,3,0.0,Livrée,Carte bancaire
CMD05993,2025-12-14 11:49,C0098,P019,3,0.0,Livrée,PayPal
CMD05994,2025-12-14 13:12,C0900,P010,2,0.1,Livrée,PayPal
CMD05995,2025-12-14 13:17,C0044,P039,2,0.1,Livrée,Paiement en 3x
CMD05996,2025-12-14 13:46,C0408,P020,2,0.2,Livrée,PayPal
CMD05997,2025-12-14 14:12,C0418,P017,2,0.1,Livrée,Paiement en 3x
CMD05998,2025-12-14 14:54,C0213,P031,1,0.0,Livrée,Carte bancaire
CMD05999,2025-12-14 16:10,C0516,P031,1,0.0,Annulée,PayPal
CMD06000,2025-12-14 17:07,C1180,P025,1,0.1,Retournée,Carte bancaire
CMD06001,2025-12-14 17:44,C0118,P032,3,0.0,Livrée,Carte bancaire
CMD06002,2025-12-14 18:30,C0898,P005,2,0.0,Livrée,Carte bancaire
CMD06003,2025-12-14 18:36,C0827,P031,2,0.0,Livrée,Carte bancaire
CMD06004,2025-12-14 19:02,C0820,P014,1,0.0,Annulée,Carte bancaire
CMD06005,2025-12-14 19:10,C1099,P010,1,0.0,Annulée,PayPal
CMD06006,2025-12-14 19:23,C0364,P029,1,0.0,Livrée,Carte bancaire
CMD06007,2025-12-14 19:30,C0938,P033,1,0.0,Livrée,Carte bancaire
CMD06008,2025-12-14 20:07,C0135,P031,1,0.0,Annulée,Carte bancaire
CMD06009,2025-12-14 20:19,C0339,P013,1,0.0,Retournée,Virement
CMD06010,2025-12-14 20:34,C0924,P024,1,0.2,Livrée,Carte bancaire
CMD06011,2025-12-14 20:51,C0238,P036,1,0.0,Livrée,PayPal
CMD06012,2025-12-14 21:21,C0856,P002,1,0.0,Livrée,Carte bancaire
CMD06013,2025-12-14 21:41,C0879,P024,1,0.0,Livrée,Paiement en 3x
CMD06014,2025-12-14 22:12,C0821,P027,3,0.0,Livrée,Carte bancaire
CMD06015,2025-12-14 22:21,C0750,P024,3,0.0,Livrée,Carte bancaire
CMD06016,2025-12-15 08:20,C1007,P012,1,0.0,Annulée,Carte bancaire
CMD06017,2025-12-15 09:09,C0244,P021,1,0.0,Livrée,Carte bancaire
CMD06018,2025-12-15 09:09,C0218,P038,1,0.0,Livrée,Paiement en 3x
CMD06019,2025-12-15 09:32,C0070,P032,1,0.1,Livrée,Carte bancaire
CMD06020,2025-12-15 09:32,C0041,P020,1,0.1,Livrée,Carte bancaire
CMD06021,2025-12-15 11:02,C0046,P028,2,0.1,Livrée,Carte bancaire
CMD06022,2025-12-15 11:07,C1008,P021,1,0.2,Livrée,Carte bancaire
CMD06023,2025-12-15 12:02,C0838,P037,2,0.0,Livrée,PayPal
CMD06024,2025-12-15 12:13,C1176,P011,1,0.0,Livrée,Carte bancaire
CMD06025,2025-12-15 12:20,C1005,P006,2,0.0,Retournée,Carte bancaire
CMD06026,2025-12-15 12:30,C0451,P019,1,0.0,Livrée,Paiement en 3x
CMD06027,2025-12-15 13:44,C0094,P026,3,0.0,Livrée,Carte bancaire
CMD06028,2025-12-15 13:47,C0637,P039,3,0.0,Livrée,Carte bancaire
CMD06029,2025-12-15 14:03,C1014,P019,2,0.0,Livrée,Carte bancaire
CMD06030,2025-12-15 15:43,C0578,P030,2,0.0,Livrée,Carte bancaire
CMD06031,2025-12-15 15:50,C1107,P022,1,0.2,Livrée,Paiement en 3x
CMD06032,2025-12-15 16:50,C0747,P011,1,0.0,Livrée,Paiement en 3x
CMD06033,2025-12-15 19:37,C0409,P018,1,0.0,Livrée,Paiement en 3x
CMD06034,2025-12-15 19:44,C0981,P020,2,0.1,Livrée,Carte bancaire
CMD06035,2025-12-15 20:51,C0107,P040,2,0.1,Livrée,Carte bancaire
CMD06036,2025-12-15 21:13,C0124,P025,2,0.1,Livrée,PayPal
CMD06037,2025-12-15 21:31,C0916,P013,1,0.0,Livrée,Carte bancaire
CMD06038,2025-12-15 21:35,C0985,P031,1,0.1,Retournée,PayPal
CMD06039,2025-12-15 22:49,C0440,P022,1,0.0,Livrée,Carte bancaire
CMD06040,2025-12-16 01:31,C0393,P009,1,0.0,Livrée,PayPal
CMD06041,2025-12-16 05:37,C0422,P035,3,0.0,Livrée,Virement
CMD06042,2025-12-16 08:12,C0149,P026,1,0.1,Annulée,Carte bancaire
CMD06043,2025-12-16 08:56,C0534,P009,1,0.0,Livrée,PayPal
CMD06044,2025-12-16 09:08,C0779,P024,1,0.0,Livrée,Carte bancaire
CMD06045,2025-12-16 09:46,C0094,P024,1,0.0,Livrée,Carte bancaire
CMD06046,2025-12-16 10:58,C0421,P008,4,0.0,Livrée,Carte bancaire
CMD06047,2025-12-16 12:13,C0938,P036,1,0.2,Livrée,Carte bancaire
CMD06048,2025-12-16 13:30,C0994,P022,3,0.0,Livrée,PayPal
CMD06049,2025-12-16 13:35,C0625,P014,1,0.0,Livrée,PayPal
CMD06050,2025-12-16 13:44,C0648,P027,2,0.0,Livrée,PayPal
CMD06051,2025-12-16 13:49,C0751,P015,2,0.0,Livrée,Carte bancaire
CMD06052,2025-12-16 14:26,C0534,P005,1,0.0,Livrée,Carte bancaire
CMD06053,2025-12-16 15:53,C0786,P007,2,0.0,Livrée,PayPal
CMD06054,2025-12-16 17:12,C0952,P021,1,0.1,Livrée,Carte bancaire
CMD06055,2025-12-16 17:36,C0938,P028,1,0.2,Livrée,Virement
CMD06056,2025-12-16 17:51,C0134,P011,1,0.0,Livrée,PayPal
CMD06057,2025-12-16 18:42,C0012,P008,1,0.0,Livrée,Carte bancaire
CMD06058,2025-12-16 19:03,C0953,P024,1,0.0,Annulée,Carte bancaire
CMD06059,2025-12-16 19:14,C0092,P015,2,0.0,Livrée,Carte bancaire
CMD06060,2025-12-16 20:16,C1140,P019,1,0.2,Livrée,Carte bancaire
CMD06061,2025-12-16 21:45,C0190,P026,2,0.0,Livrée,PayPal
CMD06062,2025-12-16 21:58,C0660,P033,2,0.1,Livrée,Carte bancaire
CMD06063,2025-12-16 22:50,C0122,P009,1,0.0,Livrée,PayPal
CMD06064,2025-12-17 00:04,C0953,P001,3,0.0,Retournée,PayPal
CMD06065,2025-12-17 08:57,C0084,P017,1,0.0,Livrée,PayPal
CMD06066,2025-12-17 09:46,C1112,P007,2,0.0,Livrée,Paiement en 3x
CMD06067,2025-12-17 10:24,C1047,P017,5,0.0,Livrée,PayPal
CMD06068,2025-12-17 10:53,C0258,P006,1,0.0,Livrée,Paiement en 3x
CMD06069,2025-12-17 11:00,C0275,P006,2,0.0,Livrée,Paiement en 3x
CMD06070,2025-12-17 11:16,C1076,P011,1,0.0,Livrée,Carte bancaire
CMD06071,2025-12-17 11:37,C0402,P036,2,0.1,Livrée,Virement
CMD06072,2025-12-17 11:40,C0584,P023,3,0.0,Livrée,Carte bancaire
CMD06073,2025-12-17 11:42,C0552,P012,2,0.0,Livrée,PayPal
CMD06074,2025-12-17 12:20,C0469,P017,1,0.0,Livrée,Carte bancaire
CMD06075,2025-12-17 12:25,C0672,P011,1,0.0,Livrée,Carte bancaire
CMD06076,2025-12-17 13:39,C0935,P001,5,0.2,Livrée,Carte bancaire
CMD06077,2025-12-17 13:51,C0409,P018,1,0.0,Livrée,Carte bancaire
CMD06078,2025-12-17 18:14,C0421,P031,5,0.0,Livrée,PayPal
CMD06079,2025-12-17 18:58,C0497,P030,2,0.0,Livrée,PayPal
CMD06080,2025-12-17 19:11,C0255,P033,3,0.0,Livrée,Carte bancaire
CMD06081,2025-12-17 19:15,C0883,P010,1,0.0,Retournée,Carte bancaire
CMD06082,2025-12-17 19:25,C0938,P017,2,0.0,Livrée,Carte bancaire
CMD06083,2025-12-17 19:52,C0087,P016,1,0.0,Livrée,Carte bancaire
CMD06084,2025-12-17 20:05,C0344,P031,1,0.0,Livrée,Carte bancaire
CMD06085,2025-12-17 20:25,C0547,P027,2,0.0,Livrée,Carte bancaire
CMD06086,2025-12-17 20:44,C0408,P036,1,0.1,Livrée,Paiement en 3x
CMD06087,2025-12-17 21:06,C0610,P038,1,0.0,Livrée,Carte bancaire
CMD06088,2025-12-17 21:20,C1164,P038,2,0.0,Livrée,Carte bancaire
CMD06089,2025-12-17 21:34,C0814,P027,1,0.1,Livrée,PayPal
CMD06090,2025-12-18 05:45,C0761,P022,5,0.0,Livrée,Carte bancaire
CMD06091,2025-12-18 07:00,C1014,P038,2,0.0,Livrée,Carte bancaire
CMD06092,2025-12-18 07:30,C0107,P030,2,0.0,Livrée,Carte bancaire
CMD06093,2025-12-18 09:29,C0287,P005,1,0.0,Retournée,Carte bancaire
CMD06094,2025-12-18 09:51,C0115,P007,2,0.0,Livrée,Paiement en 3x
CMD06095,2025-12-18 11:27,C0886,P012,1,0.2,Livrée,Carte bancaire
CMD06096,2025-12-18 11:37,C0920,P035,4,0.0,Livrée,Virement
CMD06097,2025-12-18 12:04,C0703,P013,2,0.0,Livrée,PayPal
CMD06098,2025-12-18 12:26,C0894,P017,2,0.0,Livrée,Carte bancaire
CMD06099,2025-12-18 14:27,C0346,P010,1,0.0,Livrée,Carte bancaire
CMD06100,2025-12-18 17:05,C0294,P021,2,0.0,Livrée,Virement
CMD06101,2025-12-18 18:04,C0202,P007,1,0.1,Livrée,Carte bancaire
CMD06102,2025-12-18 18:32,C0628,P027,1,0.0,Livrée,Carte bancaire
CMD06103,2025-12-18 19:19,C0107,P023,1,0.0,Livrée,PayPal
CMD06104,2025-12-18 19:48,C1028,P029,1,0.0,Livrée,Paiement en 3x
CMD06105,2025-12-18 19:52,C0242,P031,1,0.0,Livrée,Carte bancaire
CMD06106,2025-12-18 20:24,C0381,P038,2,0.1,Livrée,Paiement en 3x
CMD06107,2025-12-18 20:49,C0773,P032,2,0.0,Livrée,Virement
CMD06108,2025-12-18 21:05,C0329,P012,1,0.1,Annulée,Carte bancaire
CMD06109,2025-12-18 21:08,C1147,P039,2,0.0,Livrée,Carte bancaire
CMD06110,2025-12-18 21:30,C1077,P031,1,0.0,Livrée,Paiement en 3x
CMD06111,2025-12-19 08:33,C0244,P037,4,0.2,Livrée,Carte bancaire
CMD06112,2025-12-19 10:02,C1093,P028,1,0.0,Annulée,Virement
CMD06113,2025-12-19 10:03,C0044,P010,1,0.0,Annulée,PayPal
CMD06114,2025-12-19 10:14,C0254,P034,1,0.0,Livrée,Carte bancaire
CMD06115,2025-12-19 10:17,C0294,P008,1,0.2,Livrée,Carte bancaire
CMD06116,2025-12-19 11:40,C0224,P027,3,0.0,Livrée,Carte bancaire
CMD06117,2025-12-19 11:45,C0393,P021,1,0.0,Livrée,Paiement en 3x
CMD06118,2025-12-19 12:34,C0338,P020,1,0.0,Livrée,Carte bancaire
CMD06119,2025-12-19 13:03,C1094,P007,1,0.0,Livrée,PayPal
CMD06120,2025-12-19 13:15,C0886,P030,2,0.0,Livrée,PayPal
CMD06121,2025-12-19 14:18,C0758,P031,1,0.0,Livrée,Carte bancaire
CMD06122,2025-12-19 17:00,C0687,P030,1,0.0,Livrée,Carte bancaire
CMD06123,2025-12-19 17:02,C0719,P025,1,0.0,Livrée,Carte bancaire
CMD06124,2025-12-19 17:30,C0072,P008,1,0.0,Livrée,Carte bancaire
CMD06125,2025-12-19 18:10,C0774,P029,2,0.0,Livrée,Carte bancaire
CMD06126,2025-12-19 18:49,C0878,P040,1,0.1,Livrée,PayPal
CMD06127,2025-12-19 19:41,C1165,P004,1,0.0,Livrée,Paiement en 3x
CMD06128,2025-12-19 20:09,C0728,P009,4,0.1,Livrée,Carte bancaire
CMD06129,2025-12-19 20:27,C0044,P025,2,0.0,Livrée,Paiement en 3x
CMD06130,2025-12-19 20:40,C0325,P009,1,0.0,Livrée,Carte bancaire
CMD06131,2025-12-19 21:24,C1005,P022,1,0.2,Livrée,Carte bancaire
CMD06132,2025-12-19 21:27,C0767,P008,1,0.0,Livrée,Carte bancaire
CMD06133,2025-12-19 21:51,C0046,P031,1,0.0,Livrée,Paiement en 3x
CMD06134,2025-12-19 22:38,C0895,P035,2,0.0,Annulée,PayPal
CMD06135,2025-12-19 22:38,C1014,P030,1,0.0,Retournée,Carte bancaire
CMD06136,2025-12-19 23:05,C1003,P027,1,0.0,Livrée,PayPal
CMD06137,2025-12-20 07:17,C1000,P013,1,0.2,Livrée,Paiement en 3x
CMD06138,2025-12-20 09:01,C0466,P011,5,0.0,Livrée,Carte bancaire
CMD06139,2025-12-20 10:11,C1149,P004,1,0.0,Livrée,Paiement en 3x
CMD06140,2025-12-20 10:18,C0874,P035,2,0.0,Livrée,PayPal
CMD06141,2025-12-20 10:50,C0805,P009,1,0.0,Livrée,Carte bancaire
CMD06142,2025-12-20 11:08,C1011,P039,2,0.0,Livrée,Carte bancaire
CMD06143,2025-12-20 11:17,C1164,P028,1,0.0,Livrée,Paiement en 3x
CMD06144,2025-12-20 11:58,C0094,P019,5,0.0,Livrée,Paiement en 3x
CMD06145,2025-12-20 12:54,C0544,P032,1,0.0,Livrée,PayPal
CMD06146,2025-12-20 13:03,C0554,P015,2,0.0,Retournée,Carte bancaire
CMD06147,2025-12-20 13:08,C1040,P034,2,0.0,Livrée,Carte bancaire
CMD06148,2025-12-20 13:36,C0603,P009,1,0.0,Livrée,Carte bancaire
CMD06149,2025-12-20 13:44,C1015,P010,1,0.0,Livrée,Carte bancaire
CMD06150,2025-12-20 14:02,C0069,P004,1,0.0,Livrée,Paiement en 3x
CMD06151,2025-12-20 14:27,C0187,P033,2,0.0,Livrée,Carte bancaire
CMD06152,2025-12-20 14:40,C0643,P006,1,0.0,Livrée,Carte bancaire
CMD06153,2025-12-20 14:49,C0646,P040,1,0.1,Livrée,Carte bancaire
CMD06154,2025-12-20 15:00,C0406,P005,3,0.0,Livrée,Carte bancaire
CMD06155,2025-12-20 15:17,C0497,P034,2,0.0,Livrée,Carte bancaire
CMD06156,2025-12-20 17:42,C1165,P009,1,0.0,Livrée,Carte bancaire
CMD06157,2025-12-20 17:58,C0742,P037,1,0.0,Livrée,Carte bancaire
CMD06158,2025-12-20 18:34,C0136,P039,1,0.0,Livrée,PayPal
CMD06159,2025-12-20 19:07,C0862,P005,1,0.0,Livrée,Carte bancaire
CMD06160,2025-12-20 20:09,C0989,P014,2,0.0,Livrée,Virement
CMD06161,2025-12-20 20:15,C0146,P035,1,0.0,Livrée,PayPal
CMD06162,2025-12-20 21:04,C1162,P019,1,0.0,Retournée,Carte bancaire
CMD06163,2025-12-20 21:42,C0043,P005,1,0.1,Livrée,Carte bancaire
CMD06164,2025-12-20 22:00,C0853,P024,1,0.0,Livrée,Paiement en 3x
CMD06165,2025-12-20 22:14,C0682,P015,3,0.0,Livrée,PayPal
CMD06166,2025-12-20 22:34,C0253,P036,1,0.0,Livrée,Carte bancaire
CMD06167,2025-12-20 22:42,C0419,P017,1,0.1,Livrée,Paiement en 3x
CMD06168,2025-12-20 23:13,C0602,P018,3,0.1,Livrée,PayPal
CMD06169,2025-12-20 23:32,C0623,P017,1,0.2,Livrée,Carte bancaire
CMD06170,2025-12-20 23:57,C0449,P022,1,0.2,Livrée,Carte bancaire
CMD06171,2025-12-21 04:35,C0963,P039,4,0.0,Livrée,PayPal
CMD06172,2025-12-21 06:39,C0683,P020,1,0.0,Livrée,Carte bancaire
CMD06173,2025-12-21 06:46,C1156,P030,1,0.0,Livrée,Carte bancaire
CMD06174,2025-12-21 07:04,C0241,P014,1,0.2,Livrée,PayPal
CMD06175,2025-12-21 09:47,C0960,P039,5,0.0,Livrée,Carte bancaire
CMD06176,2025-12-21 09:49,C0538,P040,3,0.0,Livrée,Carte bancaire
CMD06177,2025-12-21 10:09,C0933,P019,4,0.0,Livrée,Carte bancaire
CMD06178,2025-12-21 10:57,C0115,P006,4,0.0,Livrée,Virement
CMD06179,2025-12-21 12:28,C0149,P010,1,0.1,Livrée,Carte bancaire
CMD06180,2025-12-21 12:41,C0278,P012,4,0.1,Livrée,Carte bancaire
CMD06181,2025-12-21 13:03,C0107,P006,1,0.1,Livrée,Carte bancaire
CMD06182,2025-12-21 13:10,C0214,P027,3,0.0,Livrée,Paiement en 3x
CMD06183,2025-12-21 13:40,C0983,P010,1,0.0,Livrée,Carte bancaire
CMD06184,2025-12-21 14:20,C0492,P022,2,0.0,Livrée,PayPal
CMD06185,2025-12-21 15:13,C0594,P026,1,0.0,Livrée,Carte bancaire
CMD06186,2025-12-21 15:56,C1109,P019,1,0.1,Livrée,Carte bancaire
CMD06187,2025-12-21 16:01,C0703,P020,1,0.0,Livrée,Carte bancaire
CMD06188,2025-12-21 17:08,C0239,P022,1,0.0,Livrée,Carte bancaire
CMD06189,2025-12-21 17:34,C0533,P028,2,0.1,Livrée,PayPal
CMD06190,2025-12-21 18:59,C1123,P011,1,0.1,Livrée,Carte bancaire
CMD06191,2025-12-21 19:11,C0162,P010,1,0.1,Livrée,PayPal
CMD06192,2025-12-21 19:16,C0416,P021,1,0.0,Livrée,Paiement en 3x
CMD06193,2025-12-21 19:21,C0239,P021,1,0.1,Livrée,Carte bancaire
CMD06194,2025-12-21 19:36,C0118,P002,1,0.2,Livrée,Carte bancaire
CMD06195,2025-12-21 19:40,C0330,P033,1,0.0,Livrée,Paiement en 3x
CMD06196,2025-12-21 19:46,C0098,P019,2,0.2,Livrée,Carte bancaire
CMD06197,2025-12-21 20:07,C0417,P018,2,0.0,Livrée,Paiement en 3x
CMD06198,2025-12-21 21:02,C0552,P019,1,0.0,Livrée,Paiement en 3x
CMD06199,2025-12-21 21:18,C0859,P022,2,0.0,Livrée,Paiement en 3x
CMD06200,2025-12-21 21:21,C1127,P019,1,0.0,Livrée,PayPal
CMD06201,2025-12-21 21:55,C0428,P004,1,0.2,Livrée,PayPal
CMD06202,2025-12-21 22:00,C0204,P019,4,0.1,Livrée,Carte bancaire
CMD06203,2025-12-21 23:39,C0050,P008,1,0.0,Livrée,Carte bancaire
CMD06204,2025-12-22 01:15,C0214,P021,1,0.0,Livrée,Carte bancaire
CMD06205,2025-12-22 07:11,C0662,P034,2,0.0,Livrée,Carte bancaire
CMD06206,2025-12-22 08:00,C0008,P027,1,0.0,Livrée,Carte bancaire
CMD06207,2025-12-22 08:21,C0727,P020,1,0.1,Retournée,Carte bancaire
CMD06208,2025-12-22 10:15,C0082,P037,2,0.0,Livrée,Paiement en 3x
CMD06209,2025-12-22 10:49,C0687,P014,1,0.0,Livrée,Carte bancaire
CMD06210,2025-12-22 11:53,C0213,P019,1,0.0,Livrée,Carte bancaire
CMD06211,2025-12-22 12:30,C1166,P023,1,0.0,Livrée,Virement
CMD06212,2025-12-22 12:31,C0094,P018,3,0.0,Livrée,Carte bancaire
CMD06213,2025-12-22 12:37,C0584,P031,1,0.1,Livrée,PayPal
CMD06214,2025-12-22 13:24,C0889,P001,2,0.0,Livrée,Carte bancaire
CMD06215,2025-12-22 13:40,C0580,P015,4,0.0,Livrée,Carte bancaire
CMD06216,2025-12-22 13:52,C0329,P001,1,0.0,Livrée,Paiement en 3x
CMD06217,2025-12-22 14:18,C0758,P006,1,0.0,Livrée,PayPal
CMD06218,2025-12-22 14:34,C1049,P012,2,0.0,Livrée,PayPal
CMD06219,2025-12-22 15:10,C0167,P003,2,0.0,Retournée,Virement
CMD06220,2025-12-22 16:01,C0338,P008,2,0.1,Livrée,Carte bancaire
CMD06221,2025-12-22 16:02,C0948,P020,1,0.0,Livrée,PayPal
CMD06222,2025-12-22 17:00,C0757,P014,1,0.0,Livrée,Paiement en 3x
CMD06223,2025-12-22 17:08,C0562,P024,1,0.0,Livrée,Carte bancaire
CMD06224,2025-12-22 20:17,C1112,P020,1,0.0,Livrée,PayPal
CMD06225,2025-12-22 20:20,C0816,P015,1,0.2,Livrée,Carte bancaire
CMD06226,2025-12-22 20:26,C0872,P025,2,0.0,Livrée,Virement
CMD06227,2025-12-22 21:50,C0488,P008,1,0.0,Livrée,Carte bancaire
CMD06228,2025-12-22 22:00,C0719,P013,2,0.0,Livrée,Paiement en 3x
CMD06229,2025-12-22 22:28,C1196,P031,4,0.1,Livrée,PayPal
CMD06230,2025-12-22 22:51,C0016,P040,1,0.0,Livrée,Virement
CMD06231,2025-12-22 23:06,C0098,P039,1,0.0,Livrée,Carte bancaire
CMD06232,2025-12-23 08:00,C0543,P020,1,0.1,Livrée,Carte bancaire
CMD06233,2025-12-23 08:11,C1016,P003,2,0.1,Livrée,Carte bancaire
CMD06234,2025-12-23 08:20,C1121,P026,2,0.0,Livrée,PayPal
CMD06235,2025-12-23 09:00,C0554,P022,1,0.0,Livrée,Carte bancaire
CMD06236,2025-12-23 10:43,C0165,P017,1,0.0,Livrée,PayPal
CMD06237,2025-12-23 11:05,C0375,P021,3,0.0,Livrée,Carte bancaire
CMD06238,2025-12-23 11:46,C1040,P033,1,0.2,Livrée,PayPal
CMD06239,2025-12-23 12:45,C0580,P029,1,0.2,Livrée,Paiement en 3x
CMD06240,2025-12-23 13:08,C0316,P027,1,0.0,Livrée,Virement
CMD06241,2025-12-23 13:50,C0793,P039,3,0.0,Livrée,Paiement en 3x
CMD06242,2025-12-23 14:09,C1132,P020,4,0.0,Livrée,Carte bancaire
CMD06243,2025-12-23 15:15,C1032,P023,1,0.1,Livrée,Carte bancaire
CMD06244,2025-12-23 15:46,C0700,P024,2,0.0,Livrée,PayPal
CMD06245,2025-12-23 16:52,C0731,P025,1,0.0,Livrée,Carte bancaire
CMD06246,2025-12-23 18:11,C0509,P035,1,0.0,Livrée,Carte bancaire
CMD06247,2025-12-23 19:21,C0213,P035,1,0.0,Livrée,Carte bancaire
CMD06248,2025-12-23 19:23,C0215,P028,4,0.0,Livrée,PayPal
CMD06249,2025-12-23 19:29,C0752,P018,1,0.0,Livrée,Carte bancaire
CMD06250,2025-12-23 19:34,C0044,P024,1,0.0,Livrée,Carte bancaire
CMD06251,2025-12-23 19:38,C0574,P020,1,0.0,Livrée,Paiement en 3x
CMD06252,2025-12-23 20:10,C0107,P039,1,0.0,Livrée,Carte bancaire
CMD06253,2025-12-23 20:13,C1030,P039,1,0.0,Livrée,Carte bancaire
CMD06254,2025-12-23 20:16,C0815,P019,1,0.0,Retournée,Carte bancaire
CMD06255,2025-12-23 20:39,C0110,P017,1,0.1,Livrée,Carte bancaire
CMD06256,2025-12-23 20:50,C0418,P015,1,0.1,Annulée,Carte bancaire
CMD06257,2025-12-23 21:38,C1040,P015,2,0.0,Livrée,PayPal
CMD06258,2025-12-23 22:06,C0439,P014,1,0.0,Livrée,Carte bancaire
CMD06259,2025-12-23 22:45,C0117,P019,1,0.0,Retournée,Carte bancaire
CMD06260,2025-12-23 23:12,C1174,P014,1,0.0,Livrée,PayPal
CMD06261,2025-12-24 06:10,C0785,P016,2,0.0,Livrée,Carte bancaire
CMD06262,2025-12-24 07:08,C0423,P034,1,0.0,Livrée,Carte bancaire
CMD06263,2025-12-24 08:26,C1165,P035,2,0.0,Livrée,Carte bancaire
CMD06264,2025-12-24 08:36,C0045,P016,1,0.0,Retournée,Paiement en 3x
CMD06265,2025-12-24 08:38,C1177,P020,1,0.1,Livrée,PayPal
CMD06266,2025-12-24 09:06,C0267,P034,1,0.0,Livrée,Carte bancaire
CMD06267,2025-12-24 10:18,C0046,P017,1,0.2,Retournée,PayPal
CMD06268,2025-12-24 10:59,C0983,P035,2,0.0,Livrée,PayPal
CMD06269,2025-12-24 11:13,C0898,P021,2,0.0,Livrée,Paiement en 3x
CMD06270,2025-12-24 11:50,C0083,P006,1,0.2,Annulée,Carte bancaire
CMD06271,2025-12-24 13:07,C0992,P017,3,0.1,Livrée,Carte bancaire
CMD06272,2025-12-24 14:11,C0479,P016,1,0.0,Retournée,Carte bancaire
CMD06273,2025-12-24 14:40,C0044,P017,1,0.0,Livrée,Carte bancaire
CMD06274,2025-12-24 15:46,C0526,P026,2,0.2,Livrée,PayPal
CMD06275,2025-12-24 15:57,C0700,P012,1,0.0,Retournée,Carte bancaire
CMD06276,2025-12-24 18:23,C0175,P010,1,0.1,Livrée,Carte bancaire
CMD06277,2025-12-24 18:40,C0046,P015,1,0.0,Livrée,Carte bancaire
CMD06278,2025-12-24 18:48,C0062,P005,3,0.0,Livrée,Paiement en 3x
CMD06279,2025-12-24 20:18,C0016,P013,1,0.0,Livrée,Carte bancaire
CMD06280,2025-12-24 20:20,C0533,P027,1,0.0,Livrée,Carte bancaire
CMD06281,2025-12-24 20:27,C0107,P001,1,0.0,Livrée,PayPal
CMD06282,2025-12-24 20:38,C0050,P028,2,0.2,Livrée,Carte bancaire
CMD06283,2025-12-24 20:50,C0700,P021,1,0.0,Retournée,PayPal
CMD06284,2025-12-24 21:05,C0094,P003,1,0.1,Livrée,PayPal
CMD06285,2025-12-24 21:49,C0724,P024,2,0.1,Livrée,Carte bancaire
CMD06286,2025-12-24 21:51,C0600,P018,1,0.2,Livrée,PayPal
CMD06287,2025-12-24 22:59,C0168,P004,1,0.0,Livrée,Carte bancaire
CMD06288,2025-12-25 00:55,C0879,P031,3,0.0,Livrée,Carte bancaire
CMD06289,2025-12-25 02:18,C0756,P025,1,0.0,Livrée,Carte bancaire
CMD06290,2025-12-25 07:18,C0684,P032,2,0.0,Livrée,Carte bancaire
CMD06291,2025-12-25 09:03,C0415,P023,4,0.0,Livrée,Carte bancaire
CMD06292,2025-12-25 09:22,C0533,P001,1,0.0,Livrée,PayPal
CMD06293,2025-12-25 10:04,C0333,P037,2,0.1,Livrée,Carte bancaire
CMD06294,2025-12-25 11:29,C0218,P013,2,0.0,Livrée,PayPal
CMD06295,2025-12-25 12:26,C0046,P027,3,0.0,Livrée,Carte bancaire
CMD06296,2025-12-25 13:17,C0383,P005,1,0.0,Annulée,Carte bancaire
CMD06297,2025-12-25 13:45,C1008,P018,1,0.0,Livrée,Carte bancaire
CMD06298,2025-12-25 16:56,C0915,P038,2,0.2,Livrée,Carte bancaire
CMD06299,2025-12-25 17:36,C0104,P011,3,0.0,Livrée,Paiement en 3x
CMD06300,2025-12-25 18:21,C0707,P033,3,0.0,Livrée,PayPal
CMD06301,2025-12-25 18:46,C0524,P024,1,0.0,Livrée,Carte bancaire
CMD06302,2025-12-25 19:02,C0107,P035,1,0.0,Livrée,Carte bancaire
CMD06303,2025-12-25 19:04,C0346,P018,3,0.2,Livrée,Carte bancaire
CMD06304,2025-12-25 19:16,C0418,P008,2,0.0,Livrée,Carte bancaire
CMD06305,2025-12-25 19:45,C0329,P009,1,0.0,Livrée,Carte bancaire
CMD06306,2025-12-25 19:54,C0015,P018,1,0.1,Livrée,Carte bancaire
CMD06307,2025-12-25 20:54,C0690,P009,1,0.0,Livrée,Carte bancaire
CMD06308,2025-12-25 20:56,C0330,P008,2,0.0,Livrée,Carte bancaire
CMD06309,2025-12-25 21:00,C1163,P017,2,0.2,Livrée,Carte bancaire
CMD06310,2025-12-25 21:13,C0691,P020,2,0.0,Retournée,Paiement en 3x
CMD06311,2025-12-25 21:16,C0373,P036,2,0.1,Livrée,Carte bancaire
CMD06312,2025-12-25 21:16,C0122,P010,1,0.1,Livrée,PayPal
CMD06313,2025-12-26 06:38,C0044,P002,2,0.0,Livrée,Carte bancaire
CMD06314,2025-12-26 08:30,C0816,P032,1,0.2,Livrée,Carte bancaire
CMD06315,2025-12-26 09:02,C0143,P001,2,0.1,Livrée,Paiement en 3x
CMD06316,2025-12-26 09:08,C0072,P020,2,0.0,Livrée,Carte bancaire
CMD06317,2025-12-26 10:51,C0115,P016,1,0.0,Livrée,Carte bancaire
CMD06318,2025-12-26 12:29,C0094,P006,1,0.1,Livrée,Paiement en 3x
CMD06319,2025-12-26 12:34,C0071,P027,1,0.0,Livrée,Carte bancaire
CMD06320,2025-12-26 12:36,C1075,P024,1,0.0,Livrée,Carte bancaire
CMD06321,2025-12-26 12:42,C0664,P016,1,0.0,Retournée,Carte bancaire
CMD06322,2025-12-26 13:03,C0434,P008,1,0.0,Livrée,Paiement en 3x
CMD06323,2025-12-26 13:09,C0577,P011,1,0.0,Livrée,PayPal
CMD06324,2025-12-26 13:11,C0387,P016,3,0.0,Livrée,Carte bancaire
CMD06325,2025-12-26 13:24,C0275,P017,1,0.0,Livrée,PayPal
CMD06326,2025-12-26 13:41,C0094,P027,2,0.1,Livrée,Carte bancaire
CMD06327,2025-12-26 13:44,C0859,P008,1,0.0,Livrée,Paiement en 3x
CMD06328,2025-12-26 13:59,C0962,P040,1,0.0,Livrée,PayPal
CMD06329,2025-12-26 15:46,C1107,P004,1,0.0,Livrée,PayPal
CMD06330,2025-12-26 16:51,C0518,P017,1,0.0,Livrée,Carte bancaire
CMD06331,2025-12-26 17:13,C0849,P016,1,0.0,Livrée,Carte bancaire
CMD06332,2025-12-26 18:09,C0168,P025,2,0.0,Livrée,Carte bancaire
CMD06333,2025-12-26 18:12,C1123,P012,5,0.1,Livrée,Carte bancaire
CMD06334,2025-12-26 18:18,C1123,P024,1,0.1,Livrée,Carte bancaire
CMD06335,2025-12-26 18:42,C0730,P028,1,0.0,Livrée,Carte bancaire
CMD06336,2025-12-26 20:16,C0898,P007,1,0.1,Livrée,PayPal
CMD06337,2025-12-26 20:34,C0116,P017,3,0.0,Livrée,Carte bancaire
CMD06338,2025-12-26 21:39,C0647,P035,2,0.2,Livrée,Paiement en 3x
CMD06339,2025-12-26 21:40,C0742,P008,1,0.0,Livrée,Paiement en 3x
CMD06340,2025-12-26 21:49,C0319,P040,2,0.0,Livrée,Carte bancaire
CMD06341,2025-12-26 21:54,C1102,P035,3,0.1,Livrée,PayPal
CMD06342,2025-12-26 21:55,C0202,P021,1,0.0,Livrée,Carte bancaire
CMD06343,2025-12-26 21:55,C0339,P015,2,0.0,Livrée,Carte bancaire
CMD06344,2025-12-26 22:25,C0381,P034,1,0.0,Livrée,Paiement en 3x
CMD06345,2025-12-26 22:53,C0339,P021,1,0.0,Annulée,Carte bancaire
CMD06346,2025-12-27 07:15,C0600,P020,1,0.0,Livrée,Paiement en 3x
CMD06347,2025-12-27 07:21,C0600,P012,1,0.0,Livrée,Carte bancaire
CMD06348,2025-12-27 07:37,C0599,P002,1,0.0,Livrée,Carte bancaire
CMD06349,2025-12-27 08:15,C0254,P012,1,0.1,Livrée,Paiement en 3x
CMD06350,2025-12-27 08:42,C0710,P006,1,0.1,Livrée,Paiement en 3x
CMD06351,2025-12-27 08:44,C0253,P021,1,0.0,Livrée,Paiement en 3x
CMD06352,2025-12-27 09:38,C0751,P011,2,0.0,Livrée,PayPal
CMD06353,2025-12-27 09:45,C0046,P022,2,0.1,Livrée,Carte bancaire
CMD06354,2025-12-27 10:23,C0534,P016,1,0.0,Retournée,Carte bancaire
CMD06355,2025-12-27 11:04,C0666,P013,1,0.0,Livrée,PayPal
CMD06356,2025-12-27 11:22,C0697,P004,1,0.0,Livrée,Paiement en 3x
CMD06357,2025-12-27 11:42,C0659,P037,2,0.0,Livrée,PayPal
CMD06358,2025-12-27 11:51,C0031,P015,1,0.0,Livrée,Carte bancaire
CMD06359,2025-12-27 12:28,C0421,P018,1,0.0,Livrée,PayPal
CMD06360,2025-12-27 12:35,C0938,P021,4,0.0,Retournée,Carte bancaire
CMD06361,2025-12-27 12:54,C0154,P011,2,0.0,Livrée,Paiement en 3x
CMD06362,2025-12-27 13:07,C0335,P022,1,0.0,Livrée,PayPal
CMD06363,2025-12-27 13:21,C0050,P005,5,0.2,Livrée,Carte bancaire
CMD06364,2025-12-27 13:52,C1007,P027,3,0.0,Livrée,PayPal
CMD06365,2025-12-27 16:18,C0780,P022,3,0.0,Livrée,Paiement en 3x
CMD06366,2025-12-27 18:14,C0168,P002,1,0.1,Retournée,Carte bancaire
CMD06367,2025-12-27 18:20,C0367,P009,1,0.0,Livrée,Carte bancaire
CMD06368,2025-12-27 18:39,C0886,P033,2,0.1,Livrée,Carte bancaire
CMD06369,2025-12-27 18:41,C0751,P040,2,0.0,Livrée,Carte bancaire
CMD06370,2025-12-27 18:49,C0254,P016,1,0.0,Livrée,Carte bancaire
CMD06371,2025-12-27 19:03,C0849,P019,1,0.1,Livrée,Carte bancaire
CMD06372,2025-12-27 19:06,C1133,P011,1,0.0,Livrée,Carte bancaire
CMD06373,2025-12-27 19:15,C0900,P030,1,0.1,Livrée,Carte bancaire
CMD06374,2025-12-27 19:30,C0254,P019,1,0.0,Livrée,Carte bancaire
CMD06375,2025-12-27 20:03,C0062,P021,1,0.2,Livrée,Carte bancaire
CMD06376,2025-12-27 20:20,C0430,P032,1,0.0,Livrée,PayPal
CMD06377,2025-12-27 20:36,C0788,P017,4,0.0,Livrée,Carte bancaire
CMD06378,2025-12-27 20:45,C0107,P009,1,0.0,Livrée,Carte bancaire
CMD06379,2025-12-27 21:05,C0050,P013,1,0.0,Livrée,PayPal
CMD06380,2025-12-27 21:15,C0136,P002,1,0.0,Retournée,Paiement en 3x
CMD06381,2025-12-27 21:18,C0329,P016,1,0.2,Livrée,Carte bancaire
CMD06382,2025-12-27 21:21,C1125,P001,1,0.2,Livrée,PayPal
CMD06383,2025-12-27 21:31,C0236,P013,1,0.1,Livrée,Carte bancaire
CMD06384,2025-12-27 21:56,C0050,P016,5,0.2,Livrée,Carte bancaire
CMD06385,2025-12-27 23:29,C0059,P016,1,0.1,Retournée,Carte bancaire
CMD06386,2025-12-28 07:04,C0044,P040,4,0.0,Livrée,Paiement en 3x
CMD06387,2025-12-28 07:30,C1099,P022,1,0.0,Livrée,Paiement en 3x
CMD06388,2025-12-28 07:47,C0845,P014,1,0.0,Annulée,Carte bancaire
CMD06389,2025-12-28 09:33,C0789,P027,1,0.2,Livrée,Carte bancaire
CMD06390,2025-12-28 09:56,C0663,P005,3,0.0,Livrée,Carte bancaire
CMD06391,2025-12-28 09:57,C0121,P033,4,0.0,Livrée,Carte bancaire
CMD06392,2025-12-28 10:48,C0993,P029,2,0.1,Livrée,Carte bancaire
CMD06393,2025-12-28 11:01,C0214,P009,1,0.0,Livrée,PayPal
CMD06394,2025-12-28 11:47,C0388,P021,1,0.0,Annulée,Virement
CMD06395,2025-12-28 12:23,C0335,P020,3,0.0,Livrée,Carte bancaire
CMD06396,2025-12-28 12:48,C0431,P040,4,0.0,Livrée,Carte bancaire
CMD06397,2025-12-28 12:56,C0849,P020,1,0.0,Livrée,Carte bancaire
CMD06398,2025-12-28 13:44,C0552,P007,2,0.0,Livrée,Paiement en 3x
CMD06399,2025-12-28 13:46,C0098,P028,4,0.0,Livrée,Paiement en 3x
CMD06400,2025-12-28 14:23,C1181,P016,2,0.0,Livrée,Carte bancaire
CMD06401,2025-12-28 15:21,C0707,P011,1,0.0,Livrée,Carte bancaire
CMD06402,2025-12-28 16:20,C0146,P017,1,0.0,Annulée,Carte bancaire
CMD06403,2025-12-28 16:46,C1145,P027,4,0.0,Livrée,Paiement en 3x
CMD06404,2025-12-28 17:49,C1040,P010,1,0.2,Livrée,Carte bancaire
CMD06405,2025-12-28 17:58,C1003,P008,1,0.0,Livrée,PayPal
CMD06406,2025-12-28 18:10,C1125,P039,2,0.0,Livrée,Carte bancaire
CMD06407,2025-12-28 18:14,C0886,P035,3,0.2,Livrée,Carte bancaire
CMD06408,2025-12-28 19:19,C0590,P027,1,0.1,Livrée,PayPal
CMD06409,2025-12-28 19:37,C0927,P019,1,0.0,Livrée,Carte bancaire
CMD06410,2025-12-28 19:42,C0712,P018,1,0.0,Livrée,PayPal
CMD06411,2025-12-28 19:51,C0576,P010,1,0.2,Livrée,Carte bancaire
CMD06412,2025-12-28 20:17,C1163,P003,1,0.0,Annulée,Carte bancaire
CMD06413,2025-12-28 20:19,C0789,P015,2,0.0,Livrée,Carte bancaire
CMD06414,2025-12-28 20:22,C1149,P034,1,0.0,Livrée,PayPal
CMD06415,2025-12-28 20:27,C0693,P008,1,0.0,Livrée,Carte bancaire
CMD06416,2025-12-28 22:55,C0337,P023,1,0.0,Livrée,Carte bancaire
CMD06417,2025-12-29 00:56,C0428,P016,2,0.1,Livrée,PayPal
CMD06418,2025-12-29 06:48,C0441,P033,1,0.0,Livrée,Carte bancaire
CMD06419,2025-12-29 08:29,C0944,P028,1,0.0,Livrée,Virement
CMD06420,2025-12-29 09:48,C0533,P030,1,0.0,Livrée,PayPal
CMD06421,2025-12-29 10:39,C0010,P017,2,0.0,Retournée,Carte bancaire
CMD06422,2025-12-29 11:40,C0047,P039,3,0.0,Livrée,Carte bancaire
CMD06423,2025-12-29 11:55,C0698,P020,4,0.0,Livrée,Carte bancaire
CMD06424,2025-12-29 12:38,C0402,P038,2,0.0,Livrée,PayPal
CMD06425,2025-12-29 12:56,C0173,P023,2,0.0,Livrée,Carte bancaire
CMD06426,2025-12-29 13:52,C1016,P013,1,0.0,Livrée,Carte bancaire
CMD06427,2025-12-29 14:43,C0543,P011,1,0.0,Livrée,PayPal
CMD06428,2025-12-29 15:01,C0552,P011,2,0.2,Livrée,Paiement en 3x
CMD06429,2025-12-29 15:15,C0073,P023,1,0.0,Livrée,Carte bancaire
CMD06430,2025-12-29 15:59,C0366,P012,1,0.0,Livrée,PayPal
CMD06431,2025-12-29 16:04,C0523,P007,1,0.0,Livrée,Paiement en 3x
CMD06432,2025-12-29 16:55,C0598,P018,1,0.0,Livrée,Carte bancaire
CMD06433,2025-12-29 18:15,C0413,P010,2,0.0,Annulée,Carte bancaire
CMD06434,2025-12-29 20:00,C0224,P026,1,0.1,Livrée,PayPal
CMD06435,2025-12-29 20:08,C0230,P030,1,0.0,Livrée,Carte bancaire
CMD06436,2025-12-29 20:37,C0202,P007,1,0.0,Livrée,Virement
CMD06437,2025-12-29 21:02,C0228,P019,2,0.0,Retournée,Carte bancaire
CMD06438,2025-12-29 21:18,C1075,P039,1,0.1,Livrée,Carte bancaire
CMD06439,2025-12-29 21:25,C0849,P004,1,0.1,Livrée,Paiement en 3x
CMD06440,2025-12-29 21:28,C0273,P017,1,0.0,Livrée,Virement
CMD06441,2025-12-29 22:18,C0942,P015,5,0.2,Retournée,Carte bancaire
CMD06442,2025-12-29 22:43,C0339,P007,1,0.1,Livrée,Carte bancaire
CMD06443,2025-12-30 06:10,C0737,P017,1,0.1,Livrée,Carte bancaire
CMD06444,2025-12-30 07:38,C0855,P008,1,0.0,Livrée,Paiement en 3x
CMD06445,2025-12-30 10:00,C0430,P018,2,0.1,Livrée,PayPal
CMD06446,2025-12-30 12:06,C0384,P001,1,0.0,Livrée,Carte bancaire
CMD06447,2025-12-30 12:34,C1007,P033,1,0.1,Livrée,Carte bancaire
CMD06448,2025-12-30 12:35,C0359,P036,1,0.0,Livrée,Carte bancaire
CMD06449,2025-12-30 13:00,C0118,P025,1,0.1,Livrée,Carte bancaire
CMD06450,2025-12-30 13:14,C0072,P033,1,0.0,Livrée,Carte bancaire
CMD06451,2025-12-30 14:04,C0384,P036,3,0.0,Livrée,PayPal
CMD06452,2025-12-30 14:50,C0255,P021,1,0.0,Annulée,Paiement en 3x
CMD06453,2025-12-30 17:28,C0244,P003,1,0.0,Livrée,PayPal
CMD06454,2025-12-30 17:33,C0381,P026,2,0.2,Annulée,Carte bancaire
CMD06455,2025-12-30 18:06,C1013,P012,1,0.0,Livrée,Carte bancaire
CMD06456,2025-12-30 18:19,C0600,P027,2,0.0,Livrée,Carte bancaire
CMD06457,2025-12-30 18:42,C0893,P034,1,0.0,Livrée,PayPal
CMD06458,2025-12-30 19:17,C0682,P017,1,0.0,Livrée,PayPal
CMD06459,2025-12-30 19:45,C0110,P040,1,0.0,Livrée,Carte bancaire
CMD06460,2025-12-30 20:00,C0854,P013,1,0.2,Livrée,Carte bancaire
CMD06461,2025-12-30 20:15,C0750,P005,2,0.2,Livrée,Paiement en 3x
CMD06462,2025-12-30 20:26,C0700,P015,1,0.0,Livrée,Carte bancaire
CMD06463,2025-12-30 20:30,C0889,P005,2,0.0,Livrée,Carte bancaire
CMD06464,2025-12-30 20:38,C0198,P013,2,0.0,Livrée,Carte bancaire
CMD06465,2025-12-30 20:59,C0938,P025,1,0.0,Retournée,Carte bancaire
CMD06466,2025-12-30 21:12,C0488,P006,1,0.1,Annulée,Carte bancaire
CMD06467,2025-12-30 21:15,C0430,P032,1,0.0,Retournée,Carte bancaire
CMD06468,2025-12-30 21:26,C0417,P014,1,0.0,Livrée,Carte bancaire
CMD06469,2025-12-30 22:32,C0384,P014,3,0.0,Livrée,Carte bancaire
CMD06470,2025-12-30 23:43,C1116,P023,1,0.0,Livrée,Carte bancaire
CMD06471,2025-12-31 00:54,C0041,P036,1,0.0,Livrée,Carte bancaire
CMD06472,2025-12-31 07:22,C0805,P030,1,0.0,Livrée,Carte bancaire
CMD06473,2025-12-31 08:18,C0046,P009,1,0.0,Livrée,Carte bancaire
CMD06474,2025-12-31 08:24,C0716,P009,1,0.2,Livrée,Carte bancaire
CMD06475,2025-12-31 08:37,C0918,P019,1,0.0,Livrée,Carte bancaire
CMD06476,2025-12-31 08:57,C0799,P039,2,0.0,Annulée,PayPal
CMD06477,2025-12-31 10:18,C0482,P040,3,0.2,Livrée,Carte bancaire
CMD06478,2025-12-31 10:38,C0362,P025,1,0.0,Livrée,Carte bancaire
CMD06479,2025-12-31 12:00,C0562,P029,1,0.0,Livrée,Carte bancaire
CMD06480,2025-12-31 12:25,C0167,P030,2,0.1,Livrée,Carte bancaire
CMD06481,2025-12-31 12:33,C0816,P022,1,0.0,Livrée,PayPal
CMD06482,2025-12-31 12:50,C0168,P019,3,0.0,Livrée,Carte bancaire
CMD06483,2025-12-31 13:11,C0879,P023,1,0.0,Livrée,Carte bancaire
CMD06484,2025-12-31 13:14,C0497,P015,2,0.2,Livrée,Carte bancaire
CMD06485,2025-12-31 13:25,C0303,P014,2,0.0,Livrée,Carte bancaire
CMD06486,2025-12-31 15:52,C0118,P011,1,0.0,Livrée,Carte bancaire
CMD06487,2025-12-31 17:34,C0217,P023,2,0.1,Livrée,Carte bancaire
CMD06488,2025-12-31 17:35,C0421,P014,2,0.0,Livrée,Carte bancaire
CMD06489,2025-12-31 17:44,C0454,P003,3,0.0,Livrée,Paiement en 3x
CMD06490,2025-12-31 18:07,C0489,P026,5,0.0,Livrée,Carte bancaire
CMD06491,2025-12-31 18:07,C0435,P007,1,0.0,Livrée,Carte bancaire
CMD06492,2025-12-31 18:27,C0323,P018,1,0.1,Retournée,Carte bancaire
CMD06493,2025-12-31 18:37,C0888,P015,1,0.0,Livrée,Carte bancaire
CMD06494,2025-12-31 18:37,C0010,P023,2,0.0,Livrée,Virement
CMD06495,2025-12-31 18:45,C0737,P023,2,0.0,Livrée,Paiement en 3x
CMD06496,2025-12-31 19:13,C0698,P028,1,0.0,Livrée,Carte bancaire
CMD06497,2025-12-31 19:28,C0144,P012,3,0.0,Retournée,Carte bancaire
CMD06498,2025-12-31 20:41,C0927,P026,1,0.2,Livrée,Carte bancaire
CMD06499,2025-12-31 21:17,C0069,P008,5,0.0,Livrée,Carte bancaire
CMD06500,2025-12-31 21:50,C0647,P017,1,0.2,Livrée,Carte bancaire
